request_key,attempt,raw_file,phase,utc_start,http_status,error,ok,latency_ms,response_id,model_snapshot,provider,input_tokens,output_tokens,cost,noul,choice,choice_confidence,score,score_confidence,p_DEFER,p_STANDARD,p_ACCELERATED,p_EMERGENCY,p_REVIEW,s_0,s_1,s_2,s_3,s_4
sast-015ebf3cc658909e51b44b45,1,sast-015ebf3cc658909e51b44b45__a1.json,secondary,2026-09-24T01:11:32.615+00:00,200,,True,166.8,gen-dec-1790212292-i2XD1aRpcKchPEIszIai,typesafe/jev-1.13-20260917,TypeSafe,1263,98,5.3046e-05,0.1,DEFER,0.89,0.35,0.71,0.91,0.03,0.0,0.0,0.06,0.69,0.28,0.03,0.0,0.0
sast-02939d7d6fe5f231b95c6f04,1,sast-02939d7d6fe5f231b95c6f04__a1.json,secondary,2026-09-24T01:12:38.369+00:00,200,,True,328.2,gen-dec-1790212358-dl2NTSUc04CO3tshh5lf,typesafe/jev-1.13-20260917,TypeSafe,1265,98,5.313e-05,0.16,DEFER,0.33,1.01,0.72,0.46,0.07,0.0,0.0,0.47000000000000003,0.16,0.67,0.17,0.0,0.0
sast-02c53908ebd1466033aaaf6f,1,sast-02c53908ebd1466033aaaf6f__a1.json,secondary,2026-09-24T01:10:50.069+00:00,200,,True,159.4,gen-dec-1790212250-ADzIvycXXnMVASDlleyd,typesafe/jev-1.13-20260917,TypeSafe,1241,100,5.2122e-05,0.75,ACCELERATED,0.63,3.42,0.59,0.0,0.02,0.71,0.26,0.01,0.0,0.0,0.03,0.51,0.46
sast-030de86236e71759c8f480f5,1,sast-030de86236e71759c8f480f5__a1.json,secondary,2026-09-24T01:11:59.414+00:00,200,,True,196.6,gen-dec-1790212319-nlfvNIKyz6kAqNpFhzL3,typesafe/jev-1.13-20260917,TypeSafe,1290,98,5.418e-05,0.07,DEFER,0.7,0.29,0.76,0.76,0.01,0.0,0.0,0.23,0.76,0.21,0.03,0.0,0.0
sast-033b1131ea0ea4417006b9f4,1,sast-033b1131ea0ea4417006b9f4__a1.json,secondary,2026-09-24T01:09:38.616+00:00,200,,True,175.6,gen-dec-1790212178-biD1o5A3xQ0Nl3aAe40L,typesafe/jev-1.13-20260917,TypeSafe,1244,98,5.2248e-05,0.16,DEFER,0.71,0.84,0.68,0.77,0.12,0.0,0.0,0.11,0.27,0.62,0.11,0.0,0.0
sast-038c7a657223ee58148ba689,1,sast-038c7a657223ee58148ba689__a1.json,secondary,2026-09-24T01:10:44.248+00:00,200,,True,186.2,gen-dec-1790212244-yIZK5y0hwkujJ8p6XvVG,typesafe/jev-1.13-20260917,TypeSafe,1243,100,5.2206e-05,0.46,ACCELERATED,0.41,2.65,0.71,0.01,0.39,0.53,0.0,0.07,0.0,0.01,0.34,0.65,0.0
sast-0485acf5268825b2bf7bbc05,1,sast-0485acf5268825b2bf7bbc05__a1.json,secondary,2026-09-24T01:10:35.430+00:00,200,,True,231.7,gen-dec-1790212235-F4IVL1NJyopedbJygQs4,typesafe/jev-1.13-20260917,TypeSafe,1274,99,5.3508e-05,0.4,STANDARD,0.19,2.09,0.43,0.23,0.35,0.18,0.01,0.23,0.04,0.22,0.45999999999999996,0.16,0.12
sast-04aa354e753bc8c1a1116bba,1,sast-04aa354e753bc8c1a1116bba__a1.json,secondary,2026-09-24T01:09:18.824+00:00,200,,True,183.4,gen-dec-1790212158-wesbO3wtDTY3mvb8kUUk,typesafe/jev-1.13-20260917,TypeSafe,1256,100,5.2752e-05,0.81,ACCELERATED,0.73,3.09,0.62,0.0,0.02,0.78,0.18,0.02,0.0,0.0,0.18,0.55,0.27
sast-062b92ea13089eb2fb8f966e,1,sast-062b92ea13089eb2fb8f966e__a1.json,secondary,2026-09-24T01:11:52.564+00:00,200,,True,330.8,gen-dec-1790212312-8ePSjWNkBjDbNrpiKm3v,typesafe/jev-1.13-20260917,TypeSafe,1256,98,5.2752e-05,0.14,DEFER,0.55,0.85,0.65,0.64,0.09,0.0,0.0,0.27,0.29,0.58,0.13,0.0,0.0
sast-084dfb3f7254aee4a21fe385,1,sast-084dfb3f7254aee4a21fe385__a1.json,secondary,2026-09-24T01:08:37.165+00:00,200,,True,203.1,gen-dec-1790212117-1cINMbLDoZ657ROOLS22,typesafe/jev-1.13-20260917,TypeSafe,1254,100,5.2668e-05,0.64,ACCELERATED,0.39,2.53,0.52,0.0,0.06,0.52,0.03,0.39,0.0,0.02,0.51,0.38,0.09
sast-084f5540894dde88e6555b3c,1,sast-084f5540894dde88e6555b3c__a1.json,secondary,2026-09-24T01:12:20.310+00:00,200,,True,182.4,gen-dec-1790212340-WuYimL4tKvvQzhqYLzMC,typesafe/jev-1.13-20260917,TypeSafe,1263,98,5.3046e-05,0.1,DEFER,0.96,0.17,0.86,0.97,0.0,0.0,0.0,0.03,0.84,0.15,0.01,0.0,0.0
sast-086e17bf414fe4e058ff9ae3,1,sast-086e17bf414fe4e058ff9ae3__a1.json,sast_main,2026-09-24T01:06:34.681+00:00,200,,True,200.2,gen-dec-1790211994-p0E87sq69bt91TyN5pz5,typesafe/jev-1.13-20260917,TypeSafe,1262,98,5.3004e-05,0.33,DEFER,0.28,1.68,0.55,0.42,0.22,0.05,0.0,0.31,0.06,0.3,0.54,0.09,0.01
sast-08cdcd5f52b88c44fa9585b1,1,sast-08cdcd5f52b88c44fa9585b1__a1.json,secondary,2026-09-24T01:12:36.107+00:00,200,,True,260.7,gen-dec-1790212356-7Mpswhmt7Nv5E776JqjZ,typesafe/jev-1.13-20260917,TypeSafe,1261,98,5.2962e-05,0.09,DEFER,0.89,0.27,0.77,0.92,0.01,0.0,0.0,0.07,0.73,0.26,0.01,0.0,0.0
sast-0a8a94811446ae646a682f61,1,sast-0a8a94811446ae646a682f61__a1.json,secondary,2026-09-24T01:12:08.805+00:00,200,,True,155.8,gen-dec-1790212328-F6aYI9s3vizjBj3VFhzv,typesafe/jev-1.13-20260917,TypeSafe,1273,99,5.3466e-05,0.31,STANDARD,0.32,1.77,0.67,0.28,0.46,0.08,0.0,0.18,0.02,0.28,0.62,0.08,0.0
sast-0ad0bbea6bbef7d3c5ccbe89,1,sast-0ad0bbea6bbef7d3c5ccbe89__a1.json,secondary,2026-09-24T01:08:49.496+00:00,200,,True,237.5,gen-dec-1790212129-4DX01tSCklKQp6NvlmOj,typesafe/jev-1.13-20260917,TypeSafe,1237,100,5.1954e-05,0.72,ACCELERATED,0.43,3.37,0.48,0.0,0.07,0.54,0.35,0.04,0.0,0.0,0.09,0.44,0.47
sast-0b1d0277a18f0ac440032822,1,sast-0b1d0277a18f0ac440032822__a1.json,sast_main,2026-09-24T01:06:03.152+00:00,200,,True,167.1,gen-dec-1790211963-AoSMlpRr6Mnlq3VoHs1q,typesafe/jev-1.13-20260917,TypeSafe,1243,99,5.2206e-05,0.34,STANDARD,0.24,1.77,0.71,0.32,0.39,0.06,0.0,0.23,0.03,0.23,0.68,0.06,0.0
sast-0b656e7375d1ae65e9277d9c,1,sast-0b656e7375d1ae65e9277d9c__a1.json,secondary,2026-09-24T01:09:01.531+00:00,200,,True,155.5,gen-dec-1790212141-uHP823NuhHODZeDgmYvt,typesafe/jev-1.13-20260917,TypeSafe,1259,98,5.2878e-05,0.16,DEFER,0.68,1.03,0.57,0.75,0.04,0.0,0.0,0.21,0.24,0.5,0.25,0.01,0.0
sast-0b7228f97c81ed460f7a8542,1,sast-0b7228f97c81ed460f7a8542__a1.json,secondary,2026-09-24T01:08:02.834+00:00,200,,True,153.1,gen-dec-1790212082-BiSv4J5Trk555ZxZ0qTE,typesafe/jev-1.13-20260917,TypeSafe,1230,99,5.166e-05,0.37,STANDARD,0.81,1.87,0.77,0.01,0.85,0.08,0.0,0.06,0.0,0.2,0.73,0.07,0.0
sast-0c13b22bf892c6253d33cba6,1,sast-0c13b22bf892c6253d33cba6__a1.json,sast_main,2026-09-24T01:06:48.719+00:00,200,,True,199.8,gen-dec-1790212008-qvePlVnsuxK4fOevBnKP,typesafe/jev-1.13-20260917,TypeSafe,1247,98,5.2374e-05,0.24,DEFER,0.54,1.22,0.33,0.64,0.05,0.02,0.0,0.29,0.29,0.33,0.28,0.09,0.01
sast-0ccf65fd77025f5bfdb9ae97,1,sast-0ccf65fd77025f5bfdb9ae97__a1.json,sast_main,2026-09-24T01:06:02.042+00:00,200,,True,141.9,gen-dec-1790211962-nLvxyDKDcrPXGsTjqKjI,typesafe/jev-1.13-20260917,TypeSafe,1240,100,5.208e-05,0.48,ACCELERATED,0.32,2.88,0.52,0.02,0.34,0.45,0.07,0.12,0.0,0.03,0.29,0.45,0.23
sast-0d187118da5339c19c1eedf7,1,sast-0d187118da5339c19c1eedf7__a1.json,secondary,2026-09-24T01:11:55.931+00:00,200,,True,348.0,gen-dec-1790212315-S3AWSP0tT7SuEQionFI2,typesafe/jev-1.13-20260917,TypeSafe,1256,98,5.2752e-05,0.21,DEFER,0.61,1.47,0.37,0.69,0.06,0.03,0.0,0.22,0.19,0.26,0.44,0.11,0.0
sast-0e7529d837073d63b73c50d8,1,sast-0e7529d837073d63b73c50d8__a1.json,sast_main,2026-09-24T01:06:26.512+00:00,200,,True,167.4,gen-dec-1790211986-SgL4fMMdUruIhVtkj9q7,typesafe/jev-1.13-20260917,TypeSafe,1241,98,5.2122e-05,0.17,DEFER,0.8,0.91,0.24,0.84,0.01,0.01,0.0,0.14,0.47,0.26,0.18,0.07,0.02
sast-0f1862027d62cee68644434e-rep1,1,sast-0f1862027d62cee68644434e-rep1__a1.json,secondary,2026-09-24T01:10:51.104+00:00,200,,True,201.1,gen-dec-1790212251-NlbVo4ruHCJdymRRpSZZ,typesafe/jev-1.13-20260917,TypeSafe,1234,100,5.1828e-05,0.88,EMERGENCY,0.55,3.54,0.62,0.0,0.01,0.34,0.64,0.01,0.0,0.0,0.06,0.34,0.6
sast-0f1862027d62cee68644434e-rep2,1,sast-0f1862027d62cee68644434e-rep2__a1.json,secondary,2026-09-24T01:09:03.637+00:00,200,,True,161.4,gen-dec-1790212143-tM6T8yfpui635nmIx9UN,typesafe/jev-1.13-20260917,TypeSafe,1234,100,5.1828e-05,0.87,EMERGENCY,0.61,3.58,0.65,0.0,0.01,0.29,0.69,0.01,0.0,0.0,0.05,0.31,0.64
sast-0f1862027d62cee68644434e-rep3,1,sast-0f1862027d62cee68644434e-rep3__a1.json,secondary,2026-09-24T01:11:24.546+00:00,200,,True,143.0,gen-dec-1790212284-nfNvrOUFnWDIMTKwEAFI,typesafe/jev-1.13-20260917,TypeSafe,1234,100,5.1828e-05,0.87,EMERGENCY,0.58,3.59,0.66,0.0,0.01,0.32,0.66,0.01,0.0,0.0,0.05,0.3,0.65
sast-0f1862027d62cee68644434e,1,sast-0f1862027d62cee68644434e__a1.json,sast_main,2026-09-24T01:06:25.948+00:00,200,,True,213.1,gen-dec-1790211985-kWQJtw9eVJM2FdOSeQwA,typesafe/jev-1.13-20260917,TypeSafe,1234,100,5.1828e-05,0.88,EMERGENCY,0.61,3.57,0.64,0.0,0.01,0.29,0.69,0.01,0.0,0.0,0.06,0.32,0.62
sast-10be9f0cf4d8cb4ef049e61e,1,sast-10be9f0cf4d8cb4ef049e61e__a1.json,secondary,2026-09-24T01:09:16.194+00:00,200,,True,171.0,gen-dec-1790212156-8qFIm031G00LwnKkI8RD,typesafe/jev-1.13-20260917,TypeSafe,1256,98,5.2752e-05,0.17,DEFER,0.72,1.08,0.6,0.78,0.05,0.0,0.0,0.17,0.2,0.54,0.25,0.01,0.0
sast-11c128aa70b7e9bc64344ad6,1,sast-11c128aa70b7e9bc64344ad6__a1.json,sast_main,2026-09-24T01:06:39.992+00:00,200,,True,152.5,gen-dec-1790211999-of5JXEppqVI5YCnXnOFw,typesafe/jev-1.13-20260917,TypeSafe,1256,98,5.2752e-05,0.06,DEFER,0.91,0.09,0.93,0.93,0.0,0.0,0.0,0.07,0.92,0.08,0.0,0.0,0.0
sast-128303a185da96dcba6fee90,1,sast-128303a185da96dcba6fee90__a1.json,sast_main,2026-09-24T01:06:43.613+00:00,200,,True,192.4,gen-dec-1790212003-pAycisV7LW7Nk6RqA4VP,typesafe/jev-1.13-20260917,TypeSafe,1226,100,5.1492e-05,0.73,ACCELERATED,0.44,2.88,0.51,0.01,0.14,0.55,0.24,0.05,0.0,0.03,0.28,0.45,0.24
sast-1508785f2db7fb8bf15492a6,1,sast-1508785f2db7fb8bf15492a6__a1.json,sast_main,2026-09-24T01:06:39.493+00:00,200,,True,148.7,gen-dec-1790211999-euuACoVJeXriAdf3BXrI,typesafe/jev-1.13-20260917,TypeSafe,1249,98,5.2458e-05,0.25,DEFER,0.69,1.46,0.51,0.75,0.1,0.01,0.0,0.14,0.07,0.41,0.5,0.02,0.0
sast-1644c9607b89e76281a7a034,1,sast-1644c9607b89e76281a7a034__a1.json,secondary,2026-09-24T01:09:45.237+00:00,200,,True,204.0,gen-dec-1790212185-FbLVKNW80pGnYbhELiIB,typesafe/jev-1.13-20260917,TypeSafe,1291,100,5.4222e-05,0.68,ACCELERATED,0.68,2.66,0.63,0.01,0.13,0.75,0.03,0.08,0.0,0.03,0.32,0.6,0.05
sast-1720da0f831867675591c962,1,sast-1720da0f831867675591c962__a1.json,secondary,2026-09-24T01:09:51.325+00:00,200,,True,147.5,gen-dec-1790212191-G8zyotmSOsCuqPdrQhh8,typesafe/jev-1.13-20260917,TypeSafe,1245,98,5.229e-05,0.19,DEFER,0.73,0.93,0.59,0.78,0.08,0.01,0.0,0.13,0.28,0.52,0.19,0.01,0.0
sast-190ac56fce133adfbd8a7f1e,1,sast-190ac56fce133adfbd8a7f1e__a1.json,secondary,2026-09-24T01:08:56.192+00:00,200,,True,146.8,gen-dec-1790212136-UMqoYHPhXKErobDJXJUP,typesafe/jev-1.13-20260917,TypeSafe,1250,98,5.25e-05,0.13,DEFER,0.95,0.42,0.65,0.96,0.02,0.0,0.0,0.02,0.67,0.24,0.09,0.0,0.0
sast-193cdbdf35de7ff245f93c07,1,sast-193cdbdf35de7ff245f93c07__a1.json,sast_main,2026-09-24T01:06:43.124+00:00,200,,True,137.9,gen-dec-1790212003-wMjI4F3CxIWjum36fO4V,typesafe/jev-1.13-20260917,TypeSafe,1242,98,5.2164e-05,0.11,DEFER,0.75,0.71,0.55,0.81,0.09,0.0,0.0,0.1,0.42,0.46,0.12,0.0,0.0
sast-1a136533fb413e226ab5f03f,1,sast-1a136533fb413e226ab5f03f__a1.json,secondary,2026-09-24T01:08:31.768+00:00,200,,True,175.2,gen-dec-1790212111-IWpCRIfd7uW5EKVSisNd,typesafe/jev-1.13-20260917,TypeSafe,1251,100,5.2542e-05,0.71,ACCELERATED,0.73,2.84,0.55,0.0,0.07,0.79,0.1,0.04,0.0,0.01,0.34,0.46,0.19
sast-1a949a63ee9efb82314864db,1,sast-1a949a63ee9efb82314864db__a1.json,secondary,2026-09-24T01:12:29.336+00:00,200,,True,212.4,gen-dec-1790212349-WPqom34v0VAP4EzDMLLb,typesafe/jev-1.13-20260917,TypeSafe,1242,98,5.2164e-05,0.12,DEFER,0.76,0.76,0.55,0.81,0.1,0.0,0.0,0.09,0.39,0.47,0.14,0.0,0.0
sast-1b3389db072ef6917e48e21c,1,sast-1b3389db072ef6917e48e21c__a1.json,secondary,2026-09-24T01:08:17.574+00:00,200,,True,183.8,gen-dec-1790212097-gGXfyndQ5IIVFNUJbHp9,typesafe/jev-1.13-20260917,TypeSafe,1252,98,5.2584e-05,0.14,DEFER,0.74,0.7,0.42,0.8,0.02,0.0,0.0,0.18,0.44,0.42,0.13,0.01,0.0
sast-1cb26b68633c22e97dbcf4f9,1,sast-1cb26b68633c22e97dbcf4f9__a1.json,secondary,2026-09-24T01:09:26.034+00:00,200,,True,160.7,gen-dec-1790212166-yotxjEp6YGCVwdZ8s1f7,typesafe/jev-1.13-20260917,TypeSafe,1239,100,5.2038e-05,0.39,ACCELERATED,0.32,2.72,0.48,0.01,0.34,0.46,0.05,0.14,0.0,0.07,0.3,0.45,0.18
sast-1d04a909e259c6b8b780f70f,1,sast-1d04a909e259c6b8b780f70f__a1.json,sast_main,2026-09-24T01:06:40.495+00:00,200,,True,188.6,gen-dec-1790212000-d5unRwLv33wMe7aQTfQi,typesafe/jev-1.13-20260917,TypeSafe,1239,100,5.2038e-05,0.51,ACCELERATED,0.62,2.57,0.55,0.0,0.19,0.7,0.04,0.07,0.0,0.03,0.42,0.5,0.05
sast-1d0e24f08131320a4feccb93,1,sast-1d0e24f08131320a4feccb93__a1.json,secondary,2026-09-24T01:13:01.032+00:00,200,,True,237.6,gen-dec-1790212381-mPAy4ymHtLrYLzMnkFth,typesafe/jev-1.13-20260917,TypeSafe,1240,98,5.208e-05,0.13,DEFER,0.82,0.39,0.67,0.86,0.01,0.0,0.0,0.13,0.65,0.31,0.03,0.01,0.0
sast-1dcad0eefa2d4f025b55a2de,1,sast-1dcad0eefa2d4f025b55a2de__a1.json,secondary,2026-09-24T01:08:34.424+00:00,200,,True,193.3,gen-dec-1790212114-h9svDHl6Qfkg1KqUIz35,typesafe/jev-1.13-20260917,TypeSafe,1248,98,5.2416e-05,0.06,DEFER,0.98,0.19,0.84,0.98,0.01,0.0,0.0,0.01,0.82,0.18,0.0,0.0,0.0
sast-1e9f7f46357573fb56adb0ee,1,sast-1e9f7f46357573fb56adb0ee__a1.json,secondary,2026-09-24T01:10:13.800+00:00,200,,True,283.3,gen-dec-1790212213-EAkSU9yPur3nW1CdfZHw,typesafe/jev-1.13-20260917,TypeSafe,1207,100,5.0694e-05,0.68,ACCELERATED,0.4,2.6,0.63,0.0,0.42,0.53,0.01,0.04,0.0,0.03,0.36,0.59,0.02
sast-1eafae3b6e43cec7ef0ef1ab,1,sast-1eafae3b6e43cec7ef0ef1ab__a1.json,sast_main,2026-09-24T01:06:34.168+00:00,200,,True,161.6,gen-dec-1790211994-OlTs6xXUQSc5lgd41r4m,typesafe/jev-1.13-20260917,TypeSafe,1265,100,5.313e-05,0.67,ACCELERATED,0.47,2.51,0.56,0.01,0.1,0.57,0.03,0.29,0.0,0.01,0.49,0.48,0.02
sast-1efe35290fc310899eac74c8,1,sast-1efe35290fc310899eac74c8__a1.json,secondary,2026-09-24T01:10:05.678+00:00,200,,True,215.9,gen-dec-1790212205-Q9dHfst1WxKX33c4PciM,typesafe/jev-1.13-20260917,TypeSafe,1291,98,5.4222e-05,0.11,DEFER,0.82,0.81,0.6,0.86,0.06,0.01,0.0,0.07,0.34,0.53,0.12,0.01,0.0
sast-1f2f08396368374683cd99b4,1,sast-1f2f08396368374683cd99b4__a1.json,secondary,2026-09-24T01:09:55.025+00:00,200,,True,186.6,gen-dec-1790212195-Mxlmw06TYy3DguTIjbwn,typesafe/jev-1.13-20260917,TypeSafe,1247,98,5.2374e-05,0.14,DEFER,0.77,0.92,0.5,0.81,0.11,0.0,0.0,0.07,0.34,0.41000000000000003,0.25,0.0,0.0
sast-20b46090d99263ac7d4eb41a,1,sast-20b46090d99263ac7d4eb41a__a1.json,sast_main,2026-09-24T01:05:55.206+00:00,200,,True,161.6,gen-dec-1790211955-nOwh2NUGpjn11Lv5JYyW,typesafe/jev-1.13-20260917,TypeSafe,1260,98,5.292e-05,0.07,DEFER,0.93,0.14,0.89,0.94,0.0,0.0,0.0,0.06,0.89,0.09,0.02,0.0,0.0
sast-20f05a4969b70040876772fc,1,sast-20f05a4969b70040876772fc__a1.json,secondary,2026-09-24T01:10:03.857+00:00,200,,True,365.3,gen-dec-1790212203-9Q0DjAuxaW4dCAUwacYB,typesafe/jev-1.13-20260917,TypeSafe,1252,99,5.2584e-05,0.39,STANDARD,0.62,2.11,0.71,0.04,0.7,0.16,0.0,0.1,0.0,0.12,0.65,0.23,0.0
sast-21581f8b9c656a8544065b84,1,sast-21581f8b9c656a8544065b84__a1.json,sast_main,2026-09-24T01:06:22.324+00:00,200,,True,160.5,gen-dec-1790211982-JViBA87mkdx5EOVzFN3n,typesafe/jev-1.13-20260917,TypeSafe,1236,100,5.1912e-05,0.69,ACCELERATED,0.37,2.42,0.47,0.01,0.37,0.49,0.06,0.07,0.0,0.11,0.38,0.48,0.03
sast-217f0f4b0f90f0c2948b8811,1,sast-217f0f4b0f90f0c2948b8811__a1.json,secondary,2026-09-24T01:10:16.888+00:00,200,,True,250.3,gen-dec-1790212216-BM74gBKVTwPj3TTTrGkj,typesafe/jev-1.13-20260917,TypeSafe,1255,99,5.271e-05,0.59,STANDARD,0.48,2.16,0.68,0.0,0.58,0.31,0.05,0.06,0.0,0.11,0.67,0.17,0.05
sast-22bdbb9bb4913e6528495851,1,sast-22bdbb9bb4913e6528495851__a1.json,secondary,2026-09-24T01:07:32.975+00:00,200,,True,164.7,gen-dec-1790212052-1Z2ODIydMdRND3WHRCaK,typesafe/jev-1.13-20260917,TypeSafe,1154,100,4.8468e-05,0.77,EMERGENCY,0.35,3.54,0.62,0.01,0.04,0.35,0.48,0.12,0.0,0.01,0.09,0.22,0.68
sast-235490f90818a9359671188d,1,sast-235490f90818a9359671188d__a1.json,secondary,2026-09-24T01:12:09.311+00:00,200,,True,278.3,gen-dec-1790212329-mi555Dm8iCnLSUgO7Syj,typesafe/jev-1.13-20260917,TypeSafe,1251,98,5.2542e-05,0.23,REVIEW,0.62,1.22,0.59,0.27,0.03,0.0,0.0,0.7,0.13,0.52,0.34,0.01,0.0
sast-239bf4687b42e0e03c2d377a,1,sast-239bf4687b42e0e03c2d377a__a1.json,secondary,2026-09-24T01:10:38.411+00:00,200,,True,249.4,gen-dec-1790212238-4hgyv1imqCNvvqrpNcA5,typesafe/jev-1.13-20260917,TypeSafe,1255,98,5.271e-05,0.24,DEFER,0.51,1.17,0.21,0.61,0.1,0.03,0.0,0.26,0.29,0.3,0.36,0.04,0.01
sast-23cd80f94f0e832d6d911024,1,sast-23cd80f94f0e832d6d911024__a1.json,sast_main,2026-09-24T01:06:06.862+00:00,200,,True,141.1,gen-dec-1790211966-TAd2Lx0UBHelYfuRATM9,typesafe/jev-1.13-20260917,TypeSafe,1247,99,5.2374e-05,0.27,STANDARD,0.69,1.75,0.67,0.02,0.75,0.14,0.0,0.09,0.01,0.31,0.61,0.07,0.0
sast-262f581e6513a8ff6150b6d6,1,sast-262f581e6513a8ff6150b6d6__a1.json,secondary,2026-09-24T01:11:12.269+00:00,200,,True,474.4,gen-dec-1790212272-dM5xRdpeIf6Nfr7ARwYg,typesafe/jev-1.13-20260917,TypeSafe,1256,98,5.2752e-05,0.13,DEFER,0.74,0.95,0.59,0.79,0.17,0.0,0.0,0.04,0.27,0.51,0.22,0.0,0.0
sast-2632ca6e27abd6b733b869e9,1,sast-2632ca6e27abd6b733b869e9__a1.json,secondary,2026-09-24T01:09:19.886+00:00,200,,True,238.7,gen-dec-1790212159-K5pSUqETRGSBYvTeAc0O,typesafe/jev-1.13-20260917,TypeSafe,1224,100,5.1408e-05,0.81,ACCELERATED,0.69,2.8,0.59,0.0,0.07,0.75,0.17,0.01,0.0,0.01,0.32,0.53,0.14
sast-26483b5b76c231e799950398,1,sast-26483b5b76c231e799950398__a1.json,sast_main,2026-09-24T01:06:27.709+00:00,200,,True,237.1,gen-dec-1790211987-l61i9BNFhQ807kNeb3cW,typesafe/jev-1.13-20260917,TypeSafe,1249,99,5.2458e-05,0.57,STANDARD,0.45,2.11,0.86,0.0,0.56,0.41,0.0,0.03,0.0,0.03,0.83,0.14,0.0
sast-2722df89836cb2e8aac958ac,1,sast-2722df89836cb2e8aac958ac__a1.json,sast_main,2026-09-24T01:06:52.932+00:00,200,,True,143.1,gen-dec-1790212012-QH8iKX2hLJ3l1NQGaG38,typesafe/jev-1.13-20260917,TypeSafe,1247,100,5.2374e-05,0.8,ACCELERATED,0.41,3.7,0.75,0.0,0.03,0.53,0.43,0.01,0.0,0.0,0.01,0.27,0.72
sast-27b6a61efc00f88eee4659a7-rep1,1,sast-27b6a61efc00f88eee4659a7-rep1__a1.json,secondary,2026-09-24T01:12:07.718+00:00,200,,True,189.4,gen-dec-1790212327-amyg5aUU0TqkZAwAbJYQ,typesafe/jev-1.13-20260917,TypeSafe,1245,98,5.229e-05,0.09,DEFER,0.98,0.46,0.61,0.98,0.01,0.0,0.0,0.01,0.59,0.36,0.05,0.0,0.0
sast-27b6a61efc00f88eee4659a7-rep2,1,sast-27b6a61efc00f88eee4659a7-rep2__a1.json,secondary,2026-09-24T01:08:17.077+00:00,200,,True,146.8,gen-dec-1790212097-AEMaAhanPzk4x97PluTU,typesafe/jev-1.13-20260917,TypeSafe,1245,98,5.229e-05,0.09,DEFER,0.98,0.4,0.66,0.99,0.0,0.0,0.0,0.01,0.64,0.32,0.04,0.0,0.0
sast-27b6a61efc00f88eee4659a7-rep3,1,sast-27b6a61efc00f88eee4659a7-rep3__a1.json,secondary,2026-09-24T01:10:41.382+00:00,200,,True,160.7,gen-dec-1790212241-yHdnfOtV4zT2PEJvnTaB,typesafe/jev-1.13-20260917,TypeSafe,1245,98,5.229e-05,0.1,DEFER,0.98,0.48,0.6,0.98,0.01,0.0,0.0,0.01,0.58,0.36,0.06,0.0,0.0
sast-27b6a61efc00f88eee4659a7,1,sast-27b6a61efc00f88eee4659a7__a1.json,sast_main,2026-09-24T01:06:41.034+00:00,200,,True,167.3,gen-dec-1790212001-8EsOSQ9uJVhgZ70Xgo8v,typesafe/jev-1.13-20260917,TypeSafe,1245,98,5.229e-05,0.1,DEFER,0.98,0.51,0.58,0.98,0.01,0.0,0.0,0.01,0.55,0.4,0.05,0.0,0.0
sast-27f9492bc60fcde9ef90a803,1,sast-27f9492bc60fcde9ef90a803__a1.json,secondary,2026-09-24T01:09:16.716+00:00,200,,True,166.4,gen-dec-1790212156-llGOV330UKEq2ECOQfxb,typesafe/jev-1.13-20260917,TypeSafe,1226,98,5.1492e-05,0.25,DEFER,0.49,1.27,0.44,0.59,0.16,0.03,0.0,0.22,0.2,0.4,0.35,0.05,0.0
sast-284040b48a39446b8741bb53,1,sast-284040b48a39446b8741bb53__a1.json,sast_main,2026-09-24T01:06:19.485+00:00,200,,True,237.9,gen-dec-1790211979-0Y1MEGEvKenRNzWcd9zX,typesafe/jev-1.13-20260917,TypeSafe,1242,99,5.2164e-05,0.42,STANDARD,0.62,2.02,0.83,0.01,0.69,0.26,0.0,0.04,0.0,0.09,0.8,0.11,0.0
sast-2950c3881469981873d8c107,1,sast-2950c3881469981873d8c107__a1.json,secondary,2026-09-24T01:11:47.141+00:00,200,,True,239.5,gen-dec-1790212307-iRXPPAmlyfdoxIM7LGXV,typesafe/jev-1.13-20260917,TypeSafe,1238,98,5.1996e-05,0.46,REVIEW,0.19,2.21,0.59,0.25,0.27,0.12,0.01,0.35,0.01,0.11,0.55,0.32,0.01
sast-2a0b5c5fecf3957d74748b5b,1,sast-2a0b5c5fecf3957d74748b5b__a1.json,secondary,2026-09-24T01:11:15.614+00:00,200,,True,210.4,gen-dec-1790212275-5bNtaffVcCdR8451cYRu,typesafe/jev-1.13-20260917,TypeSafe,1245,99,5.229e-05,0.21,STANDARD,0.83,1.37,0.67,0.07,0.86,0.01,0.0,0.06,0.01,0.63,0.35,0.01,0.0
sast-2b89621eab7515491e33820a,1,sast-2b89621eab7515491e33820a__a1.json,secondary,2026-09-24T01:09:10.228+00:00,200,,True,208.2,gen-dec-1790212150-E7DFqmp08k1HgDYfo56Y,typesafe/jev-1.13-20260917,TypeSafe,1254,100,5.2668e-05,0.49,ACCELERATED,0.23,2.55,0.48,0.03,0.35,0.37,0.06,0.19,0.0,0.06,0.42,0.43,0.09
sast-2c4c884b6214d413c2902f89,1,sast-2c4c884b6214d413c2902f89__a1.json,secondary,2026-09-24T01:09:05.961+00:00,200,,True,167.3,gen-dec-1790212145-aOcjQiBaQ6diSocwTfHE,typesafe/jev-1.13-20260917,TypeSafe,1261,98,5.2962e-05,0.08,DEFER,0.92,0.22,0.82,0.94,0.0,0.0,0.0,0.06,0.79,0.21,0.0,0.0,0.0
sast-2ca40ad0fd0ff39440222712,1,sast-2ca40ad0fd0ff39440222712__a1.json,secondary,2026-09-24T01:07:30.868+00:00,200,,True,183.0,gen-dec-1790212050-OSzxa2WEtpsoj4GZ30mK,typesafe/jev-1.13-20260917,TypeSafe,1254,99,5.2668e-05,0.35,STANDARD,0.56,1.98,0.67,0.06,0.66,0.14,0.0,0.14,0.01,0.19,0.62,0.18,0.0
sast-2d4b980ec3729976b93fb9d7,1,sast-2d4b980ec3729976b93fb9d7__a1.json,secondary,2026-09-24T01:08:36.613+00:00,200,,True,201.7,gen-dec-1790212116-gyXhyvUmiS0ZuWgT5xHz,typesafe/jev-1.13-20260917,TypeSafe,1247,98,5.2374e-05,0.23,DEFER,0.41,1.04,0.43,0.53,0.05,0.01,0.0,0.41,0.33,0.38,0.23,0.06,0.0
sast-2df5186e6b7fa27c3b08b0e8,1,sast-2df5186e6b7fa27c3b08b0e8__a1.json,secondary,2026-09-24T01:10:06.244+00:00,200,,True,227.2,gen-dec-1790212206-bQTjMq8mVGX10BOMmhsU,typesafe/jev-1.13-20260917,TypeSafe,1273,100,5.3466e-05,0.83,ACCELERATED,0.44,3.66,0.71,0.01,0.03,0.55,0.35,0.06,0.0,0.01,0.05,0.19,0.75
sast-2eb58dadad759b02167d452d,1,sast-2eb58dadad759b02167d452d__a1.json,secondary,2026-09-24T01:07:15.964+00:00,200,,True,169.6,gen-dec-1790212035-Y0apilcPMQtZwZkF7aRL,typesafe/jev-1.13-20260917,TypeSafe,1256,100,5.2752e-05,0.61,ACCELERATED,0.49,2.78,0.77,0.01,0.24,0.59,0.02,0.14,0.0,0.0,0.24,0.73,0.03
sast-2ecaa7e67dcfc2b446bd1918,1,sast-2ecaa7e67dcfc2b446bd1918__a1.json,sast_main,2026-09-24T01:06:13.421+00:00,200,,True,163.1,gen-dec-1790211973-LxDYMov9Us7wjKjh0HTi,typesafe/jev-1.13-20260917,TypeSafe,1243,98,5.2206e-05,0.1,DEFER,0.93,0.41,0.65,0.94,0.01,0.0,0.0,0.05,0.62,0.34,0.04,0.0,0.0
sast-2f251c91331a28310104bce4,1,sast-2f251c91331a28310104bce4__a1.json,secondary,2026-09-24T01:09:18.311+00:00,200,,True,162.2,gen-dec-1790212158-9FKL2Cj5xjRN9zI4sa9K,typesafe/jev-1.13-20260917,TypeSafe,1233,98,5.1786e-05,0.19,REVIEW,0.44,0.96,0.48,0.42,0.02,0.01,0.0,0.55,0.33,0.43,0.18,0.05,0.01
sast-3183d1caefbd0e81d8e7a64f,1,sast-3183d1caefbd0e81d8e7a64f__a1.json,secondary,2026-09-24T01:07:59.264+00:00,200,,True,150.9,gen-dec-1790212079-xhWwZG5uCQCMx1vSkQPE,typesafe/jev-1.13-20260917,TypeSafe,1243,99,5.2206e-05,0.31,STANDARD,0.74,2.24,0.65,0.01,0.79,0.11,0.01,0.08,0.0,0.09,0.6,0.29,0.02
sast-333fbcf4a2b7f53a03467ef6,1,sast-333fbcf4a2b7f53a03467ef6__a1.json,secondary,2026-09-24T01:07:30.337+00:00,200,,True,181.1,gen-dec-1790212050-eUjfzWC9DDEG4HpTzO5J,typesafe/jev-1.13-20260917,TypeSafe,1260,98,5.292e-05,0.23,REVIEW,0.39,1.29,0.43,0.41,0.06,0.02,0.0,0.51,0.19,0.4,0.34,0.06,0.01
sast-33c389afd2d10daf2a344c48-rep1,1,sast-33c389afd2d10daf2a344c48-rep1__a1.json,secondary,2026-09-24T01:09:20.475+00:00,200,,True,223.3,gen-dec-1790212160-ZNMHQ2KyEhSU3lI6FP83,typesafe/jev-1.13-20260917,TypeSafe,1246,98,5.2332e-05,0.34,DEFER,0.32,1.8,0.57,0.45,0.24,0.04,0.0,0.27,0.07,0.22,0.57,0.11,0.03
sast-33c389afd2d10daf2a344c48-rep2,1,sast-33c389afd2d10daf2a344c48-rep2__a1.json,secondary,2026-09-24T01:12:43.595+00:00,200,,True,316.7,gen-dec-1790212363-9qx4oK9PxKnlJxh3UlGS,typesafe/jev-1.13-20260917,TypeSafe,1246,98,5.2332e-05,0.34,DEFER,0.33,1.84,0.63,0.47000000000000003,0.25,0.04,0.0,0.24,0.05,0.2,0.63,0.1,0.02
sast-33c389afd2d10daf2a344c48-rep3,1,sast-33c389afd2d10daf2a344c48-rep3__a1.json,secondary,2026-09-24T01:08:32.809+00:00,200,,True,216.6,gen-dec-1790212112-GHVVWQg7eqjxojZ3Rxim,typesafe/jev-1.13-20260917,TypeSafe,1246,98,5.2332e-05,0.33,DEFER,0.43,1.79,0.62,0.54,0.22,0.04,0.0,0.2,0.06,0.21,0.62,0.09,0.02
sast-33c389afd2d10daf2a344c48,1,sast-33c389afd2d10daf2a344c48__a1.json,sast_main,2026-09-24T01:06:07.354+00:00,200,,True,156.0,gen-dec-1790211967-8UlC3P184ZKLIM3zkxnj,typesafe/jev-1.13-20260917,TypeSafe,1246,98,5.2332e-05,0.35,DEFER,0.47,1.77,0.57,0.58,0.2,0.03,0.0,0.19,0.07,0.23,0.58,0.1,0.02
sast-3451c92db24a97c15adeb5e3,1,sast-3451c92db24a97c15adeb5e3__a1.json,secondary,2026-09-24T01:10:11.892+00:00,200,,True,222.9,gen-dec-1790212211-x2YuWxcPYi487MKXBnjX,typesafe/jev-1.13-20260917,TypeSafe,1253,100,5.2626e-05,0.79,ACCELERATED,0.57,3.33,0.66,0.0,0.03,0.65,0.3,0.02,0.0,0.0,0.04,0.59,0.37
sast-347b2ad0a5d0b9ad1de3e65e,1,sast-347b2ad0a5d0b9ad1de3e65e__a1.json,secondary,2026-09-24T01:07:12.638+00:00,200,,True,259.0,gen-dec-1790212032-De1FazzXkJeJcdcMsPOP,typesafe/jev-1.13-20260917,TypeSafe,1260,98,5.292e-05,0.44,REVIEW,0.93,2.62,0.4,0.01,0.01,0.03,0.0,0.95,0.01,0.07,0.37,0.38,0.17
sast-350bc61ce8b483857ad8fab7,1,sast-350bc61ce8b483857ad8fab7__a1.json,sast_main,2026-09-24T01:06:56.120+00:00,200,,True,125.6,gen-dec-1790212016-G7xfnaTi18cPpQb86uqK,typesafe/jev-1.13-20260917,TypeSafe,1245,100,5.229e-05,0.94,EMERGENCY,0.76,3.97,0.97,0.0,0.0,0.19,0.81,0.0,0.0,0.0,0.0,0.03,0.97
sast-35b0ac59e13abf834613394c,1,sast-35b0ac59e13abf834613394c__a1.json,secondary,2026-09-24T01:11:30.294+00:00,200,,True,289.6,gen-dec-1790212290-z4TBdrQZE9PZBzXVpcRP,typesafe/jev-1.13-20260917,TypeSafe,1248,98,5.2416e-05,0.09,DEFER,0.93,0.35,0.71,0.95,0.01,0.0,0.0,0.04,0.7,0.26,0.04,0.0,0.0
sast-36eb1f32e06c6a7166cb98f0,1,sast-36eb1f32e06c6a7166cb98f0__a1.json,secondary,2026-09-24T01:09:55.562+00:00,200,,True,174.8,gen-dec-1790212195-8AjyJZO0DJDjJwh18UrB,typesafe/jev-1.13-20260917,TypeSafe,1223,100,5.1366e-05,0.68,ACCELERATED,0.47,2.73,0.5,0.01,0.21,0.58,0.14,0.06,0.0,0.03,0.36,0.44,0.17
sast-3758cdbc67212ecd97d15454,1,sast-3758cdbc67212ecd97d15454__a1.json,secondary,2026-09-24T01:09:32.687+00:00,200,,True,312.1,gen-dec-1790212172-wh4IRap0uNKta4Xqyj3q,typesafe/jev-1.13-20260917,TypeSafe,1255,99,5.271e-05,0.57,STANDARD,0.64,1.95,0.78,0.02,0.71,0.2,0.01,0.06,0.0,0.15,0.75,0.1,0.0
sast-37cbadde8d66f1849d641774,1,sast-37cbadde8d66f1849d641774__a1.json,secondary,2026-09-24T01:11:33.132+00:00,200,,True,182.6,gen-dec-1790212293-3trl3E99zMSUYYX6PMVj,typesafe/jev-1.13-20260917,TypeSafe,1256,98,5.2752e-05,0.26,DEFER,0.45,1.59,0.53,0.56,0.21,0.04,0.0,0.19,0.15,0.19,0.59,0.06,0.01
sast-383e14a56cc21793642a78d8,1,sast-383e14a56cc21793642a78d8__a1.json,secondary,2026-09-24T01:10:01.077+00:00,200,,True,196.0,gen-dec-1790212201-6t7082xnCK9IeGpemHdU,typesafe/jev-1.13-20260917,TypeSafe,1265,98,5.313e-05,0.15,REVIEW,0.61,0.82,0.71,0.27,0.04,0.0,0.0,0.69,0.27,0.65,0.08,0.0,0.0
sast-385ebd41412a4cc35bb7a64f,1,sast-385ebd41412a4cc35bb7a64f__a1.json,secondary,2026-09-24T01:13:01.620+00:00,200,,True,169.0,gen-dec-1790212381-NC8J1SY1EiSLwYHi79Ha,typesafe/jev-1.13-20260917,TypeSafe,1293,100,5.4306e-05,0.68,ACCELERATED,0.68,2.66,0.65,0.01,0.14,0.74,0.06,0.05,0.0,0.03,0.32,0.61,0.04
sast-38ce4172290aa816904f3372,1,sast-38ce4172290aa816904f3372__a1.json,sast_main,2026-09-24T01:05:56.838+00:00,200,,True,192.0,gen-dec-1790211956-OGTqVCVFFibwQNy4VkIr,typesafe/jev-1.13-20260917,TypeSafe,1244,98,5.2248e-05,0.29,DEFER,0.2,1.85,0.69,0.37,0.3,0.05,0.0,0.28,0.03,0.21,0.67,0.08,0.01
sast-3975632104c1f9514c04ea73,1,sast-3975632104c1f9514c04ea73__a1.json,secondary,2026-09-24T01:07:48.299+00:00,200,,True,230.3,gen-dec-1790212068-7XaffwQwNUrq0Ttkr8ZG,typesafe/jev-1.13-20260917,TypeSafe,1243,99,5.2206e-05,0.41,STANDARD,0.72,2.08,0.66,0.01,0.78,0.15,0.01,0.05,0.0,0.17,0.59,0.23,0.01
sast-3b4d553f9ba73c5684eecd4a,1,sast-3b4d553f9ba73c5684eecd4a__a1.json,secondary,2026-09-24T01:07:58.196+00:00,200,,True,196.2,gen-dec-1790212078-th5p5tozUPMXuwS1GxVs,typesafe/jev-1.13-20260917,TypeSafe,1256,98,5.2752e-05,0.3,DEFER,0.39,1.86,0.41,0.52,0.07,0.04,0.0,0.37,0.14,0.14,0.47,0.21,0.04
sast-3b543314025d8fe52125e2ac,1,sast-3b543314025d8fe52125e2ac__a1.json,sast_main,2026-09-24T01:06:37.303+00:00,200,,True,173.7,gen-dec-1790211997-EfgmI7InPyXbhyPTkVXq,typesafe/jev-1.13-20260917,TypeSafe,1259,99,5.2878e-05,0.31,STANDARD,0.42,1.71,0.7,0.03,0.54,0.09,0.0,0.34,0.0,0.32,0.65,0.03,0.0
sast-3bff3b853c8375cf7b14ceb1,1,sast-3bff3b853c8375cf7b14ceb1__a1.json,secondary,2026-09-24T01:10:01.624+00:00,200,,True,215.2,gen-dec-1790212201-wMzbZwgkT9UOLx8tcLyc,typesafe/jev-1.13-20260917,TypeSafe,1223,99,5.1366e-05,0.5,STANDARD,0.74,1.88,0.77,0.0,0.79,0.19,0.01,0.01,0.0,0.2,0.73,0.07,0.0
sast-3ca3e344f46eeae91f1f9a9a,1,sast-3ca3e344f46eeae91f1f9a9a__a1.json,secondary,2026-09-24T01:12:06.075+00:00,200,,True,179.4,gen-dec-1790212326-KeBgKXarZNumLCV4Gbh2,typesafe/jev-1.13-20260917,TypeSafe,1253,100,5.2626e-05,0.76,ACCELERATED,0.71,2.72,0.59,0.0,0.06,0.76,0.16,0.02,0.0,0.0,0.38,0.51,0.11
sast-3cb3a80a7608ad6a3f46a2ac,1,sast-3cb3a80a7608ad6a3f46a2ac__a1.json,secondary,2026-09-24T01:10:10.737+00:00,200,,True,206.2,gen-dec-1790212210-EJb3libpPg8xfHuZbjv3,typesafe/jev-1.13-20260917,TypeSafe,1256,98,5.2752e-05,0.22,DEFER,0.42,1.56,0.48,0.54,0.11,0.03,0.0,0.32,0.16,0.21,0.54,0.09,0.0
sast-3cdfd3bfa04a977c774a2c7c,1,sast-3cdfd3bfa04a977c774a2c7c__a1.json,sast_main,2026-09-24T01:06:57.093+00:00,200,,True,135.9,gen-dec-1790212017-otoXik8WLiHbjoKOOlI1,typesafe/jev-1.13-20260917,TypeSafe,1242,98,5.2164e-05,0.21,DEFER,0.4,1.3,0.54,0.52,0.24,0.03,0.0,0.21,0.13,0.48,0.36,0.03,0.0
sast-3cecacf225e121a6962abf68,1,sast-3cecacf225e121a6962abf68__a1.json,secondary,2026-09-24T01:10:19.421+00:00,200,,True,367.6,gen-dec-1790212219-NgzCGCHukr3D0zpeEyJI,typesafe/jev-1.13-20260917,TypeSafe,1162,98,4.8804e-05,0.1,DEFER,0.82,0.66,0.45,0.86,0.05,0.0,0.0,0.09,0.47,0.4,0.12,0.01,0.0
sast-3d97501ddbb65a4bfa2161ba,1,sast-3d97501ddbb65a4bfa2161ba__a1.json,secondary,2026-09-24T01:08:05.600+00:00,200,,True,169.4,gen-dec-1790212085-R48U2snce2IsaZWE9QoH,typesafe/jev-1.13-20260917,TypeSafe,1265,98,5.313e-05,0.21,DEFER,0.47,0.84,0.3,0.58,0.28,0.03,0.0,0.11,0.45,0.3,0.22,0.03,0.0
sast-3e4156e7a5d2bec3e7da9430,1,sast-3e4156e7a5d2bec3e7da9430__a1.json,secondary,2026-09-24T01:12:39.552+00:00,200,,True,171.3,gen-dec-1790212359-T3TaYBcsRDHowwl4yCmS,typesafe/jev-1.13-20260917,TypeSafe,1166,98,4.8972e-05,0.13,DEFER,0.62,1.02,0.75,0.7,0.1,0.0,0.0,0.2,0.14,0.72,0.13,0.01,0.0
sast-4113c15ce84a580b31f3ecfb,1,sast-4113c15ce84a580b31f3ecfb__a1.json,sast_main,2026-09-24T01:06:10.473+00:00,200,,True,421.0,gen-dec-1790211970-3Wh7wbo91kCUqvo5ju3R,typesafe/jev-1.13-20260917,TypeSafe,1231,100,5.1702e-05,0.79,EMERGENCY,0.36,3.32,0.56,0.0,0.03,0.44,0.49,0.04,0.0,0.0,0.09,0.48,0.43
sast-42f97fa314de62958be084a1,1,sast-42f97fa314de62958be084a1__a1.json,sast_main,2026-09-24T01:06:07.860+00:00,200,,True,176.6,gen-dec-1790211967-sIhOSuBJ6GriFmOqNmEa,typesafe/jev-1.13-20260917,TypeSafe,1246,100,5.2332e-05,0.6,ACCELERATED,0.57,2.88,0.42,0.01,0.17,0.65,0.1,0.07,0.0,0.05,0.31,0.35,0.29
sast-434523d9197ec78844b58942,1,sast-434523d9197ec78844b58942__a1.json,secondary,2026-09-24T01:08:00.771+00:00,200,,True,179.6,gen-dec-1790212080-C6E1hVXS0MZpcgnZwxwq,typesafe/jev-1.13-20260917,TypeSafe,1224,100,5.1408e-05,0.71,ACCELERATED,0.5,2.69,0.5,0.01,0.23,0.6,0.11,0.05,0.0,0.04,0.37,0.45,0.14
sast-43817f1c25b9f9a7dd344342,1,sast-43817f1c25b9f9a7dd344342__a1.json,secondary,2026-09-24T01:08:19.175+00:00,200,,True,155.7,gen-dec-1790212099-UJ5b7SHkqNUZLbkroOXX,typesafe/jev-1.13-20260917,TypeSafe,1269,100,5.3298e-05,0.61,ACCELERATED,0.36,2.43,0.48,0.03,0.34,0.48,0.02,0.13,0.01,0.09,0.44,0.4,0.06
sast-43d131c8baab5e7d006b6714,1,sast-43d131c8baab5e7d006b6714__a1.json,secondary,2026-09-24T01:09:22.153+00:00,200,,True,190.7,gen-dec-1790212162-xUA838IxgpLo1T6MvQ0b,typesafe/jev-1.13-20260917,TypeSafe,1254,98,5.2668e-05,0.27,REVIEW,0.73,1.89,0.55,0.13,0.07,0.02,0.0,0.78,0.06,0.21,0.53,0.18,0.02
sast-44c913855a3041ad09a62ada,1,sast-44c913855a3041ad09a62ada__a1.json,sast_main,2026-09-24T01:06:51.321+00:00,200,,True,178.6,gen-dec-1790212011-Pu65di9FFE5N57yXr6Ff,typesafe/jev-1.13-20260917,TypeSafe,1243,99,5.2206e-05,0.52,STANDARD,0.48,2.22,0.71,0.01,0.59,0.21,0.0,0.19,0.0,0.06,0.66,0.28,0.0
sast-44e33f48732c42e76caf1828,1,sast-44e33f48732c42e76caf1828__a1.json,secondary,2026-09-24T01:11:47.731+00:00,200,,True,286.1,gen-dec-1790212307-Qd77cOlzxCkF3W2XXB18,typesafe/jev-1.13-20260917,TypeSafe,1262,100,5.3004e-05,0.73,ACCELERATED,0.71,2.83,0.56,0.0,0.09,0.77,0.11,0.03,0.0,0.01,0.33,0.48,0.18
sast-465919ce0dce9c20ae7f8d06,1,sast-465919ce0dce9c20ae7f8d06__a1.json,sast_main,2026-09-24T01:06:50.782+00:00,200,,True,188.2,gen-dec-1790212010-Wkw18IltlyuzpyO08fqo,typesafe/jev-1.13-20260917,TypeSafe,1233,98,5.1786e-05,0.44,DEFER,0.14,2.23,0.26,0.32,0.27,0.17,0.01,0.23,0.06,0.16,0.33,0.4,0.05
sast-466a599a05933b5b4cc78b39,1,sast-466a599a05933b5b4cc78b39__a1.json,sast_main,2026-09-24T01:06:11.245+00:00,200,,True,143.4,gen-dec-1790211971-qCtYeXpmBGSSVJ8geesu,typesafe/jev-1.13-20260917,TypeSafe,1237,99,5.1954e-05,0.5,STANDARD,0.4,2.17,0.78,0.01,0.51,0.43,0.01,0.04,0.0,0.05,0.73,0.22,0.0
sast-46856cc1d4ca6833e686b0f2,1,sast-46856cc1d4ca6833e686b0f2__a1.json,secondary,2026-09-24T01:11:41.651+00:00,200,,True,187.0,gen-dec-1790212301-8o2O8FdLX9HAylRQK16G,typesafe/jev-1.13-20260917,TypeSafe,1265,98,5.313e-05,0.08,DEFER,0.78,0.38,0.69,0.83,0.03,0.0,0.0,0.14,0.66,0.3,0.04,0.0,0.0
sast-4692e978cfad629a12fa45a2,1,sast-4692e978cfad629a12fa45a2__a1.json,sast_main,2026-09-24T01:06:24.384+00:00,200,,True,170.8,gen-dec-1790211984-h1WREFZJw1ULNKwtI4qN,typesafe/jev-1.13-20260917,TypeSafe,1245,98,5.229e-05,0.41,DEFER,0.33,1.62,0.43,0.45999999999999996,0.18,0.04,0.0,0.32,0.08,0.37,0.44,0.07,0.04
sast-46b7dd0324d16ac8c7f7c907,1,sast-46b7dd0324d16ac8c7f7c907__a1.json,secondary,2026-09-24T01:12:29.899+00:00,200,,True,270.2,gen-dec-1790212349-u7vDtXPzo9chWsYyBp83,typesafe/jev-1.13-20260917,TypeSafe,1231,98,5.1702e-05,0.11,DEFER,0.69,0.3,0.75,0.75,0.01,0.0,0.0,0.24,0.75,0.22,0.03,0.0,0.0
sast-4795d9b60f872698dc1ed4e4,1,sast-4795d9b60f872698dc1ed4e4__a1.json,secondary,2026-09-24T01:11:10.556+00:00,200,,True,225.7,gen-dec-1790212270-urkXfeOmOrBY15QkjrTU,typesafe/jev-1.13-20260917,TypeSafe,1250,100,5.25e-05,0.74,ACCELERATED,0.75,2.86,0.56,0.0,0.05,0.81,0.11,0.03,0.0,0.01,0.32,0.48,0.19
sast-4850046fe7470416991f05e2,1,sast-4850046fe7470416991f05e2__a1.json,sast_main,2026-09-24T01:06:45.704+00:00,200,,True,199.4,gen-dec-1790212005-pnfIQtNDzJZYYoRkued9,typesafe/jev-1.13-20260917,TypeSafe,1261,98,5.2962e-05,0.13,DEFER,0.88,0.83,0.65,0.9,0.02,0.0,0.0,0.08,0.3,0.58,0.12,0.0,0.0
sast-49a5d0c2fdbe0261cf8c2ed0,1,sast-49a5d0c2fdbe0261cf8c2ed0__a1.json,sast_main,2026-09-24T01:06:31.489+00:00,200,,True,160.5,gen-dec-1790211991-bjvltb48wI0R7P8A80jo,typesafe/jev-1.13-20260917,TypeSafe,1258,99,5.2836e-05,0.21,STANDARD,0.66,1.71,0.65,0.02,0.73,0.05,0.0,0.2,0.0,0.35,0.59,0.06,0.0
sast-4a60cc182559329b88935f4c,1,sast-4a60cc182559329b88935f4c__a1.json,secondary,2026-09-24T01:08:51.219+00:00,200,,True,217.0,gen-dec-1790212131-mivyLhbtYnJ2ezOYmrWM,typesafe/jev-1.13-20260917,TypeSafe,1237,98,5.1954e-05,0.25,DEFER,0.71,1.47,0.51,0.77,0.09,0.01,0.0,0.13,0.06,0.43,0.48,0.03,0.0
sast-4b14db184a7af0875d10b65e,1,sast-4b14db184a7af0875d10b65e__a1.json,sast_main,2026-09-24T01:05:55.718+00:00,200,,True,202.8,gen-dec-1790211955-JEHX79Qql1GScpNhTRuK,typesafe/jev-1.13-20260917,TypeSafe,1240,100,5.208e-05,0.9,EMERGENCY,0.39,3.92,0.94,0.0,0.01,0.47,0.51,0.01,0.0,0.0,0.0,0.07,0.93
sast-4b643d27b60e34addd60b6b3,1,sast-4b643d27b60e34addd60b6b3__a1.json,sast_main,2026-09-24T01:06:30.492+00:00,200,,True,135.1,gen-dec-1790211990-l8BW7JOPPGezz8uiMVJL,typesafe/jev-1.13-20260917,TypeSafe,1254,100,5.2668e-05,0.47,ACCELERATED,0.28,2.86,0.42,0.02,0.27,0.42,0.08,0.21,0.01,0.08,0.23,0.4,0.28
sast-4c0d42f7633ad968de05a345,1,sast-4c0d42f7633ad968de05a345__a1.json,sast_main,2026-09-24T01:05:58.968+00:00,200,,True,173.9,gen-dec-1790211958-a1HbVufr7VTAF53qcZDu,typesafe/jev-1.13-20260917,TypeSafe,1254,100,5.2668e-05,0.35,ACCELERATED,0.19,2.04,0.54,0.02,0.27,0.35,0.02,0.34,0.01,0.23,0.49,0.25,0.02
sast-4c47ae4c772d95bf8eb44601,1,sast-4c47ae4c772d95bf8eb44601__a1.json,secondary,2026-09-24T01:12:06.605+00:00,200,,True,253.2,gen-dec-1790212326-QETLfqHbDQD5hlSJqwlL,typesafe/jev-1.13-20260917,TypeSafe,1247,98,5.2374e-05,0.07,DEFER,0.83,0.23,0.81,0.87,0.01,0.0,0.0,0.12,0.78,0.21,0.01,0.0,0.0
sast-4ca2d9010ab7f33906240b98,1,sast-4ca2d9010ab7f33906240b98__a1.json,secondary,2026-09-24T01:07:25.874+00:00,200,,True,181.4,gen-dec-1790212045-u61vQhnTYyOdgpmbofW2,typesafe/jev-1.13-20260917,TypeSafe,1245,98,5.229e-05,0.11,DEFER,0.68,0.79,0.73,0.75,0.06,0.0,0.0,0.19,0.27,0.68,0.04,0.0,0.0
sast-4ced604728a9aeeddc31acf2,1,sast-4ced604728a9aeeddc31acf2__a1.json,secondary,2026-09-24T01:10:32.787+00:00,200,,True,187.1,gen-dec-1790212232-4y8G7ZpnRjhkjEf0Y3FM,typesafe/jev-1.13-20260917,TypeSafe,1258,98,5.2836e-05,0.17,DEFER,0.72,1.07,0.54,0.78,0.03,0.0,0.0,0.19,0.24,0.47,0.27,0.02,0.0
sast-4d9614911f893f14272f2b71,1,sast-4d9614911f893f14272f2b71__a1.json,secondary,2026-09-24T01:11:36.508+00:00,200,,True,241.3,gen-dec-1790212296-H7o5vP68EKslB4TVszDI,typesafe/jev-1.13-20260917,TypeSafe,1245,100,5.229e-05,0.72,ACCELERATED,0.67,3.38,0.59,0.0,0.04,0.74,0.19,0.03,0.0,0.0,0.05,0.51,0.44
sast-4e2e27b2b80ea87dd8f57af3,1,sast-4e2e27b2b80ea87dd8f57af3__a1.json,secondary,2026-09-24T01:08:25.395+00:00,200,,True,191.7,gen-dec-1790212105-JcZ1KADmQXEzWBDHV0lO,typesafe/jev-1.13-20260917,TypeSafe,1242,100,5.2164e-05,0.79,ACCELERATED,0.81,2.73,0.61,0.0,0.03,0.86,0.1,0.01,0.0,0.0,0.36,0.54,0.1
sast-4ecbecba74d2688676702181,1,sast-4ecbecba74d2688676702181__a1.json,secondary,2026-09-24T01:08:02.326+00:00,200,,True,158.5,gen-dec-1790212082-fj29B1YMTpwcz4xoe7KD,typesafe/jev-1.13-20260917,TypeSafe,1258,98,5.2836e-05,0.14,DEFER,0.8,0.83,0.58,0.84,0.03,0.0,0.0,0.13,0.34,0.5,0.16,0.0,0.0
sast-4efc4f2a8458fd4b6dac4c1f,1,sast-4efc4f2a8458fd4b6dac4c1f__a1.json,secondary,2026-09-24T01:12:01.548+00:00,200,,True,163.3,gen-dec-1790212321-YFYPcKRaoUjBVjouz2cU,typesafe/jev-1.13-20260917,TypeSafe,1245,100,5.229e-05,0.59,ACCELERATED,0.7,3.09,0.74,0.0,0.11,0.76,0.09,0.04,0.0,0.0,0.11,0.69,0.2
sast-4f01da7880329585763041f1,1,sast-4f01da7880329585763041f1__a1.json,sast_main,2026-09-24T01:06:05.209+00:00,200,,True,272.0,gen-dec-1790211965-yY39ZxpALGb9aVvZJVkD,typesafe/jev-1.13-20260917,TypeSafe,1253,98,5.2626e-05,0.19,DEFER,0.78,0.8,0.34,0.83,0.01,0.0,0.0,0.16,0.45,0.32,0.19,0.03,0.01
sast-4f1693cccc61e1a8041acda4,1,sast-4f1693cccc61e1a8041acda4__a1.json,secondary,2026-09-24T01:10:50.579+00:00,200,,True,174.4,gen-dec-1790212250-D643Go7HnSnGC3LWF0kI,typesafe/jev-1.13-20260917,TypeSafe,1238,99,5.1996e-05,0.28,STANDARD,0.88,1.66,0.68,0.01,0.91,0.04,0.0,0.04,0.0,0.35,0.63,0.02,0.0
sast-4f71126a2751688aefa47dd3,1,sast-4f71126a2751688aefa47dd3__a1.json,sast_main,2026-09-24T01:06:01.555+00:00,200,,True,137.2,gen-dec-1790211961-iGoIXSHhPs5Okd7q5vrT,typesafe/jev-1.13-20260917,TypeSafe,1237,100,5.1954e-05,0.58,ACCELERATED,0.25,3.29,0.41,0.02,0.18,0.41000000000000003,0.21,0.18,0.01,0.02,0.18,0.26,0.53
sast-4f79182247d87e4dec18d2a7,1,sast-4f79182247d87e4dec18d2a7__a1.json,sast_main,2026-09-24T01:05:58.434+00:00,200,,True,183.3,gen-dec-1790211958-H3I4HHxfgRyP2POoDODS,typesafe/jev-1.13-20260917,TypeSafe,1245,98,5.229e-05,0.16,DEFER,0.74,0.7,0.42,0.8,0.01,0.0,0.0,0.19,0.47000000000000003,0.39,0.13,0.01,0.0
sast-4fcc8b0e32819db87595c247,1,sast-4fcc8b0e32819db87595c247__a1.json,secondary,2026-09-24T01:10:07.380+00:00,200,,True,216.5,gen-dec-1790212207-whdFm3gloplGu12yxnCq,typesafe/jev-1.13-20260917,TypeSafe,1258,98,5.2836e-05,0.13,DEFER,0.77,0.65,0.64,0.82,0.03,0.0,0.0,0.15,0.39,0.57,0.04,0.0,0.0
sast-509bb77ffa6ad6c515f86dd7,1,sast-509bb77ffa6ad6c515f86dd7__a1.json,secondary,2026-09-24T01:12:02.595+00:00,200,,True,269.1,gen-dec-1790212322-4gg876JnqkUgqAH6MvkE,typesafe/jev-1.13-20260917,TypeSafe,1242,100,5.2164e-05,0.85,EMERGENCY,0.41,3.92,0.94,0.0,0.02,0.44,0.53,0.01,0.0,0.0,0.01,0.05,0.94
sast-50b68b379402fc341d68e0f5,1,sast-50b68b379402fc341d68e0f5__a1.json,secondary,2026-09-24T01:07:34.013+00:00,200,,True,155.4,gen-dec-1790212054-g3CWHHosR4jJ77MLCIWw,typesafe/jev-1.13-20260917,TypeSafe,1251,100,5.2542e-05,0.59,ACCELERATED,0.18,2.83,0.83,0.11,0.28,0.34,0.01,0.25,0.0,0.0,0.18,0.8,0.02
sast-5108045c67fe02e46c930c96,1,sast-5108045c67fe02e46c930c96__a1.json,sast_main,2026-09-24T01:06:36.280+00:00,200,,True,181.5,gen-dec-1790211996-SdyPoa9uIIFpZn3VEVpq,typesafe/jev-1.13-20260917,TypeSafe,1226,100,5.1492e-05,0.76,ACCELERATED,0.65,2.85,0.77,0.01,0.17,0.72,0.04,0.06,0.0,0.02,0.16,0.76,0.06
sast-525e9cfe60d8ba81d4615651,1,sast-525e9cfe60d8ba81d4615651__a1.json,secondary,2026-09-24T01:12:33.253+00:00,200,,True,221.2,gen-dec-1790212353-Zrsafv6FrJpRg4Xw86DT,typesafe/jev-1.13-20260917,TypeSafe,1242,98,5.2164e-05,0.14,DEFER,0.52,0.4,0.67,0.62,0.01,0.0,0.0,0.37,0.66,0.28,0.05,0.0,0.0
sast-5273d217350b50e46a77313b,1,sast-5273d217350b50e46a77313b__a1.json,sast_main,2026-09-24T01:06:52.399+00:00,200,,True,182.2,gen-dec-1790212012-ZTpH1re4tYPjjRYhynea,typesafe/jev-1.13-20260917,TypeSafe,1219,100,5.1198e-05,0.72,ACCELERATED,0.44,2.69,0.69,0.0,0.4,0.55,0.01,0.04,0.0,0.02,0.3,0.65,0.03
sast-52c9afd15103c6c4bfd08937,1,sast-52c9afd15103c6c4bfd08937__a1.json,secondary,2026-09-24T01:10:42.496+00:00,200,,True,230.2,gen-dec-1790212242-0RrT10MhOeM8nsktxzGb,typesafe/jev-1.13-20260917,TypeSafe,1262,98,5.3004e-05,0.09,DEFER,0.92,0.21,0.82,0.94,0.0,0.0,0.0,0.06,0.81,0.18,0.01,0.0,0.0
sast-538c7b4637f1c5871ac7b11d,1,sast-538c7b4637f1c5871ac7b11d__a1.json,secondary,2026-09-24T01:12:48.259+00:00,200,,True,260.4,gen-dec-1790212368-HaLpRvYlnUO5gdW4tkvU,typesafe/jev-1.13-20260917,TypeSafe,1228,98,5.1576e-05,0.11,DEFER,0.87,0.39,0.68,0.9,0.01,0.0,0.0,0.09,0.66,0.3,0.04,0.0,0.0
sast-538f0085c93d3f8a70a4d607,1,sast-538f0085c93d3f8a70a4d607__a1.json,secondary,2026-09-24T01:09:38.081+00:00,200,,True,185.4,gen-dec-1790212178-N8Qqm1F4sD3tKk9zHJQf,typesafe/jev-1.13-20260917,TypeSafe,1252,100,5.2584e-05,0.58,ACCELERATED,0.68,2.79,0.78,0.0,0.21,0.74,0.02,0.03,0.0,0.0,0.23,0.74,0.03
sast-53dd1c9cfc0c4b2acdf47616,1,sast-53dd1c9cfc0c4b2acdf47616__a1.json,sast_main,2026-09-24T01:06:38.955+00:00,200,,True,187.0,gen-dec-1790211998-NsI6BAelO6ENLjp22cVq,typesafe/jev-1.13-20260917,TypeSafe,1252,100,5.2584e-05,0.51,ACCELERATED,0.38,2.74,0.52,0.01,0.3,0.5,0.08,0.11,0.0,0.02,0.37,0.45,0.16
sast-5474979ca4f57bb14f2517ce,1,sast-5474979ca4f57bb14f2517ce__a1.json,secondary,2026-09-24T01:12:09.940+00:00,200,,True,208.2,gen-dec-1790212329-PaIo2HDrTBP3lIzz27sg,typesafe/jev-1.13-20260917,TypeSafe,1230,99,5.166e-05,0.55,STANDARD,0.58,2.33,0.64,0.0,0.66,0.27,0.01,0.05,0.0,0.05,0.59,0.34,0.02
sast-55399cf997c0f3efb7f6bb4f,1,sast-55399cf997c0f3efb7f6bb4f__a1.json,secondary,2026-09-24T01:08:45.915+00:00,200,,True,198.7,gen-dec-1790212125-IcqxNEfquNNFdOK12Xol,typesafe/jev-1.13-20260917,TypeSafe,1258,98,5.2836e-05,0.21,DEFER,0.5,1.4,0.37,0.6,0.08,0.03,0.0,0.29,0.22,0.24,0.47,0.07,0.0
sast-5551dac5fee364b063141a4c,1,sast-5551dac5fee364b063141a4c__a1.json,secondary,2026-09-24T01:10:06.822+00:00,200,,True,207.6,gen-dec-1790212206-32trXeLWtb3aM1kHmKzi,typesafe/jev-1.13-20260917,TypeSafe,1242,100,5.2164e-05,0.67,ACCELERATED,0.24,2.83,0.42,0.01,0.37,0.39,0.16,0.07,0.0,0.08,0.28,0.38,0.26
sast-5552930978f8a461740e79ce,1,sast-5552930978f8a461740e79ce__a1.json,sast_main,2026-09-24T01:06:18.459+00:00,200,,True,135.3,gen-dec-1790211978-Elmyx7QihkuSkQX5Lgxk,typesafe/jev-1.13-20260917,TypeSafe,1263,98,5.3046e-05,0.17,DEFER,0.68,0.96,0.7,0.75,0.13,0.0,0.0,0.12,0.2,0.65,0.15,0.0,0.0
sast-55a2599bd16ffe4aaef485b1,1,sast-55a2599bd16ffe4aaef485b1__a1.json,secondary,2026-09-24T01:08:03.907+00:00,200,,True,170.7,gen-dec-1790212083-peWsXS5ApTYpXF0yexT9,typesafe/jev-1.13-20260917,TypeSafe,1232,99,5.1744e-05,0.33,STANDARD,0.6,2.06,0.82,0.01,0.68,0.23,0.0,0.07,0.0,0.07,0.79,0.14,0.0
sast-56572c8879c43dd03e19836b,1,sast-56572c8879c43dd03e19836b__a1.json,secondary,2026-09-24T01:08:47.028+00:00,200,,True,198.6,gen-dec-1790212127-1Sl7XvYA3lIZgdYQ9zdx,typesafe/jev-1.13-20260917,TypeSafe,1235,98,5.187e-05,0.21,DEFER,0.6,1.2,0.33,0.68,0.06,0.02,0.0,0.24,0.3,0.32,0.26,0.1,0.02
sast-56655c94744d118a0986533f,1,sast-56655c94744d118a0986533f__a1.json,secondary,2026-09-24T01:10:48.141+00:00,200,,True,229.6,gen-dec-1790212248-eSJsjpEgnhomkvvhb2HA,typesafe/jev-1.13-20260917,TypeSafe,1264,98,5.3088e-05,0.16,DEFER,0.49,0.91,0.24,0.58,0.29,0.02,0.0,0.11,0.4,0.32,0.26,0.02,0.0
sast-5858bc67c997939743da1ba3,1,sast-5858bc67c997939743da1ba3__a1.json,secondary,2026-09-24T01:11:44.901+00:00,200,,True,207.9,gen-dec-1790212304-ubJmQ6ZVsOihxpUVB0De,typesafe/jev-1.13-20260917,TypeSafe,1253,98,5.2626e-05,0.11,DEFER,0.66,0.47,0.61,0.73,0.01,0.0,0.0,0.26,0.65,0.24,0.1,0.01,0.0
sast-587b14f3bf724533ee3a58d8,1,sast-587b14f3bf724533ee3a58d8__a1.json,secondary,2026-09-24T01:08:42.260+00:00,200,,True,148.0,gen-dec-1790212122-0gPD6SNNPArwPmWZnSZU,typesafe/jev-1.13-20260917,TypeSafe,1273,98,5.3466e-05,0.19,REVIEW,0.34,1.6,0.22,0.29,0.16,0.07,0.01,0.47,0.21,0.25,0.34,0.13,0.07
sast-58b206fd4c39f7a53e8d56d3,1,sast-58b206fd4c39f7a53e8d56d3__a1.json,secondary,2026-09-24T01:12:01.018+00:00,200,,True,180.1,gen-dec-1790212321-6D4v53tC1JHSv3jQ4gDr,typesafe/jev-1.13-20260917,TypeSafe,1270,98,5.334e-05,0.39,REVIEW,0.46,2.0,0.34,0.05,0.19,0.15,0.03,0.58,0.11,0.18,0.38,0.27,0.06
sast-5a3aa78d97af779784705a5e,1,sast-5a3aa78d97af779784705a5e__a1.json,secondary,2026-09-24T01:09:09.737+00:00,200,,True,140.5,gen-dec-1790212149-H5viljRDNQxvWdcHCnig,typesafe/jev-1.13-20260917,TypeSafe,1248,98,5.2416e-05,0.09,DEFER,0.91,0.3,0.75,0.93,0.02,0.0,0.0,0.05,0.74,0.23,0.03,0.0,0.0
sast-5a4ca37220aba60c887607b4,1,sast-5a4ca37220aba60c887607b4__a1.json,secondary,2026-09-24T01:09:50.094+00:00,200,,True,164.1,gen-dec-1790212190-Udz9efWpBV4Ty8P3JzNU,typesafe/jev-1.13-20260917,TypeSafe,1243,100,5.2206e-05,0.59,ACCELERATED,0.71,3.12,0.74,0.0,0.12,0.77,0.06,0.05,0.0,0.0,0.09,0.69,0.22
sast-5b2e573a9fc91cd7c2353610,1,sast-5b2e573a9fc91cd7c2353610__a1.json,sast_main,2026-09-24T01:06:14.586+00:00,200,,True,262.6,gen-dec-1790211974-M7FctQ0lq34EUYqIciXr,typesafe/jev-1.13-20260917,TypeSafe,1252,98,5.2584e-05,0.18,DEFER,0.78,0.63,0.47,0.84,0.01,0.0,0.0,0.15,0.57,0.25,0.17,0.01,0.0
sast-5bdfcc8f41c2ce80c5b2cb55,1,sast-5bdfcc8f41c2ce80c5b2cb55__a1.json,secondary,2026-09-24T01:09:15.673+00:00,200,,True,170.6,gen-dec-1790212155-rxcRzaUDNtK7XcO0N2FN,typesafe/jev-1.13-20260917,TypeSafe,1207,100,5.0694e-05,0.75,ACCELERATED,0.6,2.95,0.75,0.0,0.26,0.68,0.03,0.02,0.0,0.01,0.14,0.73,0.12
sast-5c90118ee5bd3d2240df7197,1,sast-5c90118ee5bd3d2240df7197__a1.json,sast_main,2026-09-24T01:06:37.827+00:00,200,,True,150.9,gen-dec-1790211997-CNDzYU1f8sKYwGNL46eR,typesafe/jev-1.13-20260917,TypeSafe,1230,100,5.166e-05,0.58,ACCELERATED,0.39,2.45,0.52,0.0,0.42,0.52,0.01,0.05,0.0,0.05,0.46,0.48,0.01
sast-5d37b5d7d46051ab51f33fe1,1,sast-5d37b5d7d46051ab51f33fe1__a1.json,secondary,2026-09-24T01:07:57.178+00:00,200,,True,172.9,gen-dec-1790212077-d6em0COPRqp5nfr0bDOi,typesafe/jev-1.13-20260917,TypeSafe,1248,98,5.2416e-05,0.07,DEFER,0.96,0.14,0.89,0.97,0.0,0.0,0.0,0.03,0.87,0.12,0.01,0.0,0.0
sast-5d570f07a13885ea4117c703,1,sast-5d570f07a13885ea4117c703__a1.json,sast_main,2026-09-24T01:05:54.710+00:00,200,,True,145.1,gen-dec-1790211954-Ad34UDjidBoMlsXmEun8,typesafe/jev-1.13-20260917,TypeSafe,1255,98,5.271e-05,0.55,REVIEW,0.52,2.79,0.0,0.03,0.03,0.15,0.17,0.62,0.04,0.13,0.21,0.24,0.38
sast-5d87945928b57d76929b006a,1,sast-5d87945928b57d76929b006a__a1.json,sast_main,2026-09-24T01:06:29.932+00:00,200,,True,209.5,gen-dec-1790211989-2kwal8VmvgtNgAdbefjR,typesafe/jev-1.13-20260917,TypeSafe,1234,100,5.1828e-05,0.85,ACCELERATED,0.39,3.42,0.61,0.0,0.01,0.51,0.48,0.0,0.0,0.0,0.02,0.53,0.45
sast-5ea85ee3a5977e6b7be392f3,1,sast-5ea85ee3a5977e6b7be392f3__a1.json,secondary,2026-09-24T01:08:37.719+00:00,200,,True,275.5,gen-dec-1790212117-bbltqlHPxQLCzmQpvhHD,typesafe/jev-1.13-20260917,TypeSafe,1223,100,5.1366e-05,0.71,ACCELERATED,0.42,3.06,0.44,0.01,0.19,0.53,0.22,0.05,0.0,0.05,0.2,0.38,0.37
sast-5f205730e1da59c6a32a457d,1,sast-5f205730e1da59c6a32a457d__a1.json,secondary,2026-09-24T01:13:06.623+00:00,200,,True,174.8,gen-dec-1790212386-4X9rNJv4shxf2BoO2Eag,typesafe/jev-1.13-20260917,TypeSafe,1257,98,5.2794e-05,0.14,DEFER,0.47,0.77,0.51,0.57,0.27,0.02,0.0,0.14,0.41,0.43,0.15,0.01,0.0
sast-5ffeafe8e00feafe50144b59,1,sast-5ffeafe8e00feafe50144b59__a1.json,secondary,2026-09-24T01:07:15.416+00:00,200,,True,197.0,gen-dec-1790212035-aZEJA9gLyVZYSGFmCTJ8,typesafe/jev-1.13-20260917,TypeSafe,1274,98,5.3508e-05,0.37,REVIEW,0.41,1.84,0.37,0.04,0.3,0.12,0.01,0.53,0.16,0.14,0.39999999999999997,0.29,0.01
sast-625498a557cc8d4562ca3c33,1,sast-625498a557cc8d4562ca3c33__a1.json,sast_main,2026-09-24T01:06:25.436+00:00,200,,True,161.6,gen-dec-1790211985-WYlU0KZIGJQK5TT3p5ZA,typesafe/jev-1.13-20260917,TypeSafe,1250,99,5.25e-05,0.49,STANDARD,0.47,2.26,0.64,0.03,0.58,0.32,0.01,0.06,0.0,0.08,0.58,0.33,0.01
sast-638d6f566b5de702fc632079,1,sast-638d6f566b5de702fc632079__a1.json,secondary,2026-09-24T01:12:55.015+00:00,200,,True,189.6,gen-dec-1790212375-PIs7Jf5PNaZTLjwMVsCN,typesafe/jev-1.13-20260917,TypeSafe,1254,99,5.2668e-05,0.21,STANDARD,0.68,1.27,0.73,0.1,0.75,0.01,0.0,0.14,0.03,0.69,0.26,0.02,0.0
sast-63d7b456de42782669f72e2f,1,sast-63d7b456de42782669f72e2f__a1.json,sast_main,2026-09-24T01:06:08.387+00:00,200,,True,181.3,gen-dec-1790211968-fGCII4dkljQKwodl4OuW,typesafe/jev-1.13-20260917,TypeSafe,1257,98,5.2794e-05,0.16,DEFER,0.69,0.58,0.52,0.75,0.06,0.0,0.0,0.19,0.49,0.44,0.07,0.0,0.0
sast-6408c8342e846e7b305ccb13-rep1,1,sast-6408c8342e846e7b305ccb13-rep1__a1.json,secondary,2026-09-24T01:08:20.168+00:00,200,,True,141.8,gen-dec-1790212100-7l2qOpYBaXk5QoBBLopl,typesafe/jev-1.13-20260917,TypeSafe,1244,100,5.2248e-05,0.56,ACCELERATED,0.44,2.76,0.79,0.01,0.36,0.56,0.01,0.06,0.0,0.01,0.23,0.75,0.01
sast-6408c8342e846e7b305ccb13-rep2,1,sast-6408c8342e846e7b305ccb13-rep2__a1.json,secondary,2026-09-24T01:08:33.376+00:00,200,,True,212.0,gen-dec-1790212113-8QUvcJF6EulEiedKXYk5,typesafe/jev-1.13-20260917,TypeSafe,1244,100,5.2248e-05,0.54,ACCELERATED,0.42,2.72,0.75,0.01,0.37,0.54,0.01,0.07,0.0,0.01,0.27,0.71,0.01
sast-6408c8342e846e7b305ccb13-rep3,1,sast-6408c8342e846e7b305ccb13-rep3__a1.json,secondary,2026-09-24T01:07:14.341+00:00,200,,True,219.6,gen-dec-1790212034-GrcXBaSnrd5sMphtPJaS,typesafe/jev-1.13-20260917,TypeSafe,1244,100,5.2248e-05,0.59,ACCELERATED,0.52,2.78,0.8,0.01,0.29,0.61,0.02,0.07,0.0,0.01,0.22,0.76,0.01
sast-6408c8342e846e7b305ccb13,1,sast-6408c8342e846e7b305ccb13__a1.json,sast_main,2026-09-24T01:06:42.093+00:00,200,,True,203.0,gen-dec-1790212002-gnvofmoH1EntAee9K5F1,typesafe/jev-1.13-20260917,TypeSafe,1244,100,5.2248e-05,0.58,ACCELERATED,0.5,2.79,0.81,0.01,0.31,0.61,0.01,0.06,0.0,0.0,0.21,0.78,0.01
sast-64a72a6908615583d069ac4b,1,sast-64a72a6908615583d069ac4b__a1.json,secondary,2026-09-24T01:12:23.587+00:00,200,,True,181.0,gen-dec-1790212343-ZKdOcuZg9bw6Kf7mOJlk,typesafe/jev-1.13-20260917,TypeSafe,1240,100,5.208e-05,0.83,ACCELERATED,0.43,3.83,0.86,0.0,0.02,0.55,0.42,0.01,0.0,0.0,0.01,0.14,0.85
sast-64ddb88e831d44d18ae4719d,1,sast-64ddb88e831d44d18ae4719d__a1.json,secondary,2026-09-24T01:11:18.457+00:00,200,,True,191.3,gen-dec-1790212278-xaPl0aG7nSSgOmeUvZcX,typesafe/jev-1.13-20260917,TypeSafe,1259,98,5.2878e-05,0.13,DEFER,0.81,0.59,0.51,0.85,0.09,0.0,0.0,0.06,0.49,0.42,0.09,0.0,0.0
sast-655c77948e131375d1b45557,1,sast-655c77948e131375d1b45557__a1.json,secondary,2026-09-24T01:11:00.654+00:00,200,,True,189.0,gen-dec-1790212260-KLZy1pbamxGLeZIqMDmT,typesafe/jev-1.13-20260917,TypeSafe,1276,98,5.3592e-05,0.05,DEFER,0.7,0.07,0.94,0.76,0.01,0.0,0.0,0.23,0.95,0.05,0.0,0.0,0.0
sast-656063d8be8a89bfb80ec9f5,1,sast-656063d8be8a89bfb80ec9f5__a1.json,secondary,2026-09-24T01:08:46.465+00:00,200,,True,212.8,gen-dec-1790212126-jHX0Pt9pSwy5DNu23S49,typesafe/jev-1.13-20260917,TypeSafe,1253,98,5.2626e-05,0.2,DEFER,0.39,1.42,0.25,0.51,0.12,0.04,0.0,0.33,0.22,0.29,0.34,0.13,0.02
sast-6583dfd5a71c97d892b9f33c-rep1,1,sast-6583dfd5a71c97d892b9f33c-rep1__a1.json,secondary,2026-09-24T01:11:20.116+00:00,200,,True,214.7,gen-dec-1790212280-Wvq4OiHGFzZGUvHeqj3K,typesafe/jev-1.13-20260917,TypeSafe,1254,100,5.2668e-05,0.54,ACCELERATED,0.25,2.66,0.5,0.02,0.35,0.4,0.12,0.11,0.0,0.04,0.39,0.44,0.13
sast-6583dfd5a71c97d892b9f33c-rep2,1,sast-6583dfd5a71c97d892b9f33c-rep2__a1.json,secondary,2026-09-24T01:09:40.738+00:00,200,,True,229.6,gen-dec-1790212180-FGytoPcOFfGCAEIwrPJv,typesafe/jev-1.13-20260917,TypeSafe,1254,100,5.2668e-05,0.53,ACCELERATED,0.23,2.73,0.5,0.02,0.38,0.38,0.1,0.12,0.0,0.04,0.36,0.44,0.16
sast-6583dfd5a71c97d892b9f33c-rep3,1,sast-6583dfd5a71c97d892b9f33c-rep3__a1.json,secondary,2026-09-24T01:12:28.091+00:00,200,,True,332.2,gen-dec-1790212348-OhANLkLAM1lgWmF6R3Hd,typesafe/jev-1.13-20260917,TypeSafe,1254,100,5.2668e-05,0.54,ACCELERATED,0.25,2.77,0.52,0.02,0.39,0.39,0.1,0.1,0.0,0.03,0.35,0.45,0.17
sast-6583dfd5a71c97d892b9f33c,1,sast-6583dfd5a71c97d892b9f33c__a1.json,sast_main,2026-09-24T01:06:50.269+00:00,200,,True,163.0,gen-dec-1790212010-IPCyDkX2euovMjoAgXTS,typesafe/jev-1.13-20260917,TypeSafe,1254,100,5.2668e-05,0.52,ACCELERATED,0.25,2.69,0.51,0.02,0.36,0.4,0.12,0.1,0.0,0.03,0.38,0.45,0.14
sast-6608a3c6b923f6e7f967cfc7,1,sast-6608a3c6b923f6e7f967cfc7__a1.json,secondary,2026-09-24T01:09:28.333+00:00,200,,True,201.0,gen-dec-1790212168-Ug3wahPUzuGZ8YAoKpdr,typesafe/jev-1.13-20260917,TypeSafe,1276,100,5.3592e-05,0.76,ACCELERATED,0.47,3.31,0.55,0.01,0.03,0.57,0.3,0.09,0.0,0.0,0.1,0.47000000000000003,0.43
sast-66cc40b932a526e96853775f,1,sast-66cc40b932a526e96853775f__a1.json,secondary,2026-09-24T01:11:57.741+00:00,200,,True,246.9,gen-dec-1790212317-4kRTFj6Ogz4cwJ0qNuT9,typesafe/jev-1.13-20260917,TypeSafe,1264,98,5.3088e-05,0.58,REVIEW,0.89,2.51,0.53,0.0,0.01,0.07,0.0,0.92,0.0,0.02,0.52,0.38,0.08
sast-672114a74005fc3cecf8fd12,1,sast-672114a74005fc3cecf8fd12__a1.json,secondary,2026-09-24T01:09:33.349+00:00,200,,True,223.5,gen-dec-1790212173-HACvJC4cC65j3ckELxO8,typesafe/jev-1.13-20260917,TypeSafe,1254,98,5.2668e-05,0.17,DEFER,0.7,0.97,0.5,0.76,0.03,0.0,0.0,0.21,0.32,0.43,0.23,0.02,0.0
sast-672759b1e7b511e907485cc0,1,sast-672759b1e7b511e907485cc0__a1.json,secondary,2026-09-24T01:10:52.741+00:00,200,,True,224.0,gen-dec-1790212252-1Gbe7vUGXw23BE7svH94,typesafe/jev-1.13-20260917,TypeSafe,1263,98,5.3046e-05,0.5,REVIEW,0.37,3.0,0.17,0.01,0.1,0.22,0.17,0.5,0.07,0.02,0.13,0.38,0.4
sast-67e0c5bef57af70c98bc6dda,1,sast-67e0c5bef57af70c98bc6dda__a1.json,secondary,2026-09-24T01:10:39.524+00:00,200,,True,315.3,gen-dec-1790212239-REFSCS3GAw9ngCfrnQ6J,typesafe/jev-1.13-20260917,TypeSafe,1234,98,5.1828e-05,0.1,DEFER,0.56,0.59,0.51,0.65,0.03,0.01,0.0,0.31,0.51,0.42,0.05,0.02,0.0
sast-67fbae317dbd2638cc1da2af,1,sast-67fbae317dbd2638cc1da2af__a1.json,secondary,2026-09-24T01:11:22.589+00:00,200,,True,318.7,gen-dec-1790212282-lss7VMrvhI1WycQd4OF4,typesafe/jev-1.13-20260917,TypeSafe,1245,100,5.229e-05,0.78,ACCELERATED,0.73,3.09,0.88,0.0,0.08,0.78,0.1,0.04,0.0,0.0,0.03,0.86,0.11
sast-68572d57dc0b0ee7dd8bce4a,1,sast-68572d57dc0b0ee7dd8bce4a__a1.json,sast_main,2026-09-24T01:06:44.668+00:00,200,,True,170.4,gen-dec-1790212004-SmMjYfb17nw5aScnxF1L,typesafe/jev-1.13-20260917,TypeSafe,1244,100,5.2248e-05,0.86,EMERGENCY,0.42,3.89,0.91,0.0,0.02,0.43,0.53,0.02,0.0,0.01,0.01,0.06,0.92
sast-686090f8d7e3ba724108b45c,1,sast-686090f8d7e3ba724108b45c__a1.json,secondary,2026-09-24T01:09:52.881+00:00,200,,True,190.6,gen-dec-1790212192-N8la2BTZXE2NtqhxFDLz,typesafe/jev-1.13-20260917,TypeSafe,1255,98,5.271e-05,0.62,REVIEW,0.11,2.54,0.48,0.19,0.24,0.26,0.03,0.27999999999999997,0.01,0.02,0.48,0.4,0.09
sast-687044d8e07f80388fc03d15,1,sast-687044d8e07f80388fc03d15__a1.json,secondary,2026-09-24T01:09:26.545+00:00,200,,True,293.3,gen-dec-1790212166-QN9eJKfYTmncFYNct3Ha,typesafe/jev-1.13-20260917,TypeSafe,1237,98,5.1954e-05,0.67,REVIEW,0.59,2.68,0.48,0.0,0.05,0.23,0.05,0.67,0.0,0.05,0.37,0.43,0.15
sast-68cf3fe251078efe1da878b5,1,sast-68cf3fe251078efe1da878b5__a1.json,sast_main,2026-09-24T01:06:32.527+00:00,200,,True,214.9,gen-dec-1790211992-us7EmJYoDyL3UF1oWGMk,typesafe/jev-1.13-20260917,TypeSafe,1243,99,5.2206e-05,0.28,STANDARD,0.73,1.79,0.62,0.03,0.79,0.07,0.01,0.1,0.0,0.33,0.55,0.12,0.0
sast-6a51864b3facad66d70eec4d,1,sast-6a51864b3facad66d70eec4d__a1.json,sast_main,2026-09-24T01:06:57.580+00:00,200,,True,166.7,gen-dec-1790212017-P4rPlEeVevsKnmcjPA8v,typesafe/jev-1.13-20260917,TypeSafe,1250,98,5.25e-05,0.15,DEFER,0.87,0.74,0.53,0.9,0.03,0.0,0.0,0.07,0.41,0.44,0.15,0.0,0.0
sast-6dda8e918afd11c6cf4183ea,1,sast-6dda8e918afd11c6cf4183ea__a1.json,secondary,2026-09-24T01:11:02.257+00:00,200,,True,206.4,gen-dec-1790212262-2llnpZgPwKaJYagKfXZi,typesafe/jev-1.13-20260917,TypeSafe,1245,99,5.229e-05,0.36,STANDARD,0.78,2.07,0.62,0.01,0.83,0.1,0.01,0.05,0.0,0.19,0.56,0.24,0.01
sast-6f8da36acaa9318faa9b121b,1,sast-6f8da36acaa9318faa9b121b__a1.json,secondary,2026-09-24T01:12:21.390+00:00,200,,True,215.5,gen-dec-1790212341-ZG8Ci9L9toVCAxaQpwXw,typesafe/jev-1.13-20260917,TypeSafe,1258,98,5.2836e-05,0.2,DEFER,0.57,0.99,0.44,0.66,0.04,0.01,0.0,0.29,0.34,0.39,0.22,0.04,0.01
sast-70aabf6618681359dbffaa10,1,sast-70aabf6618681359dbffaa10__a1.json,secondary,2026-09-24T01:07:53.969+00:00,200,,True,199.8,gen-dec-1790212073-1016B414vIKmfDPhU5JF,typesafe/jev-1.13-20260917,TypeSafe,1211,98,5.0862e-05,0.67,REVIEW,0.52,2.65,0.67,0.0,0.13,0.25,0.01,0.61,0.0,0.02,0.34,0.62,0.02
sast-70ae9a7ea5067f2d4aab60c9,1,sast-70ae9a7ea5067f2d4aab60c9__a1.json,secondary,2026-09-24T01:12:59.953+00:00,200,,True,204.3,gen-dec-1790212379-GdloonvK5ujSAfB0nPWC,typesafe/jev-1.13-20260917,TypeSafe,1256,99,5.2752e-05,0.4,STANDARD,0.44,1.94,0.64,0.06,0.55,0.21,0.01,0.17,0.01,0.21,0.6,0.18,0.0
sast-716057863b6516a01981448f,1,sast-716057863b6516a01981448f__a1.json,secondary,2026-09-24T01:11:26.105+00:00,200,,True,171.3,gen-dec-1790212286-ULyM0MChRN4F94MY810x,typesafe/jev-1.13-20260917,TypeSafe,1251,98,5.2542e-05,0.21,DEFER,0.51,1.25,0.55,0.61,0.17,0.01,0.0,0.21,0.15,0.49,0.34,0.02,0.0
sast-724baea6b18e1f499e2b26f8,1,sast-724baea6b18e1f499e2b26f8__a1.json,sast_main,2026-09-24T01:05:54.146+00:00,200,,True,213.5,gen-dec-1790211954-4OFYgjvBMJ7eRwDxsOkQ,typesafe/jev-1.13-20260917,TypeSafe,1243,98,5.2206e-05,0.1,DEFER,0.82,0.49,0.59,0.86,0.02,0.0,0.0,0.12,0.52,0.47,0.01,0.0,0.0
sast-735de852b5790b75a2beb2cd,1,sast-735de852b5790b75a2beb2cd__a1.json,sast_main,2026-09-24T01:06:47.751+00:00,200,,True,135.8,gen-dec-1790212007-4KGKKAVshg2WwzEqtPyc,typesafe/jev-1.13-20260917,TypeSafe,1239,98,5.2038e-05,0.14,DEFER,0.91,0.58,0.52,0.93,0.02,0.0,0.0,0.05,0.61,0.23,0.14,0.02,0.0
sast-73dd6d3edd4761971181281b,1,sast-73dd6d3edd4761971181281b__a1.json,secondary,2026-09-24T01:08:27.001+00:00,200,,True,169.2,gen-dec-1790212107-zdFLTOMncDN3DYeYCdd7,typesafe/jev-1.13-20260917,TypeSafe,1251,100,5.2542e-05,0.81,EMERGENCY,0.42,3.48,0.56,0.0,0.02,0.41,0.54,0.03,0.0,0.0,0.04,0.44,0.52
sast-74093545f252d3597f298060,1,sast-74093545f252d3597f298060__a1.json,secondary,2026-09-24T01:07:52.712+00:00,200,,True,196.9,gen-dec-1790212072-PBKyV7Pyoj1KybN0rJ2q,typesafe/jev-1.13-20260917,TypeSafe,1235,100,5.187e-05,0.73,ACCELERATED,0.43,2.98,0.47,0.0,0.1,0.54,0.16,0.2,0.0,0.04,0.23,0.42,0.31
sast-742bf70fb5f3784a6f3a25db,1,sast-742bf70fb5f3784a6f3a25db__a1.json,sast_main,2026-09-24T01:06:30.977+00:00,200,,True,161.7,gen-dec-1790211990-gZOtBwlTaXpbyUqCKLor,typesafe/jev-1.13-20260917,TypeSafe,1239,100,5.2038e-05,0.81,EMERGENCY,0.56,3.92,0.93,0.0,0.01,0.31,0.65,0.03,0.0,0.0,0.0,0.06,0.9400000000000001
sast-74d8c807d7541978fd151a59,1,sast-74d8c807d7541978fd151a59__a1.json,secondary,2026-09-24T01:10:58.381+00:00,200,,True,190.6,gen-dec-1790212258-5F3pXBviHHsIMStQrZ10,typesafe/jev-1.13-20260917,TypeSafe,1261,98,5.2962e-05,0.11,DEFER,0.87,0.59,0.61,0.9,0.03,0.0,0.0,0.07,0.43,0.54,0.03,0.0,0.0
sast-74db98e8606c7f1b86413e09-rep1,1,sast-74db98e8606c7f1b86413e09-rep1__a1.json,secondary,2026-09-24T01:12:21.956+00:00,200,,True,181.2,gen-dec-1790212341-bUyHDbvnBNztHWEA1z3g,typesafe/jev-1.13-20260917,TypeSafe,1241,99,5.2122e-05,0.58,STANDARD,0.34,2.21,0.7,0.01,0.45999999999999996,0.42,0.04,0.07,0.0,0.07,0.67,0.24,0.02
sast-74db98e8606c7f1b86413e09-rep2,1,sast-74db98e8606c7f1b86413e09-rep2__a1.json,secondary,2026-09-24T01:11:25.039+00:00,200,,True,163.7,gen-dec-1790212285-BmokhmdvjckhOhmorbFx,typesafe/jev-1.13-20260917,TypeSafe,1241,100,5.2122e-05,0.56,ACCELERATED,0.32,2.27,0.68,0.01,0.41,0.45,0.05,0.08,0.0,0.06,0.64,0.27,0.03
sast-74db98e8606c7f1b86413e09-rep3,1,sast-74db98e8606c7f1b86413e09-rep3__a1.json,secondary,2026-09-24T01:12:18.691+00:00,200,,True,180.0,gen-dec-1790212338-wRUjx6Vb2YySKxWt2PNZ,typesafe/jev-1.13-20260917,TypeSafe,1241,99,5.2122e-05,0.57,STANDARD,0.39,2.25,0.68,0.01,0.52,0.37,0.03,0.07,0.0,0.06,0.65,0.26,0.03
sast-74db98e8606c7f1b86413e09,1,sast-74db98e8606c7f1b86413e09__a1.json,sast_main,2026-09-24T01:06:48.237+00:00,200,,True,131.7,gen-dec-1790212008-JKuPH7H8fwQ279T7l7Y0,typesafe/jev-1.13-20260917,TypeSafe,1241,99,5.2122e-05,0.56,STANDARD,0.39,2.2,0.7,0.01,0.51,0.38,0.03,0.07,0.0,0.08,0.66,0.24,0.02
sast-74ef500d605a08ca221c327a,1,sast-74ef500d605a08ca221c327a__a1.json,secondary,2026-09-24T01:11:29.759+00:00,200,,True,185.4,gen-dec-1790212289-RFGqtJO96DGLRICNtyR7,typesafe/jev-1.13-20260917,TypeSafe,1262,100,5.3004e-05,0.82,EMERGENCY,0.37,3.56,0.64,0.0,0.02,0.47,0.5,0.01,0.0,0.0,0.02,0.4,0.58
sast-74f21d98a709d576bcfc9a2c,1,sast-74f21d98a709d576bcfc9a2c__a1.json,secondary,2026-09-24T01:11:02.814+00:00,200,,True,206.3,gen-dec-1790212262-6ugXfbD03SwIhpRM87KZ,typesafe/jev-1.13-20260917,TypeSafe,1241,98,5.2122e-05,0.28,DEFER,0.39,1.82,0.54,0.53,0.3,0.07,0.0,0.1,0.07,0.22,0.54,0.15,0.02
sast-75858c1e97746059ac9d19b2,1,sast-75858c1e97746059ac9d19b2__a1.json,secondary,2026-09-24T01:10:40.795+00:00,200,,True,237.0,gen-dec-1790212240-wUJpeiEvSfHLxiO5gUGj,typesafe/jev-1.13-20260917,TypeSafe,1250,98,5.25e-05,0.26,DEFER,0.37,1.65,0.12,0.51,0.04,0.04,0.01,0.4,0.2,0.33,0.2,0.14,0.13
sast-76575673ccff512627eb432d,1,sast-76575673ccff512627eb432d__a1.json,sast_main,2026-09-24T01:06:27.030+00:00,200,,True,329.0,gen-dec-1790211987-goaeXpIqUiQzGuc7H0XW,typesafe/jev-1.13-20260917,TypeSafe,1263,100,5.3046e-05,0.67,ACCELERATED,0.71,2.59,0.61,0.0,0.16,0.77,0.03,0.04,0.0,0.01,0.41,0.55,0.03
sast-7708d54594f2921de6d55369,1,sast-7708d54594f2921de6d55369__a1.json,secondary,2026-09-24T01:12:17.077+00:00,200,,True,215.8,gen-dec-1790212337-pJyM97oOas75NlC1zvkY,typesafe/jev-1.13-20260917,TypeSafe,1158,100,4.8636e-05,0.47,ACCELERATED,0.3,2.95,0.5,0.03,0.24,0.44,0.09,0.2,0.0,0.06,0.19,0.48,0.27
sast-796050aeb158684e458ef6ba,1,sast-796050aeb158684e458ef6ba__a1.json,secondary,2026-09-24T01:07:29.275+00:00,200,,True,171.2,gen-dec-1790212049-0oyvmnO97pEw1VkdzYWs,typesafe/jev-1.13-20260917,TypeSafe,1247,99,5.2374e-05,0.31,STANDARD,0.28,2.17,0.66,0.27,0.43,0.13,0.0,0.17,0.01,0.11,0.61,0.25,0.02
sast-79908430e813cf6c1ec90db2,1,sast-79908430e813cf6c1ec90db2__a1.json,secondary,2026-09-24T01:09:31.560+00:00,200,,True,183.4,gen-dec-1790212171-tL0Ti9u8Kh1CUklGhoMt,typesafe/jev-1.13-20260917,TypeSafe,1263,98,5.3046e-05,0.09,DEFER,0.6,0.51,0.57,0.68,0.28,0.0,0.0,0.04,0.52,0.46,0.02,0.0,0.0
sast-7a56bb715a85c2995a964d9a,1,sast-7a56bb715a85c2995a964d9a__a1.json,secondary,2026-09-24T01:12:58.953+00:00,200,,True,139.3,gen-dec-1790212378-rjPjPLvarY7TI888b84l,typesafe/jev-1.13-20260917,TypeSafe,1250,98,5.25e-05,0.09,DEFER,0.93,0.32,0.73,0.94,0.02,0.0,0.0,0.04,0.72,0.25,0.03,0.0,0.0
sast-7a7843efd8d0b7ed1036a098,1,sast-7a7843efd8d0b7ed1036a098__a1.json,sast_main,2026-09-24T01:06:49.758+00:00,200,,True,160.8,gen-dec-1790212009-KZ7N8kYnyL70XAk4eq8X,typesafe/jev-1.13-20260917,TypeSafe,1245,98,5.229e-05,0.11,DEFER,0.87,0.25,0.79,0.89,0.01,0.0,0.0,0.1,0.79,0.17,0.04,0.0,0.0
sast-7ac91469a1ba0321caa3960c,1,sast-7ac91469a1ba0321caa3960c__a1.json,secondary,2026-09-24T01:09:00.944+00:00,200,,True,236.3,gen-dec-1790212140-2AFLR6FsSmekRnm1ezLw,typesafe/jev-1.13-20260917,TypeSafe,1249,98,5.2458e-05,0.24,DEFER,0.61,1.37,0.55,0.69,0.09,0.01,0.0,0.21,0.09,0.48,0.41,0.02,0.0
sast-7b6372c48b7945f3e51ccfb1,1,sast-7b6372c48b7945f3e51ccfb1__a1.json,secondary,2026-09-24T01:09:50.609+00:00,200,,True,365.7,gen-dec-1790212190-ipx8YkgugWeMq0NFRide,typesafe/jev-1.13-20260917,TypeSafe,1244,100,5.2248e-05,0.77,ACCELERATED,0.6,3.56,0.63,0.0,0.04,0.68,0.24,0.04,0.0,0.0,0.04,0.36,0.6
sast-7b7e2709024f1cab2fbb52b3,1,sast-7b7e2709024f1cab2fbb52b3__a1.json,secondary,2026-09-24T01:08:09.441+00:00,200,,True,157.0,gen-dec-1790212089-4MdCzUCH0jp71ri1TcA6,typesafe/jev-1.13-20260917,TypeSafe,1257,98,5.2794e-05,0.14,DEFER,0.79,0.85,0.53,0.84,0.1,0.0,0.0,0.06,0.36,0.44,0.2,0.0,0.0
sast-7c265f055f79e8a1264bc623,1,sast-7c265f055f79e8a1264bc623__a1.json,secondary,2026-09-24T01:08:27.521+00:00,200,,True,164.1,gen-dec-1790212107-GEGxdbBWcqh2wAvQPeTE,typesafe/jev-1.13-20260917,TypeSafe,1251,100,5.2542e-05,0.73,ACCELERATED,0.78,3.0,0.9,0.0,0.08,0.83,0.07,0.02,0.0,0.0,0.06,0.88,0.06
sast-7c828481588202abd21774d1-rep1,1,sast-7c828481588202abd21774d1-rep1__a1.json,secondary,2026-09-24T01:07:31.961+00:00,200,,True,150.0,gen-dec-1790212051-hg2TKSocRlgacb8xBAoF,typesafe/jev-1.13-20260917,TypeSafe,1245,98,5.229e-05,0.1,DEFER,0.71,0.73,0.71,0.77,0.04,0.0,0.0,0.19,0.31,0.66,0.03,0.0,0.0
sast-7c828481588202abd21774d1-rep2,1,sast-7c828481588202abd21774d1-rep2__a1.json,secondary,2026-09-24T01:09:07.521+00:00,200,,True,175.7,gen-dec-1790212147-sswQkQHnrIdI7D7nVEyu,typesafe/jev-1.13-20260917,TypeSafe,1245,98,5.229e-05,0.09,DEFER,0.76,0.74,0.73,0.81,0.05,0.0,0.0,0.14,0.29,0.68,0.03,0.0,0.0
sast-7c828481588202abd21774d1-rep3,1,sast-7c828481588202abd21774d1-rep3__a1.json,secondary,2026-09-24T01:09:41.867+00:00,200,,True,198.9,gen-dec-1790212181-C7MOuSTnCwoinLzqv7TT,typesafe/jev-1.13-20260917,TypeSafe,1245,98,5.229e-05,0.09,DEFER,0.73,0.73,0.71,0.78,0.05,0.0,0.0,0.17,0.31,0.66,0.03,0.0,0.0
sast-7c828481588202abd21774d1,1,sast-7c828481588202abd21774d1__a1.json,sast_main,2026-09-24T01:06:28.297+00:00,200,,True,223.7,gen-dec-1790211988-kH1fykEqeUqmDr4lLV7x,typesafe/jev-1.13-20260917,TypeSafe,1245,98,5.229e-05,0.09,DEFER,0.77,0.7,0.69,0.8099999999999999,0.04,0.0,0.0,0.15,0.34,0.63,0.03,0.0,0.0
sast-7c9e3248f8ac273a30566be2,1,sast-7c9e3248f8ac273a30566be2__a1.json,sast_main,2026-09-24T01:05:59.492+00:00,200,,True,165.0,gen-dec-1790211959-PvgYGJ3ceTL4EBq13NIY,typesafe/jev-1.13-20260917,TypeSafe,1236,99,5.1912e-05,0.53,STANDARD,0.64,2.17,0.53,0.01,0.71,0.2,0.01,0.07,0.0,0.19,0.45,0.35,0.01
sast-7dc1403a444c9af616ea1621,1,sast-7dc1403a444c9af616ea1621__a1.json,secondary,2026-09-24T01:09:44.651+00:00,200,,True,235.3,gen-dec-1790212184-IWl3X6tR2zrcLoRlrkTw,typesafe/jev-1.13-20260917,TypeSafe,1242,100,5.2164e-05,0.72,ACCELERATED,0.53,2.74,0.57,0.02,0.23,0.63,0.06,0.06,0.0,0.06,0.25,0.56,0.13
sast-7e43078fba53463780bbc3b4,1,sast-7e43078fba53463780bbc3b4__a1.json,secondary,2026-09-24T01:12:26.996+00:00,200,,True,208.9,gen-dec-1790212347-d0kPyc8ePPIwA5pFJy0G,typesafe/jev-1.13-20260917,TypeSafe,1270,98,5.334e-05,0.15,REVIEW,0.65,0.94,0.53,0.24,0.03,0.0,0.0,0.73,0.31,0.45,0.24,0.0,0.0
sast-7f3bcec6f48f36f0d96638f5,1,sast-7f3bcec6f48f36f0d96638f5__a1.json,secondary,2026-09-24T01:12:41.359+00:00,200,,True,218.3,gen-dec-1790212361-DffpZ0a0HW2CchLtTCLs,typesafe/jev-1.13-20260917,TypeSafe,1234,99,5.1828e-05,0.36,STANDARD,0.64,1.89,0.74,0.02,0.71,0.18,0.0,0.09,0.01,0.2,0.69,0.1,0.0
sast-8020ee727a23ba7f6ce83db9,1,sast-8020ee727a23ba7f6ce83db9__a1.json,secondary,2026-09-24T01:08:47.577+00:00,200,,True,341.8,gen-dec-1790212127-6a4mdt6nafU7452jcXWC,typesafe/jev-1.13-20260917,TypeSafe,1292,98,5.4264e-05,0.39,REVIEW,0.51,2.11,0.21,0.03,0.18,0.17,0.02,0.6,0.12,0.1,0.35,0.4,0.03
sast-80de3c237cec5749e3b9b236,1,sast-80de3c237cec5749e3b9b236__a1.json,secondary,2026-09-24T01:12:13.183+00:00,200,,True,199.6,gen-dec-1790212333-rB4ufP1yttykmB92MM8r,typesafe/jev-1.13-20260917,TypeSafe,1249,98,5.2458e-05,0.11,DEFER,0.93,0.44,0.64,0.94,0.02,0.0,0.0,0.04,0.67,0.24,0.09,0.0,0.0
sast-80e117d6b1304c88859eaf33,1,sast-80e117d6b1304c88859eaf33__a1.json,sast_main,2026-09-24T01:06:09.413+00:00,200,,True,157.3,gen-dec-1790211969-MfCEvDGrLFmHGlfraqQK,typesafe/jev-1.13-20260917,TypeSafe,1229,99,5.1618e-05,0.5,STANDARD,0.6,2.07,0.67,0.01,0.68,0.25,0.01,0.05,0.0,0.16,0.61,0.22,0.01
sast-81d3a5ee731d9d31134e42e0,1,sast-81d3a5ee731d9d31134e42e0__a1.json,secondary,2026-09-24T01:08:54.022+00:00,200,,True,213.7,gen-dec-1790212134-gzVKHvZtknV0PSQK2LTj,typesafe/jev-1.13-20260917,TypeSafe,1245,98,5.229e-05,0.1,DEFER,0.97,0.51,0.57,0.98,0.01,0.0,0.0,0.01,0.56,0.37,0.07,0.0,0.0
sast-8322110a97e92e5490f5c66f,1,sast-8322110a97e92e5490f5c66f__a1.json,sast_main,2026-09-24T01:05:57.381+00:00,200,,True,143.7,gen-dec-1790211957-bZRnGS8ZmSgnMwBljv3N,typesafe/jev-1.13-20260917,TypeSafe,1262,100,5.3004e-05,0.73,ACCELERATED,0.73,2.89,0.57,0.0,0.06,0.79,0.12,0.03,0.0,0.01,0.3,0.49,0.2
sast-83d76f2f76d297dc0738c560,1,sast-83d76f2f76d297dc0738c560__a1.json,secondary,2026-09-24T01:09:12.334+00:00,200,,True,293.4,gen-dec-1790212152-8piZvnOpiV0jX3rQ0SJU,typesafe/jev-1.13-20260917,TypeSafe,1257,98,5.2794e-05,0.19,DEFER,0.46,1.52,0.5,0.57,0.11,0.02,0.0,0.3,0.15,0.25,0.54,0.06,0.0
sast-84cf57d79220014826d916dd,1,sast-84cf57d79220014826d916dd__a1.json,sast_main,2026-09-24T01:06:15.199+00:00,200,,True,1871.6,gen-dec-1790211975-twWbkO5Kp3YwfML7Qszw,typesafe/jev-1.13-20260917,TypeSafe,1257,99,5.2794e-05,0.26,STANDARD,0.26,1.58,0.55,0.26,0.4,0.02,0.0,0.32,0.01,0.46,0.48,0.05,0.0
sast-8566f35cb5c12a0ca271606a,1,sast-8566f35cb5c12a0ca271606a__a1.json,secondary,2026-09-24T01:07:37.277+00:00,200,,True,214.1,gen-dec-1790212057-5LMWXCzZ6Pgv1XTPSGo9,typesafe/jev-1.13-20260917,TypeSafe,1256,98,5.2752e-05,0.15,DEFER,0.51,1.1,0.54,0.61,0.31,0.01,0.0,0.07,0.23,0.45,0.31,0.01,0.0
sast-85ab5a95f60ab3c294a39ac8,1,sast-85ab5a95f60ab3c294a39ac8__a1.json,sast_main,2026-09-24T01:06:20.602+00:00,200,,True,162.3,gen-dec-1790211980-waLMDOT9x2smwFNSmfX1,typesafe/jev-1.13-20260917,TypeSafe,1247,98,5.2374e-05,0.18,DEFER,0.48,1.13,0.58,0.59,0.12,0.02,0.0,0.27,0.19,0.54,0.23,0.04,0.0
sast-87e4c45f1fd91854f3ea7a13,1,sast-87e4c45f1fd91854f3ea7a13__a1.json,sast_main,2026-09-24T01:06:58.097+00:00,200,,True,198.8,gen-dec-1790212018-doPEd0nbLfezZzqtR2pD,typesafe/jev-1.13-20260917,TypeSafe,1248,98,5.2416e-05,0.09,DEFER,0.89,0.21,0.82,0.91,0.01,0.0,0.0,0.08,0.81,0.17,0.02,0.0,0.0
sast-883b5be282364ad86c07671d,1,sast-883b5be282364ad86c07671d__a1.json,sast_main,2026-09-24T01:06:59.750+00:00,200,,True,186.5,gen-dec-1790212019-ChXyD1uk8wVwSfR4SBQM,typesafe/jev-1.13-20260917,TypeSafe,1236,100,5.1912e-05,0.79,EMERGENCY,0.5,3.72,0.77,0.0,0.02,0.37,0.6,0.01,0.0,0.0,0.02,0.23,0.75
sast-887c6f6efbf5efe5f5c2f736,1,sast-887c6f6efbf5efe5f5c2f736__a1.json,secondary,2026-09-24T01:08:19.682+00:00,200,,True,136.1,gen-dec-1790212099-aNoOOnnRD7Ml7LbWq1Rh,typesafe/jev-1.13-20260917,TypeSafe,1254,100,5.2668e-05,0.78,ACCELERATED,0.69,2.88,0.61,0.0,0.05,0.76,0.17,0.02,0.0,0.0,0.29,0.53,0.18
sast-88cc2d34bfdde1a5cf566c42,1,sast-88cc2d34bfdde1a5cf566c42__a1.json,secondary,2026-09-24T01:11:25.553+00:00,200,,True,201.4,gen-dec-1790212285-gL0bUk9tqfGH4Zk8pLSM,typesafe/jev-1.13-20260917,TypeSafe,1259,100,5.2878e-05,0.93,EMERGENCY,0.71,3.93,0.94,0.0,0.0,0.22,0.78,0.0,0.0,0.0,0.0,0.07,0.93
sast-899478b65cc6534075e52423,1,sast-899478b65cc6534075e52423__a1.json,secondary,2026-09-24T01:07:39.552+00:00,200,,True,201.8,gen-dec-1790212059-61FmIq5wfCPj1KTLqQuP,typesafe/jev-1.13-20260917,TypeSafe,1228,98,5.1576e-05,0.15,DEFER,0.71,0.55,0.54,0.77,0.02,0.0,0.0,0.21,0.58,0.32,0.09,0.01,0.0
sast-89e6b8da54b5871fb21b61b3,1,sast-89e6b8da54b5871fb21b61b3__a1.json,sast_main,2026-09-24T01:06:21.115+00:00,200,,True,299.8,gen-dec-1790211981-USbOq4MrIwNanM0eQCpt,typesafe/jev-1.13-20260917,TypeSafe,1265,98,5.313e-05,0.14,DEFER,0.75,0.39,0.67,0.8,0.03,0.0,0.0,0.17,0.65,0.3,0.05,0.0,0.0
sast-8a7676df32ebcb1dfbe0ccd7,1,sast-8a7676df32ebcb1dfbe0ccd7__a1.json,secondary,2026-09-24T01:07:49.440+00:00,200,,True,175.9,gen-dec-1790212069-cctpXzQp7O8Ftpgf1tru,typesafe/jev-1.13-20260917,TypeSafe,1221,98,5.1282e-05,0.67,REVIEW,0.57,2.67,0.68,0.0,0.12,0.21,0.01,0.66,0.0,0.02,0.32,0.63,0.03
sast-8b10bece243a9c6cfa8c12a6,1,sast-8b10bece243a9c6cfa8c12a6__a1.json,secondary,2026-09-24T01:11:13.094+00:00,200,,True,209.2,gen-dec-1790212273-eeG3mfZWP1OHHxBvdjAC,typesafe/jev-1.13-20260917,TypeSafe,1238,100,5.1996e-05,0.58,ACCELERATED,0.54,2.36,0.6,0.01,0.31,0.62,0.02,0.04,0.0,0.05,0.54,0.39,0.02
sast-8b4731cbc4c5a39881fcd7f8,1,sast-8b4731cbc4c5a39881fcd7f8__a1.json,secondary,2026-09-24T01:07:51.617+00:00,200,,True,203.9,gen-dec-1790212071-ooH6RmgqPXYpfNiKF1jW,typesafe/jev-1.13-20260917,TypeSafe,1258,98,5.2836e-05,0.16,DEFER,0.83,0.89,0.58,0.87,0.02,0.0,0.0,0.11,0.31,0.5,0.18,0.01,0.0
sast-8bd44fe40539ec3a2ab8f00a,1,sast-8bd44fe40539ec3a2ab8f00a__a1.json,sast_main,2026-09-24T01:06:45.189+00:00,200,,True,164.4,gen-dec-1790212005-U4d75Ao4IVyM3Jrr1pVY,typesafe/jev-1.13-20260917,TypeSafe,1235,98,5.187e-05,0.39,DEFER,0.42,1.37,0.0,0.53,0.14,0.06,0.01,0.26,0.3,0.27,0.27,0.11,0.05
sast-8c03625504f004a4dab4c464-rep1,1,sast-8c03625504f004a4dab4c464-rep1__a1.json,secondary,2026-09-24T01:07:34.519+00:00,200,,True,215.0,gen-dec-1790212054-mJHxBs2RuI1uyqKPwd4A,typesafe/jev-1.13-20260917,TypeSafe,1262,98,5.3004e-05,0.1,DEFER,0.83,0.14,0.89,0.87,0.0,0.0,0.0,0.13,0.89,0.1,0.01,0.0,0.0
sast-8c03625504f004a4dab4c464-rep2,1,sast-8c03625504f004a4dab4c464-rep2__a1.json,secondary,2026-09-24T01:07:23.236+00:00,200,,True,157.5,gen-dec-1790212043-21rwiRiSB8p8eaphpPuS,typesafe/jev-1.13-20260917,TypeSafe,1262,98,5.3004e-05,0.1,DEFER,0.81,0.13,0.89,0.86,0.0,0.0,0.0,0.14,0.89,0.1,0.01,0.0,0.0
sast-8c03625504f004a4dab4c464-rep3,1,sast-8c03625504f004a4dab4c464-rep3__a1.json,secondary,2026-09-24T01:09:11.847+00:00,200,,True,135.9,gen-dec-1790212151-iwt1YcMBxR0dDCORYRkG,typesafe/jev-1.13-20260917,TypeSafe,1262,98,5.3004e-05,0.1,DEFER,0.83,0.11,0.91,0.87,0.0,0.0,0.0,0.13,0.91,0.08,0.01,0.0,0.0
sast-8c03625504f004a4dab4c464,1,sast-8c03625504f004a4dab4c464__a1.json,sast_main,2026-09-24T01:06:46.749+00:00,200,,True,154.6,gen-dec-1790212006-Y0bJwalAvAJhjOXVUsjK,typesafe/jev-1.13-20260917,TypeSafe,1262,98,5.3004e-05,0.1,DEFER,0.8,0.13,0.89,0.85,0.0,0.0,0.0,0.15,0.89,0.1,0.01,0.0,0.0
sast-8c7b348208e02861099223c0,1,sast-8c7b348208e02861099223c0__a1.json,secondary,2026-09-24T01:11:38.343+00:00,200,,True,204.8,gen-dec-1790212298-eHgu7fRRXt87TNblezn1,typesafe/jev-1.13-20260917,TypeSafe,1241,98,5.2122e-05,0.21,DEFER,0.6,1.21,0.56,0.68,0.05,0.01,0.0,0.26,0.16,0.49,0.33,0.02,0.0
sast-8c8e64f5be1c329e717f1cd1,1,sast-8c8e64f5be1c329e717f1cd1__a1.json,secondary,2026-09-24T01:12:54.448+00:00,200,,True,216.0,gen-dec-1790212374-vGr1uYOkALJp96EIxVLY,typesafe/jev-1.13-20260917,TypeSafe,1229,98,5.1618e-05,0.18,DEFER,0.6,1.04,0.45,0.6900000000000001,0.12,0.03,0.0,0.16,0.31,0.38,0.29,0.02,0.0
sast-90009dae0b22a551a9ff5b21,1,sast-90009dae0b22a551a9ff5b21__a1.json,secondary,2026-09-24T01:10:31.118+00:00,200,,True,160.4,gen-dec-1790212231-VXYW1uWZd62E6A72WonN,typesafe/jev-1.13-20260917,TypeSafe,1237,98,5.1954e-05,0.19,DEFER,0.82,0.96,0.44,0.85,0.02,0.01,0.0,0.12,0.36,0.38,0.21,0.04,0.01
sast-90a9d593edc75545a915d114,1,sast-90a9d593edc75545a915d114__a1.json,sast_main,2026-09-24T01:06:44.156+00:00,200,,True,162.0,gen-dec-1790212004-aZppdRQ2TiHo6aCk2eKf,typesafe/jev-1.13-20260917,TypeSafe,1261,100,5.2962e-05,0.58,ACCELERATED,0.61,2.42,0.61,0.0,0.23,0.69,0.02,0.06,0.0,0.02,0.55,0.42,0.01
sast-90abf6a2685773602d588cc3,1,sast-90abf6a2685773602d588cc3__a1.json,secondary,2026-09-24T01:09:05.425+00:00,200,,True,185.7,gen-dec-1790212145-gcJT8JlillbCLr4SIPV3,typesafe/jev-1.13-20260917,TypeSafe,1264,100,5.3088e-05,0.86,EMERGENCY,0.44,3.45,0.54,0.0,0.02,0.43,0.54,0.01,0.0,0.0,0.04,0.46,0.5
sast-92628f71194b51044aeb9d15,1,sast-92628f71194b51044aeb9d15__a1.json,secondary,2026-09-24T01:07:33.490+00:00,200,,True,172.1,gen-dec-1790212053-KQg7jY7sOyJYMiojfHMq,typesafe/jev-1.13-20260917,TypeSafe,1289,98,5.4138e-05,0.12,DEFER,0.9,0.85,0.64,0.92,0.04,0.0,0.0,0.04,0.29,0.58,0.13,0.0,0.0
sast-92a4daa82e0e3f19c52dd4db,1,sast-92a4daa82e0e3f19c52dd4db__a1.json,secondary,2026-09-24T01:10:51.655+00:00,200,,True,222.3,gen-dec-1790212251-5U25yEKxEqVrsmV0Fn7O,typesafe/jev-1.13-20260917,TypeSafe,1223,100,5.1366e-05,0.82,ACCELERATED,0.38,3.62,0.68,0.0,0.01,0.5,0.48,0.01,0.0,0.0,0.04,0.29,0.67
sast-92e3cc12a8f9137dc9c7b9ac,1,sast-92e3cc12a8f9137dc9c7b9ac__a1.json,secondary,2026-09-24T01:12:34.358+00:00,200,,True,170.5,gen-dec-1790212354-73cLK1P58jCwJckh6Lml,typesafe/jev-1.13-20260917,TypeSafe,1255,99,5.271e-05,0.28,STANDARD,0.59,1.92,0.72,0.06,0.68,0.12,0.0,0.14,0.01,0.19,0.68,0.12,0.0
sast-9386da27a91442d199f3b382,1,sast-9386da27a91442d199f3b382__a1.json,secondary,2026-09-24T01:08:24.367+00:00,200,,True,134.1,gen-dec-1790212104-vqgGfU6VeGg5qEIScLjo,typesafe/jev-1.13-20260917,TypeSafe,1261,98,5.2962e-05,0.1,DEFER,0.71,0.43,0.64,0.77,0.05,0.0,0.0,0.18,0.61,0.36,0.03,0.0,0.0
sast-93b1117110a966e96df61701,1,sast-93b1117110a966e96df61701__a1.json,sast_main,2026-09-24T01:06:38.329+00:00,200,,True,275.7,gen-dec-1790211998-MhyNcsvRDg1T3j6oJWh8,typesafe/jev-1.13-20260917,TypeSafe,1243,99,5.2206e-05,0.57,STANDARD,0.34,2.42,0.46,0.02,0.47,0.29,0.11,0.11,0.0,0.11,0.48,0.29,0.12
sast-941e399ac2d93fcda3eee80d,1,sast-941e399ac2d93fcda3eee80d__a1.json,sast_main,2026-09-24T01:06:35.232+00:00,200,,True,188.1,gen-dec-1790211995-0CwmI6NjobdsOrr98fE2,typesafe/jev-1.13-20260917,TypeSafe,1221,100,5.1282e-05,0.57,ACCELERATED,0.62,3.02,0.65,0.0,0.06,0.7,0.23,0.01,0.0,0.04,0.12,0.62,0.22
sast-9476c3107ac5d0f67d5e2c5c,1,sast-9476c3107ac5d0f67d5e2c5c__a1.json,secondary,2026-09-24T01:09:24.277+00:00,200,,True,253.3,gen-dec-1790212164-P9kuAvuyXfAOXm4lVIiW,typesafe/jev-1.13-20260917,TypeSafe,1268,98,5.3256e-05,0.14,DEFER,0.66,0.73,0.52,0.72,0.1,0.0,0.0,0.18,0.42,0.43,0.15,0.0,0.0
sast-952086750231da35b3067c5a,1,sast-952086750231da35b3067c5a__a1.json,secondary,2026-09-24T01:09:17.799+00:00,200,,True,162.2,gen-dec-1790212157-Aa2VSXmj9vymQKuETvMJ,typesafe/jev-1.13-20260917,TypeSafe,1249,98,5.2458e-05,0.2,REVIEW,0.43,0.99,0.45,0.4,0.04,0.01,0.0,0.55,0.34,0.39,0.22,0.05,0.0
sast-95f839574a353ab5f7b40b9b,1,sast-95f839574a353ab5f7b40b9b__a1.json,secondary,2026-09-24T01:08:43.816+00:00,200,,True,193.7,gen-dec-1790212123-ZaamDcTEbkac5MbK5BHd,typesafe/jev-1.13-20260917,TypeSafe,1242,98,5.2164e-05,0.27,DEFER,0.49,1.37,0.0,0.58,0.03,0.03,0.01,0.35,0.35,0.24,0.19,0.14,0.08
sast-9601db2f7ef7c80ecc3e94a6,1,sast-9601db2f7ef7c80ecc3e94a6__a1.json,secondary,2026-09-24T01:09:43.556+00:00,200,,True,220.2,gen-dec-1790212183-zL9beqiP7ejiwZVdwYhD,typesafe/jev-1.13-20260917,TypeSafe,1251,99,5.2542e-05,0.57,STANDARD,0.48,2.51,0.56,0.0,0.59,0.31,0.03,0.07,0.0,0.05,0.4,0.53,0.02
sast-96f97e42567d2fe469458651,1,sast-96f97e42567d2fe469458651__a1.json,secondary,2026-09-24T01:11:05.460+00:00,200,,True,412.1,gen-dec-1790212265-2wrn5rXTWyeiInVMxwfl,typesafe/jev-1.13-20260917,TypeSafe,1236,100,5.1912e-05,0.78,ACCELERATED,0.73,2.98,0.72,0.0,0.05,0.79,0.15,0.01,0.0,0.01,0.16,0.67,0.16
sast-9a3c5197f1db37983c0357f1,1,sast-9a3c5197f1db37983c0357f1__a1.json,secondary,2026-09-24T01:07:35.084+00:00,200,,True,178.0,gen-dec-1790212055-tKZijVKUk3NE6ZZX9C3P,typesafe/jev-1.13-20260917,TypeSafe,1242,98,5.2164e-05,0.67,REVIEW,0.2,3.65,0.71,0.17,0.07,0.26,0.14,0.36,0.01,0.02,0.04,0.17,0.76
sast-9a8051c0f1c15e624e0e5d29,1,sast-9a8051c0f1c15e624e0e5d29__a1.json,secondary,2026-09-24T01:07:58.743+00:00,200,,True,170.8,gen-dec-1790212078-6dvxnzoyJe3619C4M3f2,typesafe/jev-1.13-20260917,TypeSafe,1255,100,5.271e-05,0.79,ACCELERATED,0.68,2.85,0.61,0.0,0.05,0.75,0.18,0.02,0.0,0.0,0.3,0.54,0.16
sast-9ba702e3c784f1c00a53f092,1,sast-9ba702e3c784f1c00a53f092__a1.json,secondary,2026-09-24T01:10:03.295+00:00,200,,True,211.0,gen-dec-1790212203-Ld94Oi0hSwOY5oyOo9PZ,typesafe/jev-1.13-20260917,TypeSafe,1258,98,5.2836e-05,0.17,DEFER,0.72,1.03,0.57,0.78,0.04,0.0,0.0,0.18,0.24,0.5,0.25,0.01,0.0
sast-9bb9fcf4d8bf061239bdec22,1,sast-9bb9fcf4d8bf061239bdec22__a1.json,sast_main,2026-09-24T01:06:28.871+00:00,200,,True,131.6,gen-dec-1790211988-heKc7rCK1BYb2RWCCWo7,typesafe/jev-1.13-20260917,TypeSafe,1235,100,5.187e-05,0.7,ACCELERATED,0.47,2.7,0.5,0.01,0.24,0.57,0.14,0.04,0.0,0.04,0.37,0.44,0.15
sast-9bec092a0a143d78a172c76f,1,sast-9bec092a0a143d78a172c76f__a1.json,secondary,2026-09-24T01:08:31.188+00:00,200,,True,230.1,gen-dec-1790212111-fu5N27pqCSIfkAw79IuQ,typesafe/jev-1.13-20260917,TypeSafe,1245,100,5.229e-05,0.94,EMERGENCY,0.77,3.97,0.97,0.0,0.0,0.18,0.8200000000000001,0.0,0.0,0.0,0.0,0.03,0.97
sast-9c844664b85f5d314a8241b9,1,sast-9c844664b85f5d314a8241b9__a1.json,secondary,2026-09-24T01:11:37.743+00:00,200,,True,249.0,gen-dec-1790212297-eXdbHVNiY8ZIGySONfrr,typesafe/jev-1.13-20260917,TypeSafe,1247,100,5.2374e-05,0.53,ACCELERATED,0.06,2.95,0.47,0.23,0.23,0.25,0.04,0.25,0.01,0.04,0.23,0.43,0.29
sast-9ce043540f06c2d4d1c21769,1,sast-9ce043540f06c2d4d1c21769__a1.json,sast_main,2026-09-24T01:06:54.458+00:00,200,,True,184.8,gen-dec-1790212014-FgxWJIWTRlzYMHcOLcAw,typesafe/jev-1.13-20260917,TypeSafe,1245,98,5.229e-05,0.18,DEFER,0.75,0.88,0.56,0.8,0.05,0.01,0.0,0.14,0.33,0.48,0.18,0.01,0.0
sast-9d0a2fad81bd87d7dd2e328f,1,sast-9d0a2fad81bd87d7dd2e328f__a1.json,secondary,2026-09-24T01:12:40.773+00:00,200,,True,235.9,gen-dec-1790212360-rXXtkeMqEaY5XpkfJOmD,typesafe/jev-1.13-20260917,TypeSafe,1256,98,5.2752e-05,0.23,DEFER,0.45,1.56,0.47,0.56,0.09,0.03,0.0,0.32,0.16,0.21,0.53,0.1,0.0
sast-9db837882f33b87773dc87c0,1,sast-9db837882f33b87773dc87c0__a1.json,secondary,2026-09-24T01:09:44.126+00:00,200,,True,174.7,gen-dec-1790212184-RR56RekRxOVpzi8JOE12,typesafe/jev-1.13-20260917,TypeSafe,1167,98,4.9014e-05,0.09,DEFER,0.92,0.41,0.66,0.93,0.03,0.0,0.0,0.04,0.64,0.31,0.05,0.0,0.0
sast-9e5e500309d1aacbebf68176,1,sast-9e5e500309d1aacbebf68176__a1.json,secondary,2026-09-24T01:10:56.334+00:00,200,,True,170.6,gen-dec-1790212256-iHU6EszLPPeIyuNDexEj,typesafe/jev-1.13-20260917,TypeSafe,1240,99,5.208e-05,0.52,STANDARD,0.3,2.25,0.59,0.03,0.44,0.43,0.03,0.07,0.01,0.11,0.53,0.32,0.03
sast-9f5751494e086c3686fd251f,1,sast-9f5751494e086c3686fd251f__a1.json,secondary,2026-09-24T01:11:57.135+00:00,200,,True,255.1,gen-dec-1790212317-Ht7sHQOn0C4Fz4bqAw64,typesafe/jev-1.13-20260917,TypeSafe,1260,98,5.292e-05,0.16,DEFER,0.66,0.93,0.6,0.73,0.03,0.0,0.0,0.24,0.27,0.54,0.18,0.01,0.0
sast-9fb1ece49e9045cae8113fd0,1,sast-9fb1ece49e9045cae8113fd0__a1.json,secondary,2026-09-24T01:10:56.855+00:00,200,,True,168.0,gen-dec-1790212256-1AfXZtD6UyvETdJzxy1q,typesafe/jev-1.13-20260917,TypeSafe,1245,98,5.229e-05,0.27,DEFER,0.28,1.74,0.59,0.43,0.38,0.02,0.0,0.17,0.01,0.35,0.53,0.11,0.0
sast-a01c072d7693c889751b9424,1,sast-a01c072d7693c889751b9424__a1.json,secondary,2026-09-24T01:11:29.255+00:00,200,,True,152.8,gen-dec-1790212289-bjP05lQUJChqcwlhPOrc,typesafe/jev-1.13-20260917,TypeSafe,1237,98,5.1954e-05,0.23,REVIEW,0.3,1.32,0.33,0.44,0.1,0.02,0.0,0.44,0.18,0.38,0.39,0.05,0.0
sast-a0581737c03c67e4a27e3e62,1,sast-a0581737c03c67e4a27e3e62__a1.json,sast_main,2026-09-24T01:06:58.646+00:00,200,,True,227.6,gen-dec-1790212018-YssuV2bevaRVKUTVcWOw,typesafe/jev-1.13-20260917,TypeSafe,1241,100,5.2122e-05,0.78,ACCELERATED,0.49,3.57,0.64,0.0,0.05,0.6,0.33,0.02,0.0,0.01,0.04,0.32,0.63
sast-a11c071b9999cf48c4b56159,1,sast-a11c071b9999cf48c4b56159__a1.json,secondary,2026-09-24T01:07:21.595+00:00,200,,True,232.0,gen-dec-1790212041-JhackfZCM2fFUrRQm3oh,typesafe/jev-1.13-20260917,TypeSafe,1277,98,5.3634e-05,0.07,DEFER,0.9,0.22,0.82,0.92,0.02,0.0,0.0,0.06,0.8,0.18,0.02,0.0,0.0
sast-a2704444c41c72363462c493,1,sast-a2704444c41c72363462c493__a1.json,secondary,2026-09-24T01:08:40.575+00:00,200,,True,190.3,gen-dec-1790212120-qzwzdh71TJZe5fqb7JE1,typesafe/jev-1.13-20260917,TypeSafe,1166,98,4.8972e-05,0.13,DEFER,0.65,0.61,0.49,0.72,0.07,0.01,0.0,0.2,0.53,0.34,0.12,0.01,0.0
sast-a2e67c26cd3d8f0fe3442aab,1,sast-a2e67c26cd3d8f0fe3442aab__a1.json,secondary,2026-09-24T01:08:29.642+00:00,200,,True,142.5,gen-dec-1790212109-C70sdfbmejwusmq7ivtD,typesafe/jev-1.13-20260917,TypeSafe,1239,100,5.2038e-05,0.71,ACCELERATED,0.53,2.63,0.54,0.01,0.28,0.62,0.04,0.05,0.0,0.06,0.32,0.53,0.09
sast-a315cfbb242e9f2ae61ea612,1,sast-a315cfbb242e9f2ae61ea612__a1.json,secondary,2026-09-24T01:07:56.616+00:00,200,,True,210.7,gen-dec-1790212076-ztvsELb5CJlFskqxF0I8,typesafe/jev-1.13-20260917,TypeSafe,1247,99,5.2374e-05,0.45,STANDARD,0.6,2.25,0.56,0.01,0.68,0.17,0.07,0.07,0.0,0.14,0.54,0.25,0.07
sast-a34017506578c0ca7607d587,1,sast-a34017506578c0ca7607d587__a1.json,secondary,2026-09-24T01:09:57.735+00:00,200,,True,200.7,gen-dec-1790212197-ZaHJz006mdPS9hbjyDeF,typesafe/jev-1.13-20260917,TypeSafe,1246,98,5.2332e-05,0.21,DEFER,0.79,1.13,0.49,0.84,0.04,0.01,0.0,0.11,0.25,0.45,0.25,0.04,0.01
sast-a4f4d90e2b9c22ce6313d8f4,1,sast-a4f4d90e2b9c22ce6313d8f4__a1.json,sast_main,2026-09-24T01:06:21.765+00:00,200,,True,208.1,gen-dec-1790211981-IJfXdYGRggNCA9vscmI9,typesafe/jev-1.13-20260917,TypeSafe,1240,100,5.208e-05,0.68,ACCELERATED,0.82,3.2,0.7,0.0,0.05,0.85,0.07,0.03,0.0,0.0,0.08,0.64,0.28
sast-a61692e91dbc3d8ca2ee6501,1,sast-a61692e91dbc3d8ca2ee6501__a1.json,secondary,2026-09-24T01:09:09.224+00:00,200,,True,162.0,gen-dec-1790212149-b011s3bwLhpBkBTDKu4U,typesafe/jev-1.13-20260917,TypeSafe,1272,99,5.3424e-05,0.32,STANDARD,0.15,1.97,0.53,0.27,0.32,0.12,0.01,0.28,0.04,0.21,0.56,0.12,0.07
sast-a8137c4daf038b5916de3148,1,sast-a8137c4daf038b5916de3148__a1.json,sast_main,2026-09-24T01:06:32.000+00:00,200,,True,175.8,gen-dec-1790211992-Isa57KIC9To4oZxQCTQM,typesafe/jev-1.13-20260917,TypeSafe,1243,98,5.2206e-05,0.05,DEFER,0.91,0.06,0.95,0.93,0.0,0.0,0.0,0.07,0.94,0.06,0.0,0.0,0.0
sast-a92e75e700f67a8db6d71068,1,sast-a92e75e700f67a8db6d71068__a1.json,secondary,2026-09-24T01:07:38.944+00:00,200,,True,257.3,gen-dec-1790212058-rLtI4IVtrC4mJ8ygTvOw,typesafe/jev-1.13-20260917,TypeSafe,1259,98,5.2878e-05,0.11,DEFER,0.88,0.37,0.69,0.91,0.01,0.0,0.0,0.08,0.65,0.33,0.02,0.0,0.0
sast-a944615e073ec930f47339e0,1,sast-a944615e073ec930f47339e0__a1.json,sast_main,2026-09-24T01:06:02.535+00:00,200,,True,266.7,gen-dec-1790211962-M53HQN4N8nSdLccOvJKl,typesafe/jev-1.13-20260917,TypeSafe,1253,100,5.2626e-05,0.45,ACCELERATED,0.44,2.75,0.66,0.0,0.36,0.55,0.03,0.06,0.0,0.02,0.29,0.61,0.08
sast-aad452b9ec6919b877948827,1,sast-aad452b9ec6919b877948827__a1.json,secondary,2026-09-24T01:12:49.502+00:00,200,,True,166.1,gen-dec-1790212369-2AEkLW2mZiGYYf769e6p,typesafe/jev-1.13-20260917,TypeSafe,1216,100,5.1072e-05,0.67,ACCELERATED,0.45,2.66,0.51,0.01,0.19,0.56,0.17,0.07,0.0,0.04,0.38,0.46,0.12
sast-ac62fa3c7f8236f19815ff65,1,sast-ac62fa3c7f8236f19815ff65__a1.json,secondary,2026-09-24T01:07:53.259+00:00,200,,True,359.1,gen-dec-1790212073-6eW9GEV9Kc8dznlzTn7Z,typesafe/jev-1.13-20260917,TypeSafe,1221,98,5.1282e-05,0.56,REVIEW,0.95,2.48,0.55,0.0,0.02,0.02,0.0,0.96,0.0,0.03,0.46,0.5,0.01
sast-ad56d51dcff877ff004b2918,1,sast-ad56d51dcff877ff004b2918__a1.json,secondary,2026-09-24T01:12:19.221+00:00,200,,True,201.1,gen-dec-1790212339-D8dhwM3epMsEc62vmMTd,typesafe/jev-1.13-20260917,TypeSafe,1261,98,5.2962e-05,0.14,DEFER,0.48,0.77,0.51,0.59,0.3,0.01,0.0,0.1,0.41,0.43,0.15,0.01,0.0
sast-ae3019f6d0411c94733282ca,1,sast-ae3019f6d0411c94733282ca__a1.json,sast_main,2026-09-24T01:06:23.323+00:00,200,,True,194.2,gen-dec-1790211983-pK6UhhV9xFYMwt5k0IVN,typesafe/jev-1.13-20260917,TypeSafe,1242,100,5.2164e-05,0.78,ACCELERATED,0.8,2.67,0.57,0.0,0.04,0.84,0.1,0.02,0.0,0.0,0.42,0.49,0.09
sast-aeb164e762f015e6de770ed0,1,sast-aeb164e762f015e6de770ed0__a1.json,secondary,2026-09-24T01:11:19.527+00:00,200,,True,238.4,gen-dec-1790212279-yj8CxUTAUJIC3S3WUNuj,typesafe/jev-1.13-20260917,TypeSafe,1251,99,5.2542e-05,0.53,STANDARD,0.55,2.37,0.64,0.01,0.64,0.29,0.0,0.06,0.0,0.03,0.57,0.4,0.0
sast-af622f28aef551cda8729525,1,sast-af622f28aef551cda8729525__a1.json,sast_main,2026-09-24T01:06:08.919+00:00,200,,True,143.8,gen-dec-1790211968-L7f394QbOBf4hzkU8MPh,typesafe/jev-1.13-20260917,TypeSafe,1226,100,5.1492e-05,0.8,ACCELERATED,0.51,3.41,0.59,0.0,0.02,0.61,0.36,0.01,0.0,0.0,0.04,0.51,0.45
sast-b0c35b4c797725511e69c179,1,sast-b0c35b4c797725511e69c179__a1.json,sast_main,2026-09-24T01:06:03.669+00:00,200,,True,170.5,gen-dec-1790211963-9PoYiFJZwxMe9Rh3Ubql,typesafe/jev-1.13-20260917,TypeSafe,1259,100,5.2878e-05,0.75,ACCELERATED,0.63,2.42,0.63,0.0,0.23,0.71,0.01,0.05,0.0,0.01,0.5599999999999999,0.42,0.01
sast-b100a24a6a64b9cc8ea6df3a,1,sast-b100a24a6a64b9cc8ea6df3a__a1.json,secondary,2026-09-24T01:11:48.882+00:00,200,,True,165.7,gen-dec-1790212308-Rl9il28FuOPV2OWcWx0l,typesafe/jev-1.13-20260917,TypeSafe,1234,99,5.1828e-05,0.16,STANDARD,0.87,1.23,0.79,0.04,0.9,0.0,0.0,0.06,0.01,0.75,0.24,0.0,0.0
sast-b1298d27796d139ab99d914b,1,sast-b1298d27796d139ab99d914b__a1.json,sast_main,2026-09-24T01:06:56.596+00:00,200,,True,147.4,gen-dec-1790212016-x9udKkHxc11Gb6ZudDZh,typesafe/jev-1.13-20260917,TypeSafe,1224,99,5.1408e-05,0.51,STANDARD,0.57,2.21,0.65,0.01,0.66,0.24,0.0,0.09,0.01,0.09,0.59,0.31,0.0
sast-b18417fa041710daaeeb5f1c,1,sast-b18417fa041710daaeeb5f1c__a1.json,secondary,2026-09-24T01:09:36.856+00:00,200,,True,188.9,gen-dec-1790212176-Utb8JeRly5Cd2EK8Cni5,typesafe/jev-1.13-20260917,TypeSafe,1223,99,5.1366e-05,0.47,STANDARD,0.73,1.89,0.86,0.0,0.79,0.19,0.0,0.02,0.0,0.13,0.84,0.03,0.0
sast-b18971daef381b6addf6726e,1,sast-b18971daef381b6addf6726e__a1.json,secondary,2026-09-24T01:09:35.513+00:00,200,,True,227.7,gen-dec-1790212175-lRn8vgHs4UBsHW3Z7XwE,typesafe/jev-1.13-20260917,TypeSafe,1272,98,5.3424e-05,0.18,DEFER,0.29,1.11,0.42,0.43,0.13,0.03,0.0,0.41,0.29,0.36,0.31,0.04,0.0
sast-b1e485d283603d545ff51500,1,sast-b1e485d283603d545ff51500__a1.json,secondary,2026-09-24T01:08:42.759+00:00,200,,True,182.5,gen-dec-1790212122-zNPVWFhvWyPFnVgJMGYn,typesafe/jev-1.13-20260917,TypeSafe,1242,98,5.2164e-05,0.19,REVIEW,0.63,1.07,0.61,0.27,0.02,0.0,0.0,0.71,0.2,0.57,0.2,0.03,0.0
sast-b2692a0631d0f6c63ee2310e,1,sast-b2692a0631d0f6c63ee2310e__a1.json,secondary,2026-09-24T01:07:35.613+00:00,200,,True,172.5,gen-dec-1790212055-jOYCtccVFgkWL98Co0aE,typesafe/jev-1.13-20260917,TypeSafe,1238,98,5.1996e-05,0.2,DEFER,0.61,0.91,0.46,0.69,0.07,0.02,0.0,0.22,0.37,0.39,0.21,0.03,0.0
sast-b375a8720c5876f002c1c531,1,sast-b375a8720c5876f002c1c531__a1.json,secondary,2026-09-24T01:08:43.292+00:00,200,,True,173.6,gen-dec-1790212123-Ep5n3PLyrgOWIykyzfJZ,typesafe/jev-1.13-20260917,TypeSafe,1232,99,5.1744e-05,0.56,STANDARD,0.51,2.46,0.55,0.0,0.62,0.32,0.02,0.04,0.0,0.04,0.49,0.44,0.03
sast-b44d2d89bfafd0bca0d85bf2,1,sast-b44d2d89bfafd0bca0d85bf2__a1.json,sast_main,2026-09-24T01:06:53.425+00:00,200,,True,201.5,gen-dec-1790212013-3cnByf4B8dJfjPBbLoI8,typesafe/jev-1.13-20260917,TypeSafe,1240,98,5.208e-05,0.13,DEFER,0.81,0.38,0.68,0.85,0.01,0.0,0.0,0.14,0.68,0.26,0.05,0.01,0.0
sast-b4baf88d003e8525f67d50a8,1,sast-b4baf88d003e8525f67d50a8__a1.json,secondary,2026-09-24T01:11:04.894+00:00,200,,True,215.7,gen-dec-1790212264-A4VJBz2fy3kakeO4oq9D,typesafe/jev-1.13-20260917,TypeSafe,1243,100,5.2206e-05,0.67,ACCELERATED,0.71,2.58,0.49,0.0,0.1,0.77,0.09,0.04,0.0,0.02,0.47,0.43,0.08
sast-b4cf889e7caa16cb0572786c,1,sast-b4cf889e7caa16cb0572786c__a1.json,sast_main,2026-09-24T01:06:17.421+00:00,200,,True,201.7,gen-dec-1790211977-blwIfDRf0qCA4HUF2thm,typesafe/jev-1.13-20260917,TypeSafe,1243,98,5.2206e-05,0.38,DEFER,0.32,2.0,0.68,0.46,0.28,0.04,0.0,0.22,0.03,0.13,0.67,0.16,0.01
sast-b52273765f608fcf196bc129,1,sast-b52273765f608fcf196bc129__a1.json,secondary,2026-09-24T01:09:24.881+00:00,200,,True,202.3,gen-dec-1790212164-LzaE2tdP3q9OSCQHdvZD,typesafe/jev-1.13-20260917,TypeSafe,1222,100,5.1324e-05,0.65,ACCELERATED,0.71,2.45,0.61,0.0,0.2,0.77,0.01,0.02,0.0,0.0,0.5700000000000001,0.41,0.02
sast-b5d9b7d42e1a79dfa01f895e,1,sast-b5d9b7d42e1a79dfa01f895e__a1.json,secondary,2026-09-24T01:13:02.776+00:00,200,,True,297.9,gen-dec-1790212382-M6aDePW15a2bKCBqsuRM,typesafe/jev-1.13-20260917,TypeSafe,1270,98,5.334e-05,0.17,REVIEW,0.27,1.18,0.51,0.4,0.18,0.01,0.0,0.41,0.2,0.43,0.36,0.01,0.0
sast-b60ea682be8e8e9b025d664b,1,sast-b60ea682be8e8e9b025d664b__a1.json,sast_main,2026-09-24T01:06:20.073+00:00,200,,True,178.0,gen-dec-1790211980-MKGtpg0ZUVawyed28bcg,typesafe/jev-1.13-20260917,TypeSafe,1241,100,5.2122e-05,0.59,ACCELERATED,0.34,2.42,0.52,0.02,0.4,0.47,0.03,0.08,0.0,0.08,0.48,0.37,0.07
sast-b6a84b18051be6565e379d7d,1,sast-b6a84b18051be6565e379d7d__a1.json,secondary,2026-09-24T01:13:03.425+00:00,200,,True,172.5,gen-dec-1790212383-oHj3vtWMrIss1G8adagw,typesafe/jev-1.13-20260917,TypeSafe,1164,100,4.8888e-05,0.8,ACCELERATED,0.75,2.74,0.59,0.0,0.02,0.8,0.16,0.01,0.0,0.0,0.37,0.52,0.11
sast-b6d848dccea67ea8a7b36e14,1,sast-b6d848dccea67ea8a7b36e14__a1.json,secondary,2026-09-24T01:11:51.415+00:00,200,,True,172.9,gen-dec-1790212311-zaAvONnBi991VIces7Ms,typesafe/jev-1.13-20260917,TypeSafe,1249,98,5.2458e-05,0.21,DEFER,0.53,1.41,0.4,0.62,0.08,0.02,0.0,0.28,0.2,0.25,0.49,0.06,0.0
sast-b7238c1858945e04ed954f96,1,sast-b7238c1858945e04ed954f96__a1.json,secondary,2026-09-24T01:11:50.837+00:00,200,,True,227.6,gen-dec-1790212310-kt7CqJydJi6AF2jyNosB,typesafe/jev-1.13-20260917,TypeSafe,1254,98,5.2668e-05,0.22,DEFER,0.44,1.27,0.23,0.56,0.1,0.03,0.0,0.31,0.3,0.22,0.39,0.09,0.0
sast-b738940e84bb45844ed3d8c2,1,sast-b738940e84bb45844ed3d8c2__a1.json,sast_main,2026-09-24T01:06:42.646+00:00,200,,True,127.2,gen-dec-1790212002-9flla3cojuPI6uUeCt2w,typesafe/jev-1.13-20260917,TypeSafe,1246,99,5.2332e-05,0.32,STANDARD,0.55,1.93,0.76,0.04,0.64,0.11,0.0,0.21,0.0,0.17,0.72,0.11,0.0
sast-b7820d3c169ab6df46e22b7a,1,sast-b7820d3c169ab6df46e22b7a__a1.json,secondary,2026-09-24T01:12:37.256+00:00,200,,True,231.7,gen-dec-1790212357-5bmiFNBJJIvrbi2ZGb2u,typesafe/jev-1.13-20260917,TypeSafe,1263,98,5.3046e-05,0.15,DEFER,0.49,0.77,0.5,0.6,0.28,0.01,0.0,0.11,0.41,0.43,0.15,0.01,0.0
sast-b7f144dbd934e3a730d72e3a,1,sast-b7f144dbd934e3a730d72e3a__a1.json,secondary,2026-09-24T01:11:43.244+00:00,200,,True,184.6,gen-dec-1790212303-Ek7y1bw4kCS2aVPVjLyF,typesafe/jev-1.13-20260917,TypeSafe,1235,98,5.187e-05,0.21,DEFER,0.51,0.98,0.42,0.62,0.07,0.01,0.0,0.3,0.36,0.35,0.23,0.05,0.01
sast-b879d45b03c92e536e96b2aa,1,sast-b879d45b03c92e536e96b2aa__a1.json,sast_main,2026-09-24T01:06:53.977+00:00,200,,True,130.5,gen-dec-1790212013-WTjzmE34Bwndp00LtQ5u,typesafe/jev-1.13-20260917,TypeSafe,1250,98,5.25e-05,0.11,DEFER,0.84,0.24,0.8,0.88,0.01,0.0,0.0,0.11,0.78,0.21,0.01,0.0,0.0
sast-b90ff7ce169985a458bdf20c,1,sast-b90ff7ce169985a458bdf20c__a1.json,secondary,2026-09-24T01:09:02.593+00:00,200,,True,151.4,gen-dec-1790212142-WY2lyuuf3EQiL5D5TrK5,typesafe/jev-1.13-20260917,TypeSafe,1264,98,5.3088e-05,0.68,REVIEW,0.52,2.84,0.55,0.0,0.03,0.33,0.02,0.62,0.0,0.01,0.34,0.45999999999999996,0.19
sast-ba87e739ceddc09fc66eeb41,1,sast-ba87e739ceddc09fc66eeb41__a1.json,secondary,2026-09-24T01:08:23.827+00:00,200,,True,189.2,gen-dec-1790212103-DoEvA0L9s4ij0rzitOXh,typesafe/jev-1.13-20260917,TypeSafe,1271,98,5.3382e-05,0.42,DEFER,0.21,1.95,0.75,0.37,0.35,0.1,0.0,0.18,0.01,0.15,0.73,0.11,0.0
sast-ba98a34431b758382c8f2d9d,1,sast-ba98a34431b758382c8f2d9d__a1.json,secondary,2026-09-24T01:12:48.870+00:00,200,,True,281.5,gen-dec-1790212368-5xiLp64apEORAo6oFLQv,typesafe/jev-1.13-20260917,TypeSafe,1275,100,5.355e-05,0.85,EMERGENCY,0.39,3.72,0.76,0.0,0.02,0.44,0.51,0.03,0.0,0.02,0.04,0.13,0.8
sast-baaf99e8212b1b1951b89888-rep1,1,sast-baaf99e8212b1b1951b89888-rep1__a1.json,secondary,2026-09-24T01:07:16.983+00:00,200,,True,198.7,gen-dec-1790212036-cMUCtrh9XvatQHV0pkO1,typesafe/jev-1.13-20260917,TypeSafe,1247,98,5.2374e-05,0.07,DEFER,0.84,0.2,0.84,0.87,0.01,0.0,0.0,0.12,0.8,0.19,0.01,0.0,0.0
sast-baaf99e8212b1b1951b89888-rep2,1,sast-baaf99e8212b1b1951b89888-rep2__a1.json,secondary,2026-09-24T01:10:53.856+00:00,200,,True,408.0,gen-dec-1790212253-Aml1yC1eNkUOoiAjodhW,typesafe/jev-1.13-20260917,TypeSafe,1247,98,5.2374e-05,0.07,DEFER,0.85,0.22,0.82,0.88,0.01,0.0,0.0,0.11,0.79,0.2,0.01,0.0,0.0
sast-baaf99e8212b1b1951b89888-rep3,1,sast-baaf99e8212b1b1951b89888-rep3__a1.json,secondary,2026-09-24T01:12:55.555+00:00,200,,True,188.2,gen-dec-1790212375-vfBIXvLMp7H7kzKjViP3,typesafe/jev-1.13-20260917,TypeSafe,1247,98,5.2374e-05,0.07,DEFER,0.86,0.2,0.83,0.89,0.01,0.0,0.0,0.1,0.8,0.19,0.01,0.0,0.0
sast-baaf99e8212b1b1951b89888,1,sast-baaf99e8212b1b1951b89888__a1.json,sast_main,2026-09-24T01:06:22.835+00:00,200,,True,137.9,gen-dec-1790211982-zYFf76uk9exYlf7n5CSQ,typesafe/jev-1.13-20260917,TypeSafe,1247,98,5.2374e-05,0.07,DEFER,0.86,0.18,0.85,0.89,0.01,0.0,0.0,0.1,0.83,0.16,0.01,0.0,0.0
sast-bb11bfe7afadfc057b25b9c4,1,sast-bb11bfe7afadfc057b25b9c4__a1.json,secondary,2026-09-24T01:10:44.785+00:00,200,,True,177.2,gen-dec-1790212244-TK2BB65N5oDg9lHwExMU,typesafe/jev-1.13-20260917,TypeSafe,1220,98,5.124e-05,0.11,DEFER,0.91,0.32,0.74,0.9400000000000001,0.0,0.0,0.0,0.06,0.72,0.25,0.03,0.0,0.0
sast-bb77401120da01d4ec33599e,1,sast-bb77401120da01d4ec33599e__a1.json,secondary,2026-09-24T01:07:52.172+00:00,200,,True,189.6,gen-dec-1790212072-cYR6jiq2IGa8fnn2PTDD,typesafe/jev-1.13-20260917,TypeSafe,1208,100,5.0736e-05,0.71,ACCELERATED,0.41,2.57,0.62,0.0,0.42,0.53,0.01,0.04,0.0,0.03,0.39,0.57,0.01
sast-bb7bddd8a559b46bfe1ceecf,1,sast-bb7bddd8a559b46bfe1ceecf__a1.json,sast_main,2026-09-24T01:06:17.973+00:00,200,,True,135.5,gen-dec-1790211977-Zc5Zn2CMNL90hsr5wJOz,typesafe/jev-1.13-20260917,TypeSafe,1261,98,5.2962e-05,0.18,DEFER,0.82,1.45,0.53,0.86,0.07,0.0,0.0,0.07,0.06,0.47000000000000003,0.45,0.02,0.0
sast-bd525522cfef433230766919,1,sast-bd525522cfef433230766919__a1.json,secondary,2026-09-24T01:11:53.245+00:00,200,,True,163.0,gen-dec-1790212313-869VPTKOv8EEQzz2rFQ7,typesafe/jev-1.13-20260917,TypeSafe,1247,98,5.2374e-05,0.16,DEFER,0.53,1.1,0.65,0.62,0.25,0.01,0.0,0.12,0.16,0.62,0.19,0.03,0.0
sast-be8426e9a873a18f0f913683,1,sast-be8426e9a873a18f0f913683__a1.json,sast_main,2026-09-24T01:06:46.254+00:00,200,,True,144.9,gen-dec-1790212006-TFM3ntvi7UTFycaRsEnV,typesafe/jev-1.13-20260917,TypeSafe,1258,100,5.2836e-05,0.54,ACCELERATED,0.55,3.22,0.53,0.01,0.14,0.64,0.13,0.08,0.0,0.02,0.13,0.46,0.39
sast-bf06b4fea6ce4b2554ad2905,1,sast-bf06b4fea6ce4b2554ad2905__a1.json,secondary,2026-09-24T01:08:59.366+00:00,200,,True,155.7,gen-dec-1790212139-9jxsTI9hka2SSbjnjaW4,typesafe/jev-1.13-20260917,TypeSafe,1223,99,5.1366e-05,0.38,STANDARD,0.23,2.07,0.72,0.19,0.39,0.17,0.01,0.24,0.01,0.11,0.69,0.18,0.01
sast-bf4556da765ff35d992679b4,1,sast-bf4556da765ff35d992679b4__a1.json,sast_main,2026-09-24T01:06:55.508+00:00,200,,True,261.3,gen-dec-1790212015-UPGLP7ROGO43ejnsj13t,typesafe/jev-1.13-20260917,TypeSafe,1237,100,5.1954e-05,0.63,ACCELERATED,0.7,3.0,0.62,0.0,0.11,0.76,0.08,0.05,0.0,0.01,0.21,0.55,0.23
sast-bfc8c6c328e5d9638b6aab07,1,sast-bfc8c6c328e5d9638b6aab07__a1.json,secondary,2026-09-24T01:08:22.841+00:00,200,,True,136.0,gen-dec-1790212102-sOxfqokRSH6vAOG3Cf8U,typesafe/jev-1.13-20260917,TypeSafe,1251,98,5.2542e-05,0.16,DEFER,0.66,0.94,0.71,0.73,0.13,0.0,0.0,0.14,0.21,0.66,0.13,0.0,0.0
sast-c04a3e979381a0cfa7707d2b,1,sast-c04a3e979381a0cfa7707d2b__a1.json,sast_main,2026-09-24T01:06:12.841+00:00,200,,True,230.4,gen-dec-1790211972-gd7jksEFQJrg6nst4EJR,typesafe/jev-1.13-20260917,TypeSafe,1245,100,5.229e-05,0.81,ACCELERATED,0.42,3.69,0.74,0.0,0.02,0.54,0.42,0.02,0.0,0.0,0.05,0.2,0.75
sast-c062b03d4c04bacbfb4fb933,1,sast-c062b03d4c04bacbfb4fb933__a1.json,sast_main,2026-09-24T01:05:57.875+00:00,200,,True,208.8,gen-dec-1790211957-BKh70Mr9LpqaLtCzzs1j,typesafe/jev-1.13-20260917,TypeSafe,1252,98,5.2584e-05,0.17,DEFER,0.76,0.84,0.48,0.8,0.04,0.01,0.0,0.15,0.39,0.4,0.2,0.01,0.0
sast-c1f312696ec867203f2e4d9b,1,sast-c1f312696ec867203f2e4d9b__a1.json,secondary,2026-09-24T01:12:22.487+00:00,200,,True,175.0,gen-dec-1790212342-yomcY8SnxWZdRCNqt2GK,typesafe/jev-1.13-20260917,TypeSafe,1237,98,5.1954e-05,0.58,REVIEW,0.93,2.45,0.51,0.0,0.02,0.03,0.0,0.95,0.0,0.06,0.49,0.37,0.08
sast-c2b0e2f4fe26dbb10626a1a1,1,sast-c2b0e2f4fe26dbb10626a1a1__a1.json,secondary,2026-09-24T01:07:17.532+00:00,200,,True,214.2,gen-dec-1790212037-VXih9ifAL7kXpV1mj2RO,typesafe/jev-1.13-20260917,TypeSafe,1284,100,5.3928e-05,0.58,ACCELERATED,0.23,2.84,0.45,0.01,0.26,0.38,0.24,0.11,0.0,0.06,0.29,0.4,0.25
sast-c2b42fe462e371a75bb75346,1,sast-c2b42fe462e371a75bb75346__a1.json,secondary,2026-09-24T01:08:00.280+00:00,200,,True,141.1,gen-dec-1790212080-nM9FsZYzE72HBzFHz8ji,typesafe/jev-1.13-20260917,TypeSafe,1240,98,5.208e-05,0.16,DEFER,0.84,0.76,0.36,0.87,0.04,0.0,0.0,0.09,0.42,0.41,0.16,0.01,0.0
sast-c2ce2f045b6155f52043f507,1,sast-c2ce2f045b6155f52043f507__a1.json,secondary,2026-09-24T01:08:51.786+00:00,200,,True,180.4,gen-dec-1790212131-8VMy6nvz3vXsUXNDN7GI,typesafe/jev-1.13-20260917,TypeSafe,1234,99,5.1828e-05,0.23,STANDARD,0.38,1.69,0.7,0.35,0.51,0.02,0.0,0.12,0.01,0.31,0.66,0.02,0.0
sast-c3319e907a50c586610fef74,1,sast-c3319e907a50c586610fef74__a1.json,secondary,2026-09-24T01:08:15.896+00:00,200,,True,300.9,gen-dec-1790212095-j7lzbAh7S1EvAVhgp9VX,typesafe/jev-1.13-20260917,TypeSafe,1230,98,5.166e-05,0.13,DEFER,0.68,0.72,0.4,0.74,0.04,0.0,0.0,0.22,0.43,0.44,0.11,0.02,0.0
sast-c4d78084fb27e5f6a980fc3e,1,sast-c4d78084fb27e5f6a980fc3e__a1.json,secondary,2026-09-24T01:12:23.013+00:00,200,,True,223.9,gen-dec-1790212343-bniLycscN9u9mE3tsYUl,typesafe/jev-1.13-20260917,TypeSafe,1200,100,5.04e-05,0.67,ACCELERATED,0.35,2.6,0.63,0.0,0.47,0.48,0.01,0.04,0.0,0.03,0.36,0.59,0.02
sast-c4fbc771bed0cb749ebbf097,1,sast-c4fbc771bed0cb749ebbf097__a1.json,secondary,2026-09-24T01:10:09.504+00:00,200,,True,194.3,gen-dec-1790212209-WPajxD98khbwejJ6HLVH,typesafe/jev-1.13-20260917,TypeSafe,1243,100,5.2206e-05,0.64,ACCELERATED,0.7,3.4,0.5,0.0,0.08,0.76,0.12,0.04,0.0,0.0,0.06,0.46,0.48
sast-c552c80acfd64f355278befe,1,sast-c552c80acfd64f355278befe__a1.json,secondary,2026-09-24T01:10:08.487+00:00,200,,True,166.9,gen-dec-1790212208-LrfdiCSUYoRRDwRxZDRU,typesafe/jev-1.13-20260917,TypeSafe,1250,100,5.25e-05,0.7,ACCELERATED,0.62,2.64,0.44,0.0,0.1,0.71,0.15,0.04,0.0,0.01,0.48,0.36,0.15
sast-c565c94bd2198729be61a6a3,1,sast-c565c94bd2198729be61a6a3__a1.json,secondary,2026-09-24T01:09:48.228+00:00,200,,True,352.4,gen-dec-1790212188-hE12PdgsYmusk7BHxPCR,typesafe/jev-1.13-20260917,TypeSafe,1234,98,5.1828e-05,0.14,DEFER,0.76,0.67,0.44,0.81,0.06,0.0,0.0,0.13,0.47,0.4,0.13,0.0,0.0
sast-c5da68da0439718e22ee2f0f,1,sast-c5da68da0439718e22ee2f0f__a1.json,sast_main,2026-09-24T01:06:05.831+00:00,200,,True,190.5,gen-dec-1790211965-UoeTFscX4OpRElsiN1Yv,typesafe/jev-1.13-20260917,TypeSafe,1276,98,5.3592e-05,0.23,DEFER,0.31,1.54,0.54,0.46,0.26,0.02,0.0,0.26,0.04,0.43,0.49,0.04,0.0
sast-c6a02ac20cca22e63d668f57,1,sast-c6a02ac20cca22e63d668f57__a1.json,secondary,2026-09-24T01:10:34.392+00:00,200,,True,179.2,gen-dec-1790212234-oG6RscA5LYmkI5t1gPGh,typesafe/jev-1.13-20260917,TypeSafe,1248,98,5.2416e-05,0.11,DEFER,0.8,0.51,0.57,0.85,0.02,0.0,0.0,0.13,0.6,0.32,0.07,0.01,0.0
sast-c75036f937f71971ada338c3,1,sast-c75036f937f71971ada338c3__a1.json,sast_main,2026-09-24T01:06:51.850+00:00,200,,True,198.0,gen-dec-1790212011-gLPyf7VMreEXIDnYRTy6,typesafe/jev-1.13-20260917,TypeSafe,1258,98,5.2836e-05,0.35,DEFER,0.38,1.63,0.27,0.51,0.13,0.03,0.0,0.33,0.12,0.38,0.32,0.12,0.06
sast-c824680e9fbeda9db6f7ed66,1,sast-c824680e9fbeda9db6f7ed66__a1.json,sast_main,2026-09-24T01:06:59.225+00:00,200,,True,175.0,gen-dec-1790212019-DnOKUZBGjUgnezGzvlm6,typesafe/jev-1.13-20260917,TypeSafe,1270,98,5.334e-05,0.24,DEFER,0.68,0.94,0.45,0.74,0.02,0.01,0.0,0.23,0.36,0.38,0.22,0.03,0.01
sast-c84bbc4154c7625c48b530aa,1,sast-c84bbc4154c7625c48b530aa__a1.json,secondary,2026-09-24T01:10:57.373+00:00,200,,True,142.8,gen-dec-1790212257-VEP9E1DpdagwpEzqXqSf,typesafe/jev-1.13-20260917,TypeSafe,1256,98,5.2752e-05,0.16,DEFER,0.5,1.15,0.6,0.6,0.12,0.02,0.0,0.26,0.17,0.55,0.24,0.04,0.0
sast-c872a7134067931baa94c71b,1,sast-c872a7134067931baa94c71b__a1.json,sast_main,2026-09-24T01:06:23.868+00:00,200,,True,165.9,gen-dec-1790211983-2xj4DM1f1EtlcJDr8ryE,typesafe/jev-1.13-20260917,TypeSafe,1255,98,5.271e-05,0.12,DEFER,0.5,0.95,0.74,0.6,0.13,0.01,0.0,0.26,0.18,0.7,0.11,0.01,0.0
sast-c994d29882bf68682a7d3989,1,sast-c994d29882bf68682a7d3989__a1.json,secondary,2026-09-24T01:11:37.100+00:00,200,,True,292.5,gen-dec-1790212297-oTmjNaVp2fDD2PurTPzz,typesafe/jev-1.13-20260917,TypeSafe,1230,99,5.166e-05,0.36,STANDARD,0.23,2.03,0.67,0.22,0.39,0.05,0.0,0.34,0.01,0.17,0.61,0.2,0.01
sast-cbfa5cd034af3ef2e1519eb6,1,sast-cbfa5cd034af3ef2e1519eb6__a1.json,sast_main,2026-09-24T01:05:53.573+00:00,200,,True,222.5,gen-dec-1790211953-owqwL3TXgaDhtLCCnP37,typesafe/jev-1.13-20260917,TypeSafe,1254,100,5.2668e-05,0.8,EMERGENCY,0.47,3.78,0.82,0.0,0.02,0.26,0.58,0.14,0.01,0.01,0.03,0.1,0.85
sast-cc3484969872be8277887f09,1,sast-cc3484969872be8277887f09__a1.json,secondary,2026-09-24T01:08:41.116+00:00,200,,True,236.9,gen-dec-1790212121-0qRRl5BVD16W4Ox3Idxi,typesafe/jev-1.13-20260917,TypeSafe,1231,100,5.1702e-05,0.75,ACCELERATED,0.27,3.06,0.54,0.01,0.18,0.42,0.27,0.12,0.0,0.03,0.18,0.48,0.31
sast-ccf175562f2abe98c7fd896e,1,sast-ccf175562f2abe98c7fd896e__a1.json,secondary,2026-09-24T01:11:40.600+00:00,200,,True,157.6,gen-dec-1790212300-1l0AKIKZvEtfdWW41uq7,typesafe/jev-1.13-20260917,TypeSafe,1262,100,5.3004e-05,0.66,ACCELERATED,0.4,2.57,0.49,0.0,0.09,0.52,0.06,0.33,0.0,0.02,0.5,0.36,0.12
sast-cdcb60b094ab31213538f546,1,sast-cdcb60b094ab31213538f546__a1.json,sast_main,2026-09-24T01:05:56.271+00:00,200,,True,216.4,gen-dec-1790211956-jKmqtDaU6OZCA9u4IDLr,typesafe/jev-1.13-20260917,TypeSafe,1268,98,5.3256e-05,0.15,DEFER,0.75,1.04,0.54,0.81,0.13,0.0,0.0,0.06,0.26,0.44,0.29,0.01,0.0
sast-cdf6b8715046a0ae52550179,1,sast-cdf6b8715046a0ae52550179__a1.json,sast_main,2026-09-24T01:06:00.544+00:00,200,,True,131.1,gen-dec-1790211960-iiLrF7VSwynYEqdAR9dK,typesafe/jev-1.13-20260917,TypeSafe,1232,100,5.1744e-05,0.66,ACCELERATED,0.35,2.38,0.66,0.01,0.4,0.48,0.01,0.1,0.0,0.02,0.59,0.38,0.01
sast-ce464f19c80e468a2ff9eebd,1,sast-ce464f19c80e468a2ff9eebd__a1.json,sast_main,2026-09-24T01:06:47.254+00:00,200,,True,146.2,gen-dec-1790212007-lUJgdlvZ7Su0OicNusP4,typesafe/jev-1.13-20260917,TypeSafe,1258,98,5.2836e-05,0.23,DEFER,0.74,1.17,0.43,0.79,0.06,0.02,0.0,0.13,0.26,0.41000000000000003,0.26,0.06,0.01
sast-cf90fc040e851afb13c0cbbb,1,sast-cf90fc040e851afb13c0cbbb__a1.json,sast_main,2026-09-24T01:06:01.025+00:00,200,,True,178.9,gen-dec-1790211961-PxCIPJXB9eVgVgDrfcgO,typesafe/jev-1.13-20260917,TypeSafe,1256,98,5.2752e-05,0.08,DEFER,0.66,0.48,0.6,0.74,0.02,0.0,0.0,0.24,0.56,0.41,0.03,0.0,0.0
sast-d06d64756f2359545a707698,1,sast-d06d64756f2359545a707698__a1.json,secondary,2026-09-24T01:08:26.476+00:00,200,,True,174.7,gen-dec-1790212106-ZtCy2gvmPcMGPECmRqlQ,typesafe/jev-1.13-20260917,TypeSafe,1283,98,5.3886e-05,0.32,REVIEW,0.48,2.43,0.16,0.04,0.18,0.1,0.1,0.58,0.08,0.14,0.26,0.3,0.22
sast-d298448532a6d9c896457a15,1,sast-d298448532a6d9c896457a15__a1.json,secondary,2026-09-24T01:10:53.315+00:00,200,,True,190.7,gen-dec-1790212253-qKC2HaU8qBXMbrlCYU6s,typesafe/jev-1.13-20260917,TypeSafe,1238,98,5.1996e-05,0.24,DEFER,0.73,1.4,0.53,0.78,0.08,0.01,0.0,0.13,0.08,0.46,0.44,0.02,0.0
sast-d504bf8e050e4b5503249396,1,sast-d504bf8e050e4b5503249396__a1.json,secondary,2026-09-24T01:12:27.555+00:00,200,,True,184.8,gen-dec-1790212347-jos07etUqFPUQGTg5tcA,typesafe/jev-1.13-20260917,TypeSafe,1167,98,4.9014e-05,0.08,DEFER,0.91,0.29,0.75,0.93,0.01,0.0,0.0,0.06,0.72,0.27,0.01,0.0,0.0
sast-d85ac1da4f655e1b1eb93b6c,1,sast-d85ac1da4f655e1b1eb93b6c__a1.json,sast_main,2026-09-24T01:06:13.935+00:00,200,,True,299.9,gen-dec-1790211973-6fyTkvckAh4udqqRb6cS,typesafe/jev-1.13-20260917,TypeSafe,1244,98,5.2248e-05,0.3,DEFER,0.57,1.48,0.31,0.66,0.08,0.03,0.0,0.23,0.17,0.34,0.38,0.06,0.05
sast-d8d4b6b0b3d8cd457d409889,1,sast-d8d4b6b0b3d8cd457d409889__a1.json,secondary,2026-09-24T01:13:07.148+00:00,200,,True,177.9,gen-dec-1790212387-RbzDSk4AdyFGYWxQ6UiP,typesafe/jev-1.13-20260917,TypeSafe,1259,98,5.2878e-05,0.15,REVIEW,0.4,1.03,0.74,0.32,0.14,0.01,0.0,0.53,0.14,0.71,0.13,0.02,0.0
sast-d9a6f9f08e2df89d247646b1,1,sast-d9a6f9f08e2df89d247646b1__a1.json,secondary,2026-09-24T01:08:41.703+00:00,200,,True,207.0,gen-dec-1790212121-90KJChlqPEXnMefSx6mH,typesafe/jev-1.13-20260917,TypeSafe,1230,100,5.166e-05,0.87,EMERGENCY,0.38,3.85,0.88,0.0,0.01,0.48,0.5,0.01,0.0,0.0,0.01,0.13,0.86
sast-d9caec6e8efee31c5debd674,1,sast-d9caec6e8efee31c5debd674__a1.json,secondary,2026-09-24T01:11:11.716+00:00,200,,True,202.2,gen-dec-1790212271-fOHRxl2vrC3jEQlnBkHB,typesafe/jev-1.13-20260917,TypeSafe,1243,98,5.2206e-05,0.41,DEFER,0.1,2.68,0.53,0.28,0.28,0.2,0.01,0.23,0.01,0.05,0.3,0.52,0.12
sast-da018e749d0239d977a9bcf2,1,sast-da018e749d0239d977a9bcf2__a1.json,secondary,2026-09-24T01:12:15.565+00:00,200,,True,163.5,gen-dec-1790212335-45yr3AyBZX42AgOLEqsK,typesafe/jev-1.13-20260917,TypeSafe,1275,98,5.355e-05,0.07,DEFER,0.96,0.23,0.8,0.97,0.01,0.0,0.0,0.02,0.78,0.21,0.01,0.0,0.0
sast-da1eb368928b4b43fe1a90c8,1,sast-da1eb368928b4b43fe1a90c8__a1.json,secondary,2026-09-24T01:10:43.077+00:00,200,,True,197.0,gen-dec-1790212243-9FVFXZqIb04kDSOTKRQr,typesafe/jev-1.13-20260917,TypeSafe,1223,100,5.1366e-05,0.69,ACCELERATED,0.75,2.41,0.64,0.0,0.18,0.8,0.01,0.01,0.0,0.01,0.58,0.4,0.01
sast-da5dc384b6af12502c491329,1,sast-da5dc384b6af12502c491329__a1.json,secondary,2026-09-24T01:10:33.836+00:00,200,,True,206.0,gen-dec-1790212233-oC0nghBlRUuXTyA3KBDl,typesafe/jev-1.13-20260917,TypeSafe,1251,98,5.2542e-05,0.3,REVIEW,0.49,1.54,0.56,0.23,0.15,0.02,0.0,0.6,0.06,0.37,0.53,0.04,0.0
sast-db1ba9e4e9bc899c2bedac25,1,sast-db1ba9e4e9bc899c2bedac25__a1.json,secondary,2026-09-24T01:12:16.573+00:00,200,,True,153.9,gen-dec-1790212336-6pjyKRaF2r1nxlS4Ejf4,typesafe/jev-1.13-20260917,TypeSafe,1258,98,5.2836e-05,0.14,DEFER,0.53,0.84,0.5,0.63,0.07,0.0,0.0,0.3,0.38,0.41000000000000003,0.21,0.0,0.0
sast-db406b2c66b3927ebcd6dcdd,1,sast-db406b2c66b3927ebcd6dcdd__a1.json,secondary,2026-09-24T01:12:10.499+00:00,200,,True,188.7,gen-dec-1790212330-A3TmGUAEqh6PHXsJyuxc,typesafe/jev-1.13-20260917,TypeSafe,1165,100,4.893e-05,0.95,EMERGENCY,0.74,3.96,0.97,0.0,0.0,0.2,0.8,0.0,0.0,0.0,0.0,0.03,0.97
sast-dc0e451101931fb4cdf61519,1,sast-dc0e451101931fb4cdf61519__a1.json,secondary,2026-09-24T01:08:03.338+00:00,200,,True,218.4,gen-dec-1790212083-sAXmYtNBVFSeFyfGu03a,typesafe/jev-1.13-20260917,TypeSafe,1282,100,5.3844e-05,0.59,ACCELERATED,0.32,2.9,0.53,0.02,0.28,0.45,0.08,0.17,0.0,0.03,0.27,0.47,0.23
sast-dc478feb0f12f009fc60de8a,1,sast-dc478feb0f12f009fc60de8a__a1.json,sast_main,2026-09-24T01:06:06.372+00:00,200,,True,139.6,gen-dec-1790211966-zRYMv5CWZO4xqPOgORJP,typesafe/jev-1.13-20260917,TypeSafe,1251,98,5.2542e-05,0.35,DEFER,0.54,1.52,0.38,0.64,0.11,0.02,0.0,0.23,0.12,0.36,0.4,0.1,0.02
sast-dc67a00b2ac1009edd573511,1,sast-dc67a00b2ac1009edd573511__a1.json,secondary,2026-09-24T01:09:39.143+00:00,200,,True,150.6,gen-dec-1790212179-MIzoMC0XcLVCk1wwXfwC,typesafe/jev-1.13-20260917,TypeSafe,1248,99,5.2416e-05,0.37,STANDARD,0.56,2.05,0.66,0.05,0.65,0.15,0.0,0.15,0.01,0.16,0.61,0.22,0.0
sast-dc9b9c54d637b407803cadf0,1,sast-dc9b9c54d637b407803cadf0__a1.json,secondary,2026-09-24T01:09:15.128+00:00,200,,True,194.9,gen-dec-1790212155-edlCYq05imM0L4hWdSBi,typesafe/jev-1.13-20260917,TypeSafe,1238,100,5.1996e-05,0.78,ACCELERATED,0.52,3.65,0.71,0.0,0.04,0.62,0.33,0.01,0.0,0.0,0.04,0.26,0.7
sast-dcf77cb4de297a789fa38d33-rep1,1,sast-dcf77cb4de297a789fa38d33-rep1__a1.json,secondary,2026-09-24T01:11:48.368+00:00,200,,True,164.2,gen-dec-1790212308-zJL9RWVIPdCpQmOYm27V,typesafe/jev-1.13-20260917,TypeSafe,1267,98,5.3214e-05,0.18,DEFER,0.39,1.17,0.66,0.51,0.17,0.02,0.0,0.3,0.12,0.63,0.23,0.02,0.0
sast-dcf77cb4de297a789fa38d33-rep2,1,sast-dcf77cb4de297a789fa38d33-rep2__a1.json,secondary,2026-09-24T01:13:02.139+00:00,200,,True,286.4,gen-dec-1790212382-6YaQ3G8y0vB9whNEK8d3,typesafe/jev-1.13-20260917,TypeSafe,1267,98,5.3214e-05,0.2,DEFER,0.39,1.18,0.63,0.52,0.15,0.02,0.0,0.31,0.13,0.6,0.23,0.03,0.01
sast-dcf77cb4de297a789fa38d33-rep3,1,sast-dcf77cb4de297a789fa38d33-rep3__a1.json,secondary,2026-09-24T01:09:33.923+00:00,200,,True,172.6,gen-dec-1790212173-asoGbH2P4AzZ00xoNsMj,typesafe/jev-1.13-20260917,TypeSafe,1267,98,5.3214e-05,0.19,DEFER,0.41,1.2,0.67,0.53,0.17,0.02,0.0,0.28,0.1,0.63,0.25,0.02,0.0
sast-dcf77cb4de297a789fa38d33,1,sast-dcf77cb4de297a789fa38d33__a1.json,sast_main,2026-09-24T01:06:04.190+00:00,200,,True,134.4,gen-dec-1790211964-qYn47MDwhtq6ti0HSqNr,typesafe/jev-1.13-20260917,TypeSafe,1267,98,5.3214e-05,0.19,DEFER,0.45,1.18,0.65,0.56,0.13,0.02,0.0,0.28,0.12,0.61,0.24,0.03,0.0
sast-ddb829b86a0022636d55674a,1,sast-ddb829b86a0022636d55674a__a1.json,secondary,2026-09-24T01:07:27.445+00:00,200,,True,164.2,gen-dec-1790212047-WpHjXCZ93HDx0jsrJ9ro,typesafe/jev-1.13-20260917,TypeSafe,1261,98,5.2962e-05,0.09,DEFER,0.9,0.29,0.76,0.92,0.01,0.0,0.0,0.07,0.72,0.27,0.01,0.0,0.0
sast-ddfd2ead26ba6799a54170a4,1,sast-ddfd2ead26ba6799a54170a4__a1.json,secondary,2026-09-24T01:11:55.409+00:00,200,,True,171.8,gen-dec-1790212315-pkjlEQaCvb1nkMSZhmEs,typesafe/jev-1.13-20260917,TypeSafe,1243,98,5.2206e-05,0.21,DEFER,0.54,1.41,0.3,0.63,0.09,0.03,0.0,0.25,0.21,0.29,0.39,0.1,0.01
sast-de08277d9d4547da5ef31fb6,1,sast-de08277d9d4547da5ef31fb6__a1.json,secondary,2026-09-24T01:10:46.482+00:00,200,,True,198.7,gen-dec-1790212246-4CXflUUJUJGbz6U782xA,typesafe/jev-1.13-20260917,TypeSafe,1254,99,5.2668e-05,0.37,STANDARD,0.48,2.01,0.64,0.06,0.58,0.18,0.01,0.17,0.02,0.18,0.58,0.21,0.01
sast-df45e0d15592733c95cc378d,1,sast-df45e0d15592733c95cc378d__a1.json,secondary,2026-09-24T01:08:56.689+00:00,200,,True,155.2,gen-dec-1790212136-6uTwc8iL5hLT3Ddl3zSV,typesafe/jev-1.13-20260917,TypeSafe,1230,98,5.166e-05,0.21,DEFER,0.85,1.22,0.59,0.87,0.06,0.01,0.0,0.06,0.14,0.52,0.33,0.01,0.0
sast-dfa56d60c4597d3390340cf8,1,sast-dfa56d60c4597d3390340cf8__a1.json,secondary,2026-09-24T01:08:18.109+00:00,200,,True,175.4,gen-dec-1790212098-s96N715PMCk373kWJm0z,typesafe/jev-1.13-20260917,TypeSafe,1222,98,5.1324e-05,0.21,DEFER,0.61,0.96,0.2,0.69,0.03,0.02,0.0,0.26,0.38,0.36,0.18,0.07,0.01
sast-dfb3214582257496f2ebcd39,1,sast-dfb3214582257496f2ebcd39__a1.json,secondary,2026-09-24T01:07:18.096+00:00,200,,True,158.6,gen-dec-1790212038-vBSfROfzdnP3mVnsByHW,typesafe/jev-1.13-20260917,TypeSafe,1254,98,5.2668e-05,0.18,DEFER,0.55,0.93,0.57,0.64,0.17,0.01,0.0,0.18,0.29,0.5,0.2,0.01,0.0
sast-e119b7dfb22231d487c0c2fa,1,sast-e119b7dfb22231d487c0c2fa__a1.json,secondary,2026-09-24T01:09:51.823+00:00,200,,True,165.7,gen-dec-1790212191-9c6NvXbnkJRa72R6iogU,typesafe/jev-1.13-20260917,TypeSafe,1275,99,5.355e-05,0.58,STANDARD,0.37,2.57,0.63,0.0,0.5,0.43,0.01,0.06,0.0,0.04,0.34,0.62,0.0
sast-e14fa94bdd3b8725941957f0,1,sast-e14fa94bdd3b8725941957f0__a1.json,sast_main,2026-09-24T01:06:12.316+00:00,200,,True,174.1,gen-dec-1790211972-13HQHm5DaFWDDYRSxRdi,typesafe/jev-1.13-20260917,TypeSafe,1248,100,5.2416e-05,0.68,ACCELERATED,0.4,2.8,0.73,0.01,0.2,0.52,0.07,0.2,0.01,0.01,0.22,0.69,0.07
sast-e15fdc12c71417ba6823ec55,1,sast-e15fdc12c71417ba6823ec55__a1.json,secondary,2026-09-24T01:07:55.076+00:00,200,,True,176.4,gen-dec-1790212075-xgnssILyVbRtiHQEg7v8,typesafe/jev-1.13-20260917,TypeSafe,1263,98,5.3046e-05,0.23,DEFER,0.32,1.26,0.57,0.46,0.16,0.01,0.0,0.37,0.13,0.51,0.34,0.02,0.0
sast-e19df998532a31929954b04d,1,sast-e19df998532a31929954b04d__a1.json,secondary,2026-09-24T01:08:52.886+00:00,200,,True,189.7,gen-dec-1790212132-81G3cuC2U1VptdKhy4qJ,typesafe/jev-1.13-20260917,TypeSafe,1273,100,5.3466e-05,0.63,ACCELERATED,0.44,2.61,0.66,0.01,0.34,0.55,0.0,0.1,0.0,0.01,0.36,0.62,0.01
sast-e1f98b59c8ef89ae894a59b9,1,sast-e1f98b59c8ef89ae894a59b9__a1.json,secondary,2026-09-24T01:08:50.084+00:00,200,,True,147.4,gen-dec-1790212130-YqRpKUNx19yi4ZJjzbpz,typesafe/jev-1.13-20260917,TypeSafe,1263,98,5.3046e-05,0.17,DEFER,0.42,1.15,0.33,0.53,0.23,0.03,0.01,0.2,0.32,0.34,0.24,0.07,0.03
sast-e23d155892a3af2129f934b3,1,sast-e23d155892a3af2129f934b3__a1.json,secondary,2026-09-24T01:12:32.189+00:00,200,,True,213.7,gen-dec-1790212352-NRPdH8z3bNECqtTmSR3a,typesafe/jev-1.13-20260917,TypeSafe,1253,99,5.2626e-05,0.42,STANDARD,0.2,2.66,0.41,0.03,0.36,0.33,0.05,0.23,0.01,0.11,0.28,0.42,0.18
sast-e264755c64339abd861982df,1,sast-e264755c64339abd861982df__a1.json,secondary,2026-09-24T01:07:13.247+00:00,200,,True,211.0,gen-dec-1790212033-dasooJvD0xhVM3rvIqN9,typesafe/jev-1.13-20260917,TypeSafe,1249,98,5.2458e-05,0.64,REVIEW,0.79,2.86,0.7,0.0,0.01,0.14,0.01,0.84,0.0,0.01,0.22,0.66,0.11
sast-e2792557425bb1f854a9ec1f,1,sast-e2792557425bb1f854a9ec1f__a1.json,secondary,2026-09-24T01:07:41.163+00:00,200,,True,192.5,gen-dec-1790212061-ndI6PoVW0TFxr6CzlMZ7,typesafe/jev-1.13-20260917,TypeSafe,1263,98,5.3046e-05,0.13,DEFER,0.79,0.77,0.55,0.83,0.09,0.01,0.0,0.07,0.39,0.45999999999999996,0.14,0.01,0.0
sast-e346d05a5280675116b016b1,1,sast-e346d05a5280675116b016b1__a1.json,secondary,2026-09-24T01:11:49.399+00:00,200,,True,442.3,gen-dec-1790212309-Ty5b7m8DOPB9JVnvfFAC,typesafe/jev-1.13-20260917,TypeSafe,1227,98,5.1534e-05,0.64,REVIEW,0.44,2.55,0.44,0.0,0.1,0.29,0.06,0.55,0.0,0.05,0.45,0.38,0.12
sast-e39265115ae3317dc3ed0f48,1,sast-e39265115ae3317dc3ed0f48__a1.json,sast_main,2026-09-24T01:06:54.993+00:00,200,,True,164.1,gen-dec-1790212015-c3DFyXl8hUX4owSJf3VQ,typesafe/jev-1.13-20260917,TypeSafe,1239,100,5.2038e-05,0.38,ACCELERATED,0.24,2.62,0.44,0.02,0.38,0.39,0.03,0.18,0.0,0.09,0.33,0.43,0.15
sast-e4320b4a7b0d59a932e03e28,1,sast-e4320b4a7b0d59a932e03e28__a1.json,secondary,2026-09-24T01:12:03.854+00:00,200,,True,179.4,gen-dec-1790212323-INQKmO4st7kTpzs9A0b6,typesafe/jev-1.13-20260917,TypeSafe,1183,100,4.9686e-05,0.77,ACCELERATED,0.72,2.75,0.56,0.0,0.05,0.77,0.15,0.03,0.0,0.01,0.38,0.47,0.14
sast-e437c4d18cb4e98b092248c6,1,sast-e437c4d18cb4e98b092248c6__a1.json,secondary,2026-09-24T01:10:22.170+00:00,200,,True,301.6,gen-dec-1790212222-dT2rSiZke0RyZsqklL2h,typesafe/jev-1.13-20260917,TypeSafe,1235,99,5.187e-05,0.47,STANDARD,0.53,1.96,0.72,0.02,0.63,0.26,0.0,0.09,0.0,0.18,0.67,0.15,0.0
sast-e4aee746825d633575cdfd7c,1,sast-e4aee746825d633575cdfd7c__a1.json,secondary,2026-09-24T01:09:59.328+00:00,200,,True,213.2,gen-dec-1790212199-kywOx5sYKND6tQAibbeZ,typesafe/jev-1.13-20260917,TypeSafe,1246,98,5.2332e-05,0.22,DEFER,0.6,1.28,0.35,0.67,0.08,0.03,0.0,0.22,0.25,0.34,0.31,0.08,0.02
sast-e61748200f306cda614f2766,1,sast-e61748200f306cda614f2766__a1.json,secondary,2026-09-24T01:08:39.991+00:00,200,,True,233.0,gen-dec-1790212119-xe5h7xyrPu1lsUBEFIS1,typesafe/jev-1.13-20260917,TypeSafe,1252,98,5.2584e-05,0.15,DEFER,0.69,0.81,0.65,0.76,0.11,0.0,0.0,0.13,0.3,0.59,0.11,0.0,0.0
sast-e6a1c1455ef40c8e18f750e6,1,sast-e6a1c1455ef40c8e18f750e6__a1.json,secondary,2026-09-24T01:08:44.360+00:00,200,,True,179.3,gen-dec-1790212124-e6q4OYeLu12HgZfyvwfW,typesafe/jev-1.13-20260917,TypeSafe,1256,98,5.2752e-05,0.12,DEFER,0.6,0.6,0.5,0.68,0.13,0.01,0.0,0.18,0.48,0.43,0.08,0.01,0.0
sast-e6ac33a336de374f7c2270fe,1,sast-e6ac33a336de374f7c2270fe__a1.json,sast_main,2026-09-24T01:06:29.353+00:00,200,,True,228.2,gen-dec-1790211989-Vo4ehI2bOa79p9iww4t0,typesafe/jev-1.13-20260917,TypeSafe,1231,100,5.1702e-05,0.64,ACCELERATED,0.8,2.99,0.79,0.0,0.09,0.84,0.04,0.03,0.0,0.0,0.13,0.75,0.12
sast-e7506cd80aa9fe69b33263cb,1,sast-e7506cd80aa9fe69b33263cb__a1.json,secondary,2026-09-24T01:07:31.402+00:00,200,,True,208.3,gen-dec-1790212051-myBZqgEBXBnxidT1wCmG,typesafe/jev-1.13-20260917,TypeSafe,1240,98,5.208e-05,0.15,DEFER,0.82,0.72,0.4,0.85,0.04,0.01,0.0,0.1,0.45,0.39,0.15,0.01,0.0
sast-e8ee3804e36b89c175f1bde6,1,sast-e8ee3804e36b89c175f1bde6__a1.json,secondary,2026-09-24T01:11:27.193+00:00,200,,True,606.8,gen-dec-1790212287-0U4SrG3nIzhY1zrn99O8,typesafe/jev-1.13-20260917,TypeSafe,1221,100,5.1282e-05,0.66,ACCELERATED,0.72,2.33,0.71,0.0,0.2,0.78,0.01,0.01,0.0,0.01,0.66,0.32,0.01
sast-e9a4643d620d94a73b2151b3,1,sast-e9a4643d620d94a73b2151b3__a1.json,secondary,2026-09-24T01:11:28.150+00:00,200,,True,192.4,gen-dec-1790212288-k5DmSny1fo7NlSsioHSI,typesafe/jev-1.13-20260917,TypeSafe,1259,98,5.2878e-05,0.08,DEFER,0.95,0.27,0.78,0.96,0.0,0.0,0.0,0.04,0.74,0.26,0.0,0.0,0.0
sast-e9e9f76c4cb2c096b8a81d19,1,sast-e9e9f76c4cb2c096b8a81d19__a1.json,secondary,2026-09-24T01:09:49.549+00:00,200,,True,194.8,gen-dec-1790212189-Urc6jrHgj3k06GNzQfR2,typesafe/jev-1.13-20260917,TypeSafe,1258,98,5.2836e-05,0.24,DEFER,0.31,1.83,0.63,0.46,0.28,0.04,0.0,0.22,0.03,0.25,0.59,0.12,0.01
sast-ea9edd8c8db4cba883946817,1,sast-ea9edd8c8db4cba883946817__a1.json,secondary,2026-09-24T01:12:46.709+00:00,200,,True,455.5,gen-dec-1790212366-8w7GDHYHVtPX8zQY72ZF,typesafe/jev-1.13-20260917,TypeSafe,1239,98,5.2038e-05,0.12,DEFER,0.66,0.58,0.51,0.73,0.08,0.0,0.0,0.19,0.52,0.38,0.1,0.0,0.0
sast-ed17e34f6dc0c3a3e4acfa81,1,sast-ed17e34f6dc0c3a3e4acfa81__a1.json,secondary,2026-09-24T01:09:23.223+00:00,200,,True,180.3,gen-dec-1790212163-vfg42EItOkGpiMvqtCRt,typesafe/jev-1.13-20260917,TypeSafe,1255,100,5.271e-05,0.83,ACCELERATED,0.57,3.51,0.59,0.0,0.01,0.66,0.32,0.01,0.0,0.0,0.06,0.37,0.57
sast-ed62b89e5c2e3dd55ee18b40,1,sast-ed62b89e5c2e3dd55ee18b40__a1.json,secondary,2026-09-24T01:07:11.616+00:00,200,,True,176.1,gen-dec-1790212031-ekmtKsotizNOA90FCS2V,typesafe/jev-1.13-20260917,TypeSafe,1271,100,5.3382e-05,0.64,ACCELERATED,0.47,2.46,0.44,0.02,0.3,0.58,0.04,0.06,0.01,0.09,0.42,0.4,0.08
sast-ee93e5a35204bb70008421aa,1,sast-ee93e5a35204bb70008421aa__a1.json,secondary,2026-09-24T01:07:21.020+00:00,200,,True,224.4,gen-dec-1790212041-iBMqI9urzDXDUi7vkHbO,typesafe/jev-1.13-20260917,TypeSafe,1246,98,5.2332e-05,0.15,DEFER,0.62,0.95,0.58,0.7,0.07,0.01,0.0,0.22,0.28,0.52,0.18,0.02,0.0
sast-ef543c39795e97ad4073e6fc,1,sast-ef543c39795e97ad4073e6fc__a1.json,sast_main,2026-09-24T01:06:33.668+00:00,200,,True,149.9,gen-dec-1790211993-1kS6DCKsyoIdi28nYaix,typesafe/jev-1.13-20260917,TypeSafe,1245,99,5.229e-05,0.57,STANDARD,0.45,2.46,0.58,0.01,0.55,0.38,0.0,0.06,0.0,0.02,0.5,0.48,0.0
sast-ef6d98c7d191c8d54a68531a,1,sast-ef6d98c7d191c8d54a68531a__a1.json,secondary,2026-09-24T01:08:38.345+00:00,200,,True,163.5,gen-dec-1790212118-rY5H8KyqnNHQ6pNp2NTu,typesafe/jev-1.13-20260917,TypeSafe,1259,98,5.2878e-05,0.2,DEFER,0.42,1.25,0.55,0.54,0.16,0.02,0.0,0.27,0.15,0.49,0.33,0.03,0.0
sast-f06068a2abf234a340159dbb,1,sast-f06068a2abf234a340159dbb__a1.json,secondary,2026-09-24T01:09:17.233+00:00,200,,True,215.3,gen-dec-1790212157-KuwoXu2qP2cnlTUTDDTn,typesafe/jev-1.13-20260917,TypeSafe,1251,100,5.2542e-05,0.82,ACCELERATED,0.62,3.49,0.58,0.0,0.01,0.69,0.29,0.01,0.0,0.0,0.01,0.49,0.5
sast-f114e2de94b295628d158065,1,sast-f114e2de94b295628d158065__a1.json,secondary,2026-09-24T01:10:07.947+00:00,200,,True,189.5,gen-dec-1790212207-EktOM2B5dneZRhIbLYQt,typesafe/jev-1.13-20260917,TypeSafe,1248,98,5.2416e-05,0.1,DEFER,0.83,0.47,0.61,0.86,0.06,0.0,0.0,0.08,0.62,0.3,0.08,0.0,0.0
sast-f13646442d2f6819d6c98d3b,1,sast-f13646442d2f6819d6c98d3b__a1.json,secondary,2026-09-24T01:09:53.940+00:00,200,,True,193.9,gen-dec-1790212193-Ig8YFD3a0A2kEfQD5cNb,typesafe/jev-1.13-20260917,TypeSafe,1242,100,5.2164e-05,0.85,ACCELERATED,0.38,3.87,0.89,0.0,0.02,0.5,0.47,0.01,0.0,0.0,0.01,0.11,0.88
sast-f13a7599042a9d9804bcd45c,1,sast-f13a7599042a9d9804bcd45c__a1.json,secondary,2026-09-24T01:09:30.495+00:00,200,,True,209.3,gen-dec-1790212170-UkSwMiF3WqdGelHl0rlQ,typesafe/jev-1.13-20260917,TypeSafe,1234,99,5.1828e-05,0.31,STANDARD,0.64,1.97,0.8,0.02,0.71,0.17,0.0,0.1,0.0,0.13,0.77,0.1,0.0
sast-f147156f1ae0323f2f2be042,1,sast-f147156f1ae0323f2f2be042__a1.json,secondary,2026-09-24T01:09:59.891+00:00,200,,True,223.4,gen-dec-1790212199-qOkT1PIhhMNTNlh8kxp8,typesafe/jev-1.13-20260917,TypeSafe,1223,98,5.1366e-05,0.18,DEFER,0.55,0.88,0.27,0.64,0.1,0.03,0.0,0.23,0.4,0.37,0.2,0.03,0.0
sast-f1566596bf8b8c32d7fd4aa6,1,sast-f1566596bf8b8c32d7fd4aa6__a1.json,sast_main,2026-09-24T01:06:36.812+00:00,200,,True,140.8,gen-dec-1790211996-Pd8IX0XE31QCQOzTED9H,typesafe/jev-1.13-20260917,TypeSafe,1237,100,5.1954e-05,0.71,ACCELERATED,0.44,3.33,0.53,0.0,0.08,0.56,0.32,0.04,0.0,0.0,0.1,0.45,0.45
sast-f18138d046a82b2d842b940d,1,sast-f18138d046a82b2d842b940d__a1.json,secondary,2026-09-24T01:12:03.215+00:00,200,,True,288.5,gen-dec-1790212323-zymbmhSRepz1mzZR4sUA,typesafe/jev-1.13-20260917,TypeSafe,1274,98,5.3508e-05,0.46,REVIEW,0.54,2.89,0.08,0.02,0.08,0.11,0.16,0.63,0.14,0.07,0.08,0.19,0.52
sast-f1bc51b3ba5b2fc50e1cadb9,1,sast-f1bc51b3ba5b2fc50e1cadb9__a1.json,sast_main,2026-09-24T01:06:33.092+00:00,200,,True,225.6,gen-dec-1790211993-kRXjo9Q1V8ZI00UatZA7,typesafe/jev-1.13-20260917,TypeSafe,1242,100,5.2164e-05,0.89,EMERGENCY,0.41,3.86,0.88,0.0,0.02,0.44,0.52,0.02,0.0,0.01,0.01,0.09,0.89
sast-f1ecdefe811ed014072e2083,1,sast-f1ecdefe811ed014072e2083__a1.json,secondary,2026-09-24T01:11:59.961+00:00,200,,True,193.0,gen-dec-1790212319-HTIicXcCFUc5UV1YlNMc,typesafe/jev-1.13-20260917,TypeSafe,1229,98,5.1618e-05,0.21,DEFER,0.72,1.12,0.61,0.78,0.06,0.01,0.0,0.15,0.17,0.57,0.22,0.04,0.0
sast-f1f87b75a919bad77f6933de,1,sast-f1f87b75a919bad77f6933de__a1.json,secondary,2026-09-24T01:11:58.338+00:00,200,,True,221.2,gen-dec-1790212318-AVtVIY5Cm8LhzihqWHu2,typesafe/jev-1.13-20260917,TypeSafe,1254,100,5.2668e-05,0.54,ACCELERATED,0.49,2.35,0.7,0.0,0.38,0.59,0.01,0.02,0.0,0.0,0.66,0.33,0.01
sast-f39380eaef513a936afe0aa9,1,sast-f39380eaef513a936afe0aa9__a1.json,secondary,2026-09-24T01:10:48.721+00:00,200,,True,448.8,gen-dec-1790212248-fe2kq5OoK4aCjlRTqVxE,typesafe/jev-1.13-20260917,TypeSafe,1248,98,5.2416e-05,0.17,DEFER,0.58,0.99,0.49,0.66,0.03,0.01,0.0,0.3,0.31,0.43,0.22,0.03,0.01
sast-f3ee5816663e7495eb6c73c5,1,sast-f3ee5816663e7495eb6c73c5__a1.json,secondary,2026-09-24T01:08:21.203+00:00,200,,True,225.0,gen-dec-1790212101-rJe3Ldb5tJ3gKMuGIbL0,typesafe/jev-1.13-20260917,TypeSafe,1254,98,5.2668e-05,0.27,DEFER,0.28,1.83,0.67,0.43,0.37,0.04,0.0,0.16,0.02,0.25,0.62,0.11,0.0
sast-f50a134df29ef279d3a35c03,1,sast-f50a134df29ef279d3a35c03__a1.json,secondary,2026-09-24T01:10:22.822+00:00,200,,True,216.5,gen-dec-1790212222-bntNHGOwlRRWHcXyuGfd,typesafe/jev-1.13-20260917,TypeSafe,1219,100,5.1198e-05,0.79,ACCELERATED,0.43,2.94,0.76,0.0,0.22,0.54,0.03,0.21,0.0,0.01,0.15,0.73,0.11
sast-f572bdcf871001141fd75468,1,sast-f572bdcf871001141fd75468__a1.json,secondary,2026-09-24T01:11:28.693+00:00,200,,True,211.5,gen-dec-1790212288-TNC0yefx4uPM4BgKBWlC,typesafe/jev-1.13-20260917,TypeSafe,1261,98,5.2962e-05,0.06,DEFER,0.99,0.12,0.9,1.0,0.0,0.0,0.0,0.0,0.88,0.12,0.0,0.0,0.0
sast-f590e2b53b4b4cbc84006123,1,sast-f590e2b53b4b4cbc84006123__a1.json,sast_main,2026-09-24T01:06:11.739+00:00,200,,True,226.6,gen-dec-1790211971-MMRTUO3xhZAHRqBFRlDX,typesafe/jev-1.13-20260917,TypeSafe,1221,99,5.1282e-05,0.6,STANDARD,0.28,2.17,0.38,0.03,0.42,0.38,0.02,0.15,0.05,0.19,0.37,0.33,0.06
sast-f5d02183ee3ec19fe5b27c41,1,sast-f5d02183ee3ec19fe5b27c41__a1.json,secondary,2026-09-24T01:09:08.714+00:00,200,,True,160.0,gen-dec-1790212148-WwRF8iVBqkG7lBJcXKvM,typesafe/jev-1.13-20260917,TypeSafe,1234,100,5.1828e-05,0.49,ACCELERATED,0.51,2.63,0.62,0.0,0.31,0.61,0.01,0.07,0.0,0.01,0.39,0.55,0.04
sast-f5d76de0bd8bcf66e1db2e54,1,sast-f5d76de0bd8bcf66e1db2e54__a1.json,secondary,2026-09-24T01:12:53.396+00:00,200,,True,165.0,gen-dec-1790212373-4QN07ereznpclEwDU2US,typesafe/jev-1.13-20260917,TypeSafe,1246,99,5.2332e-05,0.27,STANDARD,0.87,2.0,0.73,0.01,0.9,0.05,0.0,0.04,0.0,0.16,0.68,0.15,0.01
sast-f63e61fee9c636e069122ee9,1,sast-f63e61fee9c636e069122ee9__a1.json,secondary,2026-09-24T01:11:16.752+00:00,200,,True,256.3,gen-dec-1790212276-Ev1GNiH54V6wTSDOdePs,typesafe/jev-1.13-20260917,TypeSafe,1255,98,5.271e-05,0.15,DEFER,0.59,0.94,0.7,0.68,0.11,0.0,0.0,0.21,0.21,0.65,0.14,0.0,0.0
sast-f7b332d96b7324e48397edb0,1,sast-f7b332d96b7324e48397edb0__a1.json,sast_main,2026-09-24T01:06:49.270+00:00,200,,True,137.4,gen-dec-1790212009-VWzs7tI1W0gCXVA5x3yX,typesafe/jev-1.13-20260917,TypeSafe,1228,100,5.1576e-05,0.78,ACCELERATED,0.68,2.76,0.76,0.0,0.11,0.74,0.14,0.01,0.0,0.0,0.26,0.72,0.02
sast-f88984ca238849c1a60b16f4,1,sast-f88984ca238849c1a60b16f4__a1.json,sast_main,2026-09-24T01:06:24.906+00:00,200,,True,179.8,gen-dec-1790211984-hBFiYQeoW56iB5p4YXYn,typesafe/jev-1.13-20260917,TypeSafe,1235,98,5.187e-05,0.11,DEFER,0.9,0.78,0.71,0.93,0.04,0.0,0.0,0.03,0.28,0.66,0.06,0.0,0.0
sast-f929e459e2c28ba256c9106c,1,sast-f929e459e2c28ba256c9106c__a1.json,secondary,2026-09-24T01:09:36.091+00:00,200,,True,414.7,gen-dec-1790212176-pubPysr0QU0XIxh4Evg8,typesafe/jev-1.13-20260917,TypeSafe,1249,100,5.2458e-05,0.7,ACCELERATED,0.78,2.95,0.91,0.0,0.13,0.82,0.03,0.02,0.0,0.0,0.08,0.89,0.03
sast-f93894ae6bf3551ad36b9614,1,sast-f93894ae6bf3551ad36b9614__a1.json,sast_main,2026-09-24T01:06:09.921+00:00,200,,True,201.6,gen-dec-1790211969-A6kUmHdQ9Bvsd3vDRRqG,typesafe/jev-1.13-20260917,TypeSafe,1239,98,5.2038e-05,0.14,DEFER,0.75,0.19,0.84,0.8,0.01,0.0,0.0,0.19,0.84,0.13,0.03,0.0,0.0
sast-f9e6012e312d4e2434c2be36,1,sast-f9e6012e312d4e2434c2be36__a1.json,sast_main,2026-09-24T01:06:18.945+00:00,200,,True,190.0,gen-dec-1790211978-V8fvX35lkMlk4Ao9avxn,typesafe/jev-1.13-20260917,TypeSafe,1231,98,5.1702e-05,0.47,DEFER,0.18,2.38,0.4,0.35000000000000003,0.2,0.13,0.01,0.31,0.05,0.1,0.34,0.45999999999999996,0.05
sast-fa0b56d652ccda08754a111d,1,sast-fa0b56d652ccda08754a111d__a1.json,sast_main,2026-09-24T01:06:00.008+00:00,200,,True,185.6,gen-dec-1790211960-y1eWxfZG4xkj6BWdDxn2,typesafe/jev-1.13-20260917,TypeSafe,1242,100,5.2164e-05,0.64,ACCELERATED,0.27,2.66,0.33,0.01,0.31,0.42,0.17,0.09,0.0,0.07,0.38,0.37,0.18
sast-fa1366d0c5cbf4fb293cc115,1,sast-fa1366d0c5cbf4fb293cc115__a1.json,secondary,2026-09-24T01:08:11.106+00:00,200,,True,136.4,gen-dec-1790212091-4V9vnDJr8Lh5BKT2uNzc,typesafe/jev-1.13-20260917,TypeSafe,1245,98,5.229e-05,0.16,DEFER,0.67,0.79,0.58,0.74,0.06,0.0,0.0,0.2,0.36,0.51,0.12,0.01,0.0
sast-fa4b27697e7e65feec394c8f,1,sast-fa4b27697e7e65feec394c8f__a1.json,secondary,2026-09-24T01:10:02.727+00:00,200,,True,217.5,gen-dec-1790212202-udoWKCZunVRTQpyMLxiJ,typesafe/jev-1.13-20260917,TypeSafe,1251,98,5.2542e-05,0.31,DEFER,0.37,1.77,0.55,0.5,0.13,0.03,0.0,0.34,0.11,0.18,0.57,0.14,0.0
sast-faf3f4a3980881d3c490f606,1,sast-faf3f4a3980881d3c490f606__a1.json,sast_main,2026-09-24T01:06:35.770+00:00,200,,True,159.0,gen-dec-1790211995-Tc0E4x2DlRZDWytMAtRN,typesafe/jev-1.13-20260917,TypeSafe,1235,98,5.187e-05,0.1,DEFER,0.79,0.29,0.76,0.83,0.02,0.0,0.0,0.15,0.74,0.24,0.02,0.0,0.0
sast-fb007b8eb37cab66958c687d,1,sast-fb007b8eb37cab66958c687d__a1.json,secondary,2026-09-24T01:11:54.874+00:00,200,,True,184.3,gen-dec-1790212314-W2v4qpQThrl0LyUzUDOD,typesafe/jev-1.13-20260917,TypeSafe,1249,98,5.2458e-05,0.22,DEFER,0.55,1.4,0.36,0.64,0.11,0.04,0.0,0.21,0.16,0.37,0.39,0.08,0.0
sast-fb90c56fede30103488321e2,1,sast-fb90c56fede30103488321e2__a1.json,secondary,2026-09-24T01:09:53.422+00:00,200,,True,166.9,gen-dec-1790212193-17CLFqvJjE3QxuNgMB4N,typesafe/jev-1.13-20260917,TypeSafe,1241,98,5.2122e-05,0.13,DEFER,0.84,0.75,0.38,0.87,0.07,0.01,0.0,0.05,0.43,0.41,0.15,0.01,0.0
sast-fcdf38ff161cdb0a992e18b7,1,sast-fcdf38ff161cdb0a992e18b7__a1.json,secondary,2026-09-24T01:08:48.269+00:00,200,,True,267.0,gen-dec-1790212128-QPCDwYijxX8fcGK9Vme9,typesafe/jev-1.13-20260917,TypeSafe,1237,98,5.1954e-05,0.3,DEFER,0.38,1.66,0.65,0.51,0.32,0.05,0.0,0.12,0.04,0.31,0.61,0.04,0.0
sast-fd23245b362442c075571384,1,sast-fd23245b362442c075571384__a1.json,sast_main,2026-09-24T01:06:41.552+00:00,200,,True,190.8,gen-dec-1790212001-wf9LghS6PKKjp6rh14P2,typesafe/jev-1.13-20260917,TypeSafe,1243,100,5.2206e-05,0.62,ACCELERATED,0.39,3.07,0.48,0.02,0.18,0.51,0.18,0.11,0.0,0.03,0.21,0.41,0.35
sast-fd8624622670a014240b2964,1,sast-fd8624622670a014240b2964__a1.json,sast_main,2026-09-24T01:06:04.675+00:00,200,,True,183.1,gen-dec-1790211964-02BvXSDtKoUiuMRTTZLM,typesafe/jev-1.13-20260917,TypeSafe,1255,99,5.271e-05,0.38,STANDARD,0.34,2.06,0.69,0.02,0.47,0.41,0.01,0.09,0.01,0.15,0.63,0.21,0.0
sca-01186d474f998d2a198fd782,1,sca-01186d474f998d2a198fd782__a1.json,secondary,2026-09-24T01:07:42.420+00:00,200,,True,216.8,gen-dec-1790212062-QEja0g2vQ3MJyNmCzcqK,typesafe/jev-1.13-20260917,TypeSafe,1236,98,5.1912e-05,0.22,DEFER,0.7,1.08,0.74,0.76,0.08,0.02,0.0,0.14,0.12,0.69,0.19,0.0,0.0
sca-0175e1785eed4e60275d991e,1,sca-0175e1785eed4e60275d991e__a1.json,secondary,2026-09-24T01:10:36.637+00:00,200,,True,241.6,gen-dec-1790212236-ccFmazcYaBzZZu7fkWrY,typesafe/jev-1.13-20260917,TypeSafe,1216,100,5.1072e-05,0.87,EMERGENCY,0.81,3.64,0.7,0.0,0.0,0.13,0.85,0.02,0.0,0.0,0.0,0.35,0.65
sca-0230fc79e2eef69ffe09feff,1,sca-0230fc79e2eef69ffe09feff__a1.json,secondary,2026-09-24T01:08:38.859+00:00,200,,True,200.9,gen-dec-1790212118-CkYBrSnC4IkbsdFhlDCD,typesafe/jev-1.13-20260917,TypeSafe,1217,98,5.1114e-05,0.59,DEFER,0.46,1.93,0.32,0.57,0.06,0.16,0.01,0.2,0.11,0.21,0.36,0.27,0.05
sca-023878174c2241161548190c,1,sca-023878174c2241161548190c__a1.json,secondary,2026-09-24T01:07:59.765+00:00,200,,True,163.9,gen-dec-1790212079-WOamQSZNcQVaPwYBMe7X,typesafe/jev-1.13-20260917,TypeSafe,1244,98,5.2248e-05,0.28,DEFER,0.79,1.25,0.66,0.83,0.04,0.01,0.0,0.12,0.08,0.6,0.32,0.0,0.0
sca-0241e8f6787fae8ce7c9e050,1,sca-0241e8f6787fae8ce7c9e050__a1.json,secondary,2026-09-24T01:12:16.079+00:00,200,,True,143.6,gen-dec-1790212336-mYtMh1yf3sU594rLiDdk,typesafe/jev-1.13-20260917,TypeSafe,1235,98,5.187e-05,0.54,DEFER,0.44,2.26,0.58,0.55,0.08,0.12,0.02,0.23,0.02,0.09,0.59,0.22,0.08
sca-0264a1d0d8c89caf98b1db06,1,sca-0264a1d0d8c89caf98b1db06__a1.json,secondary,2026-09-24T01:07:47.793+00:00,200,,True,154.7,gen-dec-1790212067-bQ7achG5aKONirOqXdfR,typesafe/jev-1.13-20260917,TypeSafe,1217,98,5.1114e-05,0.42,REVIEW,0.18,1.5,0.41,0.27,0.23,0.12,0.04,0.33999999999999997,0.11,0.44,0.33,0.1,0.02
sca-03e91e97381e832d2780dfd3,1,sca-03e91e97381e832d2780dfd3__a1.json,secondary,2026-09-24T01:11:21.443+00:00,200,,True,189.1,gen-dec-1790212281-mO7OseBlqXO2vv1zBR96,typesafe/jev-1.13-20260917,TypeSafe,1213,100,5.0946e-05,0.63,EMERGENCY,0.08,2.47,0.16,0.07,0.21,0.21,0.27,0.24,0.03,0.2,0.3,0.21,0.26
sca-04f58dae573527c144aa1ddd,1,sca-04f58dae573527c144aa1ddd__a1.json,secondary,2026-09-24T01:10:57.867+00:00,200,,True,164.4,gen-dec-1790212257-ssOHRkvRXWjvbojxmcfm,typesafe/jev-1.13-20260917,TypeSafe,1232,98,5.1744e-05,0.47,DEFER,0.36,1.67,0.43,0.48,0.12,0.15,0.02,0.23,0.07,0.36,0.41,0.14,0.02
sca-050e86c922f8b244c725853f,1,sca-050e86c922f8b244c725853f__a1.json,secondary,2026-09-24T01:13:05.106+00:00,200,,True,158.4,gen-dec-1790212385-73IP35DU9SwkL8uGN5RF,typesafe/jev-1.13-20260917,TypeSafe,1209,100,5.0778e-05,0.69,ACCELERATED,0.4,2.61,0.66,0.02,0.3,0.52,0.01,0.15,0.0,0.02,0.35,0.62,0.01
sca-055ada2afa46e8010fab8d9f,1,sca-055ada2afa46e8010fab8d9f__a1.json,secondary,2026-09-24T01:08:30.135+00:00,200,,True,153.4,gen-dec-1790212110-61psJHT8EXtLVTUpJkcy,typesafe/jev-1.13-20260917,TypeSafe,1237,98,5.1954e-05,0.2,DEFER,0.58,1.01,0.59,0.67,0.02,0.0,0.0,0.31,0.24,0.51,0.24,0.01,0.0
sca-056f01c59e11fd36e5bdda57,1,sca-056f01c59e11fd36e5bdda57__a1.json,sca_main,2026-09-24T01:04:45.399+00:00,200,,True,163.1,gen-dec-1790211885-QpIjXuQeFji1xkBBuN0c,typesafe/jev-1.13-20260917,TypeSafe,1213,100,5.0946e-05,0.79,EMERGENCY,0.63,3.4,0.5,0.0,0.01,0.26,0.7,0.03,0.0,0.0,0.1,0.39,0.51
sca-06a58d9742b46073c1bf75dc,1,sca-06a58d9742b46073c1bf75dc__a1.json,sca_main,2026-09-24T01:05:32.119+00:00,200,,True,152.8,gen-dec-1790211932-qIB6KBQe9uUjay2cgHy1,typesafe/jev-1.13-20260917,TypeSafe,1235,99,5.187e-05,0.42,STANDARD,0.58,1.58,0.64,0.02,0.66,0.21,0.01,0.1,0.0,0.42,0.57,0.01,0.0
sca-06d2a25fe70e1ad6d4bb1d6e,1,sca-06d2a25fe70e1ad6d4bb1d6e__a1.json,sca_main,2026-09-24T01:05:13.915+00:00,200,,True,214.4,gen-dec-1790211913-zVlJZOu7wQ9WVACVINog,typesafe/jev-1.13-20260917,TypeSafe,1230,98,5.166e-05,0.15,DEFER,0.56,1.33,0.6,0.64,0.1,0.01,0.0,0.25,0.08,0.53,0.38,0.01,0.0
sca-07a71b492dbe160db0fd90b6,1,sca-07a71b492dbe160db0fd90b6__a1.json,secondary,2026-09-24T01:07:46.774+00:00,200,,True,146.2,gen-dec-1790212066-14dGkLWFEyxs0fbr29aP,typesafe/jev-1.13-20260917,TypeSafe,1242,98,5.2164e-05,0.62,DEFER,0.36,2.38,0.48,0.49,0.1,0.2,0.02,0.19,0.01,0.09,0.53,0.23,0.14
sca-09815cf707ebfe0b34c39272,1,sca-09815cf707ebfe0b34c39272__a1.json,secondary,2026-09-24T01:08:48.887+00:00,200,,True,258.7,gen-dec-1790212128-t7yu5hkpY8XLWBMsqRb5,typesafe/jev-1.13-20260917,TypeSafe,1234,100,5.1828e-05,0.83,EMERGENCY,0.34,3.12,0.81,0.0,0.01,0.31,0.47,0.21,0.0,0.0,0.05,0.78,0.17
sca-0af241be57cd3cb93e35b936,1,sca-0af241be57cd3cb93e35b936__a1.json,secondary,2026-09-24T01:08:57.717+00:00,200,,True,243.6,gen-dec-1790212137-FWPOUAtDgbXd6K5g6BFj,typesafe/jev-1.13-20260917,TypeSafe,1214,98,5.0988e-05,0.28,DEFER,0.8,1.49,0.5,0.84,0.02,0.01,0.0,0.13,0.1,0.36,0.5,0.04,0.0
sca-0c4926895809c8c36aa89c62,1,sca-0c4926895809c8c36aa89c62__a1.json,secondary,2026-09-24T01:12:42.474+00:00,200,,True,204.9,gen-dec-1790212362-xMbfAr3bsOuVBjRycBnN,typesafe/jev-1.13-20260917,TypeSafe,1250,98,5.25e-05,0.78,REVIEW,0.83,2.72,0.37,0.1,0.0,0.03,0.01,0.86,0.0,0.01,0.43,0.39,0.17
sca-0c58ee7e13325fea21f1f949,1,sca-0c58ee7e13325fea21f1f949__a1.json,secondary,2026-09-24T01:10:30.483+00:00,200,,True,285.0,gen-dec-1790212230-SlOy2pweNRKxw2yywC3H,typesafe/jev-1.13-20260917,TypeSafe,1218,99,5.1156e-05,0.39,STANDARD,0.38,1.57,0.57,0.1,0.5,0.21,0.01,0.18,0.02,0.43,0.51,0.04,0.0
sca-0c6fb73ad90dec9ab09776e5,1,sca-0c6fb73ad90dec9ab09776e5__a1.json,sca_main,2026-09-24T01:04:42.470+00:00,200,,True,185.9,gen-dec-1790211882-THrAJMVFzMKc1E11Al5O,typesafe/jev-1.13-20260917,TypeSafe,1245,99,5.229e-05,0.34,STANDARD,0.48,1.6,0.52,0.12,0.58,0.15,0.01,0.14,0.03,0.42,0.47000000000000003,0.08,0.0
sca-0c9b58bec3397063b4738c62,1,sca-0c9b58bec3397063b4738c62__a1.json,secondary,2026-09-24T01:08:13.764+00:00,200,,True,133.0,gen-dec-1790212093-gNgIQcsMR3eLyQMHXUtL,typesafe/jev-1.13-20260917,TypeSafe,1228,100,5.1576e-05,0.73,ACCELERATED,0.53,2.51,0.57,0.01,0.06,0.64,0.14,0.15,0.0,0.02,0.46,0.51,0.01
sca-0cc7004c438c2f1f260f03eb,1,sca-0cc7004c438c2f1f260f03eb__a1.json,secondary,2026-09-24T01:10:37.229+00:00,200,,True,219.8,gen-dec-1790212237-cnu2w20dWYLoHraI4Kku,typesafe/jev-1.13-20260917,TypeSafe,1224,100,5.1408e-05,0.76,ACCELERATED,0.58,2.74,0.71,0.02,0.11,0.67,0.1,0.1,0.0,0.02,0.26,0.68,0.04
sca-0ec8819eb8afde06f55070b9,1,sca-0ec8819eb8afde06f55070b9__a1.json,secondary,2026-09-24T01:10:25.830+00:00,200,,True,480.0,gen-dec-1790212225-6kIqtAdEB5vWSLARSEIf,typesafe/jev-1.13-20260917,TypeSafe,1234,98,5.1828e-05,0.29,DEFER,0.76,1.47,0.46,0.8,0.03,0.01,0.0,0.16,0.12,0.35,0.48,0.05,0.0
sca-0f6d6df7027f67895b6ecdcc,1,sca-0f6d6df7027f67895b6ecdcc__a1.json,sca_main,2026-09-24T01:05:31.611+00:00,200,,True,157.6,gen-dec-1790211931-YN89aJHGE0Oq4idOTRd5,typesafe/jev-1.13-20260917,TypeSafe,1219,100,5.1198e-05,0.93,EMERGENCY,0.4,3.23,0.75,0.0,0.01,0.42,0.52,0.05,0.0,0.0,0.03,0.7,0.27
sca-0f76ab5b38043eacbb4a279b,1,sca-0f76ab5b38043eacbb4a279b__a1.json,sca_main,2026-09-24T01:05:39.030+00:00,200,,True,180.7,gen-dec-1790211939-sCcAPFtzG2b9BuXEZJM7,typesafe/jev-1.13-20260917,TypeSafe,1228,99,5.1576e-05,0.3,STANDARD,0.63,1.76,0.59,0.04,0.71,0.09,0.01,0.15,0.01,0.35,0.53,0.1,0.01
sca-0fff4526082f04c60e5498ae,1,sca-0fff4526082f04c60e5498ae__a1.json,secondary,2026-09-24T01:07:36.673+00:00,200,,True,253.7,gen-dec-1790212056-ZBzk3lXy2RxKuKbvnSQT,typesafe/jev-1.13-20260917,TypeSafe,1236,100,5.1912e-05,0.86,EMERGENCY,0.68,3.5,0.58,0.0,0.01,0.18,0.75,0.06,0.0,0.0,0.06,0.35,0.59
sca-10336574cb40e28fff780d03,1,sca-10336574cb40e28fff780d03__a1.json,secondary,2026-09-24T01:12:31.082+00:00,200,,True,183.2,gen-dec-1790212351-KBdLWHsN4dFDAFQjmnsu,typesafe/jev-1.13-20260917,TypeSafe,1241,98,5.2122e-05,0.53,REVIEW,0.41,1.96,0.63,0.28,0.08,0.11,0.01,0.52,0.03,0.19,0.61,0.14,0.03
sca-1081d334e6d0015ed7d78b93,1,sca-1081d334e6d0015ed7d78b93__a1.json,secondary,2026-09-24T01:09:03.095+00:00,200,,True,191.8,gen-dec-1790212143-v75Ipf0UgkEvkyQIOfLr,typesafe/jev-1.13-20260917,TypeSafe,1221,98,5.1282e-05,0.66,REVIEW,0.5,2.58,0.64,0.01,0.12,0.26,0.01,0.6,0.0,0.02,0.39,0.59,0.0
sca-10acc113545ddb59a9ab9362,1,sca-10acc113545ddb59a9ab9362__a1.json,secondary,2026-09-24T01:10:39.011+00:00,200,,True,162.8,gen-dec-1790212239-5XYhIKUv20874BQ1nF4c,typesafe/jev-1.13-20260917,TypeSafe,1243,98,5.2206e-05,0.67,DEFER,0.46,2.0,0.65,0.58,0.05,0.11,0.01,0.25,0.03,0.15,0.62,0.18,0.02
sca-10e0e79024501ebdb4ecfec3,1,sca-10e0e79024501ebdb4ecfec3__a1.json,secondary,2026-09-24T01:09:39.644+00:00,200,,True,225.3,gen-dec-1790212179-aD3wr6wtoVb0IMFq34ye,typesafe/jev-1.13-20260917,TypeSafe,1230,100,5.166e-05,0.65,ACCELERATED,0.55,2.32,0.53,0.02,0.25,0.64,0.03,0.06,0.01,0.11,0.47,0.39,0.02
sca-12a5c65590febf34071c3b36,1,sca-12a5c65590febf34071c3b36__a1.json,secondary,2026-09-24T01:07:28.695+00:00,200,,True,229.3,gen-dec-1790212048-3dP56ARXjrhNLT0QCwWt,typesafe/jev-1.13-20260917,TypeSafe,1215,99,5.103e-05,0.34,STANDARD,0.25,1.27,0.6,0.28,0.41000000000000003,0.09,0.01,0.21,0.1,0.5700000000000001,0.29,0.04,0.0
sca-12f444e8532668dfd49207e8,1,sca-12f444e8532668dfd49207e8__a1.json,secondary,2026-09-24T01:08:54.586+00:00,200,,True,197.4,gen-dec-1790212134-htypduRTK0U2XFNFxIAB,typesafe/jev-1.13-20260917,TypeSafe,1237,100,5.1954e-05,0.68,EMERGENCY,0.45,3.02,0.5,0.01,0.03,0.29,0.5700000000000001,0.1,0.0,0.03,0.22,0.44,0.31
sca-13c2db2f8ec75ca85ccee2cf,1,sca-13c2db2f8ec75ca85ccee2cf__a1.json,secondary,2026-09-24T01:10:17.489+00:00,200,,True,307.7,gen-dec-1790212217-z5hMONBJPW0wEP0x8puM,typesafe/jev-1.13-20260917,TypeSafe,1232,100,5.1744e-05,0.72,ACCELERATED,0.41,2.57,0.6,0.0,0.03,0.54,0.04,0.39,0.0,0.02,0.42,0.53,0.03
sca-15061575de5056f800fa414d,1,sca-15061575de5056f800fa414d__a1.json,secondary,2026-09-24T01:11:18.999+00:00,200,,True,177.5,gen-dec-1790212279-9rDRGSXY9mjD2l31zIjK,typesafe/jev-1.13-20260917,TypeSafe,1243,98,5.2206e-05,0.2,DEFER,0.39,1.34,0.47,0.51,0.21,0.04,0.0,0.24,0.15,0.42,0.37,0.06,0.0
sca-155dbf7c32ab3431006d9754,1,sca-155dbf7c32ab3431006d9754__a1.json,secondary,2026-09-24T01:08:57.195+00:00,200,,True,171.3,gen-dec-1790212137-FJ2RO5ijFf1eM7uKnT3d,typesafe/jev-1.13-20260917,TypeSafe,1235,98,5.187e-05,0.51,DEFER,0.51,1.61,0.27,0.61,0.04,0.07,0.02,0.26,0.13,0.36,0.32,0.15,0.04
sca-15635c52bc7b75c6848fe9c2-rep1,1,sca-15635c52bc7b75c6848fe9c2-rep1__a1.json,secondary,2026-09-24T01:10:45.912+00:00,200,,True,218.9,gen-dec-1790212245-NKSpU6Hu65JMRi6345MW,typesafe/jev-1.13-20260917,TypeSafe,1226,100,5.1492e-05,0.74,ACCELERATED,0.49,1.9,0.79,0.0,0.32,0.6,0.05,0.03,0.0,0.17,0.76,0.07,0.0
sca-15635c52bc7b75c6848fe9c2-rep2,1,sca-15635c52bc7b75c6848fe9c2-rep2__a1.json,secondary,2026-09-24T01:07:57.701+00:00,200,,True,144.5,gen-dec-1790212077-FunkgW29fOIDePPBeeQk,typesafe/jev-1.13-20260917,TypeSafe,1226,100,5.1492e-05,0.73,ACCELERATED,0.49,1.88,0.78,0.0,0.32,0.6,0.05,0.03,0.0,0.19,0.75,0.06,0.0
sca-15635c52bc7b75c6848fe9c2-rep3,1,sca-15635c52bc7b75c6848fe9c2-rep3__a1.json,secondary,2026-09-24T01:11:08.632+00:00,200,,True,189.7,gen-dec-1790212268-4ILJM5Tcc7oiQic0OT56,typesafe/jev-1.13-20260917,TypeSafe,1226,100,5.1492e-05,0.74,ACCELERATED,0.49,1.9,0.79,0.0,0.3,0.59,0.08,0.03,0.0,0.18,0.75,0.07,0.0
sca-15635c52bc7b75c6848fe9c2,1,sca-15635c52bc7b75c6848fe9c2__a1.json,sca_main,2026-09-24T01:05:20.174+00:00,200,,True,241.7,gen-dec-1790211920-t3AFkRZfRDela3yz1FiI,typesafe/jev-1.13-20260917,TypeSafe,1226,100,5.1492e-05,0.74,ACCELERATED,0.49,1.92,0.78,0.0,0.32,0.6,0.04,0.04,0.0,0.17,0.75,0.08,0.0
sca-16d3a1bc4b1a4c8965e512cf,1,sca-16d3a1bc4b1a4c8965e512cf__a1.json,secondary,2026-09-24T01:07:45.794+00:00,200,,True,629.8,gen-dec-1790212065-CAUVD2ycjwe3qiK6Ur5X,typesafe/jev-1.13-20260917,TypeSafe,1247,98,5.2374e-05,0.8,DEFER,0.44,2.91,0.19,0.55,0.02,0.14,0.05,0.23,0.01,0.01,0.38,0.26,0.34
sca-177735e25d196102f887a11a,1,sca-177735e25d196102f887a11a__a1.json,sca_main,2026-09-24T01:05:40.605+00:00,200,,True,175.8,gen-dec-1790211940-2rn7zmdQqODorudY9ekT,typesafe/jev-1.13-20260917,TypeSafe,1226,100,5.1492e-05,0.89,EMERGENCY,0.71,3.64,0.7,0.0,0.01,0.17,0.78,0.04,0.0,0.0,0.06,0.23,0.71
sca-17eece7e2b1379fd0c308ca4,1,sca-17eece7e2b1379fd0c308ca4__a1.json,secondary,2026-09-24T01:12:44.846+00:00,200,,True,470.0,gen-dec-1790212364-OcfjJRUzW3xUxxoAKsVH,typesafe/jev-1.13-20260917,TypeSafe,1246,100,5.2332e-05,0.92,EMERGENCY,0.61,3.53,0.6,0.0,0.02,0.28,0.69,0.01,0.0,0.01,0.05,0.33,0.61
sca-188f899bab3dff23a1c6b84f,1,sca-188f899bab3dff23a1c6b84f__a1.json,sca_main,2026-09-24T01:05:30.097+00:00,200,,True,150.5,gen-dec-1790211930-wFbFipd3BBsGY7w3bdoK,typesafe/jev-1.13-20260917,TypeSafe,1235,98,5.187e-05,0.22,DEFER,0.77,1.36,0.52,0.8099999999999999,0.04,0.01,0.0,0.14,0.11,0.45,0.42,0.02,0.0
sca-19eab0934411284cd8b8f593,1,sca-19eab0934411284cd8b8f593__a1.json,secondary,2026-09-24T01:07:48.879+00:00,200,,True,210.4,gen-dec-1790212068-hkT19cliI8Kt3GurCCQT,typesafe/jev-1.13-20260917,TypeSafe,1254,98,5.2668e-05,0.22,DEFER,0.72,1.07,0.69,0.77,0.13,0.01,0.0,0.09,0.15,0.64,0.2,0.01,0.0
sca-1ab7bac65b3313d32b8013b4,1,sca-1ab7bac65b3313d32b8013b4__a1.json,sca_main,2026-09-24T01:05:33.140+00:00,200,,True,183.6,gen-dec-1790211933-VzLS1kAfcIcShZoCG6xd,typesafe/jev-1.13-20260917,TypeSafe,1228,100,5.1576e-05,0.94,EMERGENCY,0.93,3.98,0.99,0.0,0.0,0.05,0.95,0.0,0.0,0.0,0.0,0.01,0.99
sca-1af7e7469b25eb479790eed3,1,sca-1af7e7469b25eb479790eed3__a1.json,secondary,2026-09-24T01:07:09.874+00:00,200,,True,235.5,gen-dec-1790212029-bDfEGDlO380WOfuvtGXR,typesafe/jev-1.13-20260917,TypeSafe,1225,98,5.145e-05,0.51,DEFER,0.52,1.59,0.46,0.62,0.07,0.08,0.01,0.22,0.07,0.4,0.41,0.11,0.01
sca-1ba4f1defcb2b10a3c64e16e,1,sca-1ba4f1defcb2b10a3c64e16e__a1.json,sca_main,2026-09-24T01:04:39.698+00:00,200,,True,213.7,gen-dec-1790211879-yX452aTJv50k1qJz4062,typesafe/jev-1.13-20260917,TypeSafe,1222,100,5.1324e-05,0.67,ACCELERATED,0.69,3.04,0.64,0.01,0.04,0.75,0.15,0.05,0.0,0.01,0.17,0.58,0.24
sca-1cc3882e83463acb83c9158e,1,sca-1cc3882e83463acb83c9158e__a1.json,secondary,2026-09-24T01:07:41.706+00:00,200,,True,363.4,gen-dec-1790212061-qtKVdSHSTKNGXcZiXRU7,typesafe/jev-1.13-20260917,TypeSafe,1230,98,5.166e-05,0.41,REVIEW,0.28,1.59,0.56,0.03,0.38,0.15,0.01,0.43,0.03,0.41,0.5,0.06,0.0
sca-1cdb84ea3e3f2933c1b6cf7d,1,sca-1cdb84ea3e3f2933c1b6cf7d__a1.json,secondary,2026-09-24T01:11:45.460+00:00,200,,True,234.1,gen-dec-1790212305-HpCCrDrn5ISXTd8FvZUO,typesafe/jev-1.13-20260917,TypeSafe,1235,100,5.187e-05,0.77,ACCELERATED,0.45,3.23,0.61,0.0,0.02,0.56,0.37,0.05,0.0,0.01,0.1,0.54,0.35
sca-1cf7dc7f911d5b95c40ce746,1,sca-1cf7dc7f911d5b95c40ce746__a1.json,sca_main,2026-09-24T01:05:16.226+00:00,200,,True,393.2,gen-dec-1790211916-2fgoVbWBRBV2d0JlWRfO,typesafe/jev-1.13-20260917,TypeSafe,1222,98,5.1324e-05,0.19,DEFER,0.64,1.13,0.45,0.71,0.14,0.02,0.0,0.13,0.26,0.39,0.3,0.05,0.0
sca-1dd9ae68c31bafccc0be8f77,1,sca-1dd9ae68c31bafccc0be8f77__a1.json,secondary,2026-09-24T01:08:35.487+00:00,200,,True,225.7,gen-dec-1790212115-DKxFlgIvQQ6QPPlRjCCU,typesafe/jev-1.13-20260917,TypeSafe,1239,98,5.2038e-05,0.54,DEFER,0.24,2.16,0.57,0.4,0.16,0.18,0.02,0.24,0.01,0.15,0.59,0.17,0.08
sca-1de52565e1ee71e627c3b2d6,1,sca-1de52565e1ee71e627c3b2d6__a1.json,secondary,2026-09-24T01:10:23.991+00:00,200,,True,282.6,gen-dec-1790212223-gFO4SBah2UeWaq0fA4U6,typesafe/jev-1.13-20260917,TypeSafe,1120,100,4.704e-05,0.84,ACCELERATED,0.26,3.08,0.73,0.03,0.05,0.41,0.34,0.17,0.0,0.01,0.1,0.69,0.2
sca-1e2b96e85ab7f753896f8579,1,sca-1e2b96e85ab7f753896f8579__a1.json,secondary,2026-09-24T01:08:04.428+00:00,200,,True,299.3,gen-dec-1790212084-PgLUoJGzJjIYKrTIJ0yO,typesafe/jev-1.13-20260917,TypeSafe,1230,100,5.166e-05,0.84,EMERGENCY,0.61,3.47,0.56,0.0,0.01,0.26,0.7,0.03,0.0,0.0,0.08,0.36,0.56
sca-1e5fe9cd3cd5e0121864863a,1,sca-1e5fe9cd3cd5e0121864863a__a1.json,secondary,2026-09-24T01:10:55.776+00:00,200,,True,207.6,gen-dec-1790212255-sW8gcuKQWG5pVGIzMBtj,typesafe/jev-1.13-20260917,TypeSafe,1223,98,5.1366e-05,0.19,DEFER,0.81,1.19,0.59,0.85,0.04,0.0,0.0,0.11,0.15,0.51,0.33,0.01,0.0
sca-1ed45336e856526aac25ff91,1,sca-1ed45336e856526aac25ff91__a1.json,secondary,2026-09-24T01:10:34.922+00:00,200,,True,157.6,gen-dec-1790212234-ehkcq8Jp9Fw8af4vmfr2,typesafe/jev-1.13-20260917,TypeSafe,1224,99,5.1408e-05,0.55,STANDARD,0.43,1.75,0.64,0.04,0.54,0.22,0.03,0.17,0.0,0.34,0.57,0.09,0.0
sca-1f12fd606682e30fba5677b7,1,sca-1f12fd606682e30fba5677b7__a1.json,secondary,2026-09-24T01:09:37.396+00:00,200,,True,334.2,gen-dec-1790212177-VGYKtvkuJhc6PhZ4JzDk,typesafe/jev-1.13-20260917,TypeSafe,1219,100,5.1198e-05,0.85,EMERGENCY,0.75,3.58,0.65,0.0,0.0,0.18,0.81,0.01,0.0,0.0,0.03,0.35,0.62
sca-1f1c00bffcce25313e38787c,1,sca-1f1c00bffcce25313e38787c__a1.json,secondary,2026-09-24T01:07:45.172+00:00,200,,True,271.1,gen-dec-1790212065-LKSWOTOUPr8eE28HTz9l,typesafe/jev-1.13-20260917,TypeSafe,1239,98,5.2038e-05,0.32,DEFER,0.39,1.33,0.66,0.51,0.32,0.03,0.0,0.14,0.04,0.6,0.35,0.01,0.0
sca-1f2f68da7c71d902e0939fe8,1,sca-1f2f68da7c71d902e0939fe8__a1.json,sca_main,2026-09-24T01:05:22.388+00:00,200,,True,165.4,gen-dec-1790211922-8twfJ9kXCoXdnSigR97b,typesafe/jev-1.13-20260917,TypeSafe,1245,98,5.229e-05,0.25,DEFER,0.45,1.39,0.56,0.56,0.26,0.05,0.0,0.13,0.07,0.5,0.4,0.03,0.0
sca-204bfc39e4b0022888dcc24f,1,sca-204bfc39e4b0022888dcc24f__a1.json,secondary,2026-09-24T01:11:33.665+00:00,200,,True,190.5,gen-dec-1790212293-zDcRRCzy9ofKaCUJq6ET,typesafe/jev-1.13-20260917,TypeSafe,1208,100,5.0736e-05,0.7,ACCELERATED,0.22,2.54,0.6,0.04,0.23,0.37,0.02,0.34,0.0,0.03,0.39,0.56,0.01
sca-21388fca5984de8999039dbf,1,sca-21388fca5984de8999039dbf__a1.json,secondary,2026-09-24T01:13:05.615+00:00,200,,True,153.5,gen-dec-1790212385-ncvOxTl7zEYnflDMyyL9,typesafe/jev-1.13-20260917,TypeSafe,1217,99,5.1114e-05,0.22,STANDARD,0.43,1.05,0.79,0.26,0.55,0.03,0.0,0.16,0.1,0.75,0.14,0.01,0.0
sca-21c816cf3f37ea7cd8e2bc6f,1,sca-21c816cf3f37ea7cd8e2bc6f__a1.json,secondary,2026-09-24T01:11:46.544+00:00,200,,True,246.4,gen-dec-1790212306-aP96Np2tUGAcL0H80Jmm,typesafe/jev-1.13-20260917,TypeSafe,1233,98,5.1786e-05,0.61,DEFER,0.4,2.36,0.59,0.53,0.06,0.13,0.03,0.25,0.01,0.06,0.59,0.26,0.08
sca-21fe3700ecf39f969ffaebb6,1,sca-21fe3700ecf39f969ffaebb6__a1.json,secondary,2026-09-24T01:12:18.138+00:00,200,,True,202.9,gen-dec-1790212338-OtFrV0ZSDmKZ6Hjy73NB,typesafe/jev-1.13-20260917,TypeSafe,1241,98,5.2122e-05,0.12,DEFER,0.94,0.32,0.74,0.95,0.01,0.0,0.0,0.04,0.71,0.27,0.02,0.0,0.0
sca-2238856d8ceaf123fa978c71,1,sca-2238856d8ceaf123fa978c71__a1.json,secondary,2026-09-24T01:11:31.428+00:00,200,,True,279.5,gen-dec-1790212291-M9WWxjnChu1bI2DK0aoD,typesafe/jev-1.13-20260917,TypeSafe,1228,98,5.1576e-05,0.29,DEFER,0.55,1.16,0.62,0.63,0.19,0.05,0.0,0.13,0.15,0.57,0.26,0.02,0.0
sca-227b7c7d5735ef68cfba0894,1,sca-227b7c7d5735ef68cfba0894__a1.json,secondary,2026-09-24T01:07:40.628+00:00,200,,True,184.6,gen-dec-1790212060-YD0kRrB5PtGjc1QABSLD,typesafe/jev-1.13-20260917,TypeSafe,1234,98,5.1828e-05,0.69,REVIEW,0.45,2.95,0.74,0.0,0.01,0.35,0.08,0.56,0.0,0.0,0.18,0.69,0.13
sca-22ab34238c05fc9f8bb426a5,1,sca-22ab34238c05fc9f8bb426a5__a1.json,secondary,2026-09-24T01:12:40.073+00:00,200,,True,348.6,gen-dec-1790212360-DE6cZxTTuFW7Dfvpldt5,typesafe/jev-1.13-20260917,TypeSafe,1217,99,5.1114e-05,0.29,STANDARD,0.33,1.27,0.66,0.26,0.46,0.08,0.01,0.19,0.07,0.62,0.29,0.02,0.0
sca-236c38190a0eb8da25437054,1,sca-236c38190a0eb8da25437054__a1.json,sca_main,2026-09-24T01:05:42.965+00:00,200,,True,190.1,gen-dec-1790211942-8kSKOWTd8kYOGsFBOo35,typesafe/jev-1.13-20260917,TypeSafe,1228,100,5.1576e-05,0.71,ACCELERATED,0.64,2.3,0.7,0.0,0.25,0.71,0.02,0.02,0.0,0.03,0.64,0.33,0.0
sca-2378edfbe0b540d587af6450,1,sca-2378edfbe0b540d587af6450__a1.json,sca_main,2026-09-24T01:04:43.006+00:00,200,,True,205.7,gen-dec-1790211883-Af7pyZYFLI0smC1YOhXk,typesafe/jev-1.13-20260917,TypeSafe,1235,100,5.187e-05,0.9,EMERGENCY,0.5,3.35,0.46,0.01,0.01,0.36,0.6,0.02,0.0,0.01,0.11,0.41,0.47
sca-23f8e8122ba81e875fb5f3a7,1,sca-23f8e8122ba81e875fb5f3a7__a1.json,secondary,2026-09-24T01:07:49.967+00:00,200,,True,183.5,gen-dec-1790212069-RhKa8ZSX7R6OzwXdnlqr,typesafe/jev-1.13-20260917,TypeSafe,1266,98,5.3172e-05,0.42,DEFER,0.56,1.16,0.61,0.65,0.16,0.09,0.01,0.09,0.15,0.55,0.27,0.02,0.01
sca-242f9a365e9b49f4bc130426,1,sca-242f9a365e9b49f4bc130426__a1.json,secondary,2026-09-24T01:12:12.642+00:00,200,,True,190.7,gen-dec-1790212332-L4saz8ITaAdVxfIIWa1C,typesafe/jev-1.13-20260917,TypeSafe,1217,100,5.1114e-05,0.92,EMERGENCY,0.64,3.95,0.96,0.0,0.0,0.29,0.71,0.0,0.0,0.0,0.0,0.05,0.95
sca-25a6640a16849b079cbda24a,1,sca-25a6640a16849b079cbda24a__a1.json,secondary,2026-09-24T01:12:00.504+00:00,200,,True,163.1,gen-dec-1790212320-yBDI9b15EwGCfAIQXgd4,typesafe/jev-1.13-20260917,TypeSafe,1214,100,5.0988e-05,0.86,EMERGENCY,0.77,3.65,0.71,0.0,0.0,0.14,0.82,0.04,0.0,0.0,0.04,0.26,0.7
sca-2718619de1cb96e3091d4a39,1,sca-2718619de1cb96e3091d4a39__a1.json,secondary,2026-09-24T01:12:51.692+00:00,200,,True,183.9,gen-dec-1790212371-MRhkC7Nlyhf9Usg7OqUy,typesafe/jev-1.13-20260917,TypeSafe,1234,98,5.1828e-05,0.18,DEFER,0.87,0.64,0.56,0.91,0.03,0.0,0.0,0.06,0.44,0.48,0.08,0.0,0.0
sca-275c3b4e1ebd341f997cd89c,1,sca-275c3b4e1ebd341f997cd89c__a1.json,sca_main,2026-09-24T01:04:53.347+00:00,200,,True,215.8,gen-dec-1790211893-wnLM9PHMDSHTg8aMgQ5b,typesafe/jev-1.13-20260917,TypeSafe,1236,98,5.1912e-05,0.76,DEFER,0.45,2.7,0.37,0.56,0.04,0.14,0.04,0.22,0.0,0.02,0.48,0.28,0.22
sca-27fd8f5a89ac525e0b74ef36,1,sca-27fd8f5a89ac525e0b74ef36__a1.json,secondary,2026-09-24T01:12:59.443+00:00,200,,True,159.6,gen-dec-1790212379-rfkpvZwUqU1LQiJOOwI8,typesafe/jev-1.13-20260917,TypeSafe,1261,98,5.2962e-05,0.61,DEFER,0.56,1.57,0.44,0.65,0.03,0.03,0.01,0.28,0.1,0.35,0.45,0.09,0.01
sca-29121af205c24352c9875ac1,1,sca-29121af205c24352c9875ac1__a1.json,secondary,2026-09-24T01:10:49.520+00:00,200,,True,198.5,gen-dec-1790212249-dpE8orpSZl82jGudH6Ky,typesafe/jev-1.13-20260917,TypeSafe,1226,100,5.1492e-05,0.81,ACCELERATED,0.76,2.58,0.63,0.01,0.08,0.8,0.09,0.02,0.0,0.02,0.39,0.58,0.01
sca-2a069278620af1325197d8d1,1,sca-2a069278620af1325197d8d1__a1.json,sca_main,2026-09-24T01:04:43.562+00:00,200,,True,172.1,gen-dec-1790211883-jg1VoUKTfbkftz8UEggc,typesafe/jev-1.13-20260917,TypeSafe,1220,100,5.124e-05,0.89,ACCELERATED,0.49,2.83,0.63,0.01,0.02,0.58,0.36,0.03,0.0,0.02,0.26,0.58,0.14
sca-2abcc7fc0aed87814d1b5008,1,sca-2abcc7fc0aed87814d1b5008__a1.json,sca_main,2026-09-24T01:05:05.353+00:00,200,,True,276.2,gen-dec-1790211905-f2ZkUnlIJ4Q8iagA03lj,typesafe/jev-1.13-20260917,TypeSafe,1214,98,5.0988e-05,0.17,DEFER,0.78,0.79,0.72,0.83,0.06,0.01,0.0,0.1,0.27,0.67,0.06,0.0,0.0
sca-2b143d94678a393f4adddd40,1,sca-2b143d94678a393f4adddd40__a1.json,secondary,2026-09-24T01:08:59.872+00:00,200,,True,180.5,gen-dec-1790212139-FeTxep7mASgLi8egr4wy,typesafe/jev-1.13-20260917,TypeSafe,1241,98,5.2122e-05,0.39,REVIEW,0.68,1.58,0.04,0.04,0.05,0.08,0.09,0.74,0.29,0.3,0.13,0.12,0.16
sca-2b5ea68dea0ecba073601d22,1,sca-2b5ea68dea0ecba073601d22__a1.json,secondary,2026-09-24T01:09:21.561+00:00,200,,True,241.8,gen-dec-1790212161-FgiBlBnsBWroc0N84rkp,typesafe/jev-1.13-20260917,TypeSafe,1214,99,5.0988e-05,0.21,STANDARD,0.4,1.3,0.66,0.29,0.52,0.02,0.0,0.17,0.05,0.61,0.33,0.01,0.0
sca-2c24b3e3e64aa73e727e7a8a,1,sca-2c24b3e3e64aa73e727e7a8a__a1.json,secondary,2026-09-24T01:09:58.818+00:00,200,,True,159.3,gen-dec-1790212198-UyuLXwlLwBTDv3cfPyMd,typesafe/jev-1.13-20260917,TypeSafe,1210,98,5.082e-05,0.28,DEFER,0.74,1.03,0.65,0.8,0.04,0.01,0.0,0.15,0.19,0.6,0.2,0.01,0.0
sca-2ce5592809ae8cf8966f88c2,1,sca-2ce5592809ae8cf8966f88c2__a1.json,secondary,2026-09-24T01:07:26.912+00:00,200,,True,182.4,gen-dec-1790212046-3xprRLNXevqGtrOVYsR1,typesafe/jev-1.13-20260917,TypeSafe,1247,98,5.2374e-05,0.51,REVIEW,0.69,2.15,0.18,0.01,0.03,0.15,0.05,0.76,0.11,0.16,0.26,0.4,0.07
sca-2d4caf8f918a2df52c549dd5,1,sca-2d4caf8f918a2df52c549dd5__a1.json,secondary,2026-09-24T01:12:32.754+00:00,200,,True,148.9,gen-dec-1790212352-wERm0eeqSUk9F33rl2F8,typesafe/jev-1.13-20260917,TypeSafe,1226,100,5.1492e-05,0.85,ACCELERATED,0.49,2.8,0.65,0.02,0.05,0.59,0.23,0.11,0.0,0.02,0.26,0.61,0.11
sca-2d582d972cf3f2c7b5581141,1,sca-2d582d972cf3f2c7b5581141__a1.json,secondary,2026-09-24T01:08:29.088+00:00,200,,True,203.9,gen-dec-1790212109-RTQWOBclhvMJ338SCaKf,typesafe/jev-1.13-20260917,TypeSafe,1237,98,5.1954e-05,0.38,DEFER,0.46,1.6,0.51,0.58,0.18,0.08,0.0,0.16,0.08,0.34,0.49,0.08,0.01
sca-2d8a5149d9bfe05946ee33fd,1,sca-2d8a5149d9bfe05946ee33fd__a1.json,secondary,2026-09-24T01:07:44.562+00:00,200,,True,259.6,gen-dec-1790212064-Wt5l2GzWHAshEa8VkA8j,typesafe/jev-1.13-20260917,TypeSafe,1231,100,5.1702e-05,0.88,EMERGENCY,0.68,3.64,0.7,0.0,0.0,0.23,0.75,0.02,0.0,0.0,0.02,0.32,0.66
sca-2db9f6ad912289b13820c7a2,1,sca-2db9f6ad912289b13820c7a2__a1.json,secondary,2026-09-24T01:10:18.795+00:00,200,,True,274.9,gen-dec-1790212218-QwpqfRzwrMy3HylnWLrq,typesafe/jev-1.13-20260917,TypeSafe,1230,98,5.166e-05,0.24,DEFER,0.63,1.02,0.56,0.72,0.13,0.03,0.0,0.12,0.26,0.49,0.23,0.02,0.0
sca-2dcbd55aa73c8c9898fd225b,1,sca-2dcbd55aa73c8c9898fd225b__a1.json,secondary,2026-09-24T01:12:50.584+00:00,200,,True,178.1,gen-dec-1790212370-LsPNMNs8pHDNTghOhBgS,typesafe/jev-1.13-20260917,TypeSafe,1143,98,4.8006e-05,0.24,DEFER,0.78,1.03,0.73,0.82,0.06,0.01,0.0,0.11,0.15,0.68,0.17,0.0,0.0
sca-2e282721c1dc16e83035f17b,1,sca-2e282721c1dc16e83035f17b__a1.json,secondary,2026-09-24T01:07:22.178+00:00,200,,True,183.0,gen-dec-1790212042-V5pX4cdj9TRxnVbGvGUU,typesafe/jev-1.13-20260917,TypeSafe,1235,100,5.187e-05,0.82,EMERGENCY,0.58,3.39,0.49,0.01,0.02,0.19,0.66,0.12,0.0,0.02,0.11,0.33,0.54
sca-2eceb23243c5e64f7e80c984,1,sca-2eceb23243c5e64f7e80c984__a1.json,secondary,2026-09-24T01:08:07.693+00:00,200,,True,289.0,gen-dec-1790212087-vhJq7Y8m4qLatyb5Mtv6,typesafe/jev-1.13-20260917,TypeSafe,1257,98,5.2794e-05,0.35,DEFER,0.58,1.4,0.61,0.67,0.1,0.03,0.0,0.2,0.04,0.54,0.41,0.01,0.0
sca-2fa71e4ee9c6424deea4f5a9,1,sca-2fa71e4ee9c6424deea4f5a9__a1.json,secondary,2026-09-24T01:08:28.567+00:00,200,,True,171.0,gen-dec-1790212108-ELyagofHv3uTEnwezyB0,typesafe/jev-1.13-20260917,TypeSafe,1218,98,5.1156e-05,0.5,REVIEW,0.12,1.5,0.48,0.28,0.26,0.15,0.02,0.29,0.06,0.45,0.42,0.06,0.01
sca-3011fa5d6bb27a97efa91fe3,1,sca-3011fa5d6bb27a97efa91fe3__a1.json,secondary,2026-09-24T01:11:26.627+00:00,200,,True,215.6,gen-dec-1790212286-QDPRw115JZVlrOJeQex8,typesafe/jev-1.13-20260917,TypeSafe,1234,100,5.1828e-05,0.57,ACCELERATED,0.15,2.11,0.45,0.08,0.25,0.31,0.17,0.19,0.03,0.21,0.46,0.22,0.08
sca-30238e0476b3163b8d40760b,1,sca-30238e0476b3163b8d40760b__a1.json,secondary,2026-09-24T01:11:50.191+00:00,200,,True,295.2,gen-dec-1790212310-xtcYWMvbuOtadtpa33cz,typesafe/jev-1.13-20260917,TypeSafe,1240,99,5.208e-05,0.5,STANDARD,0.2,1.87,0.17,0.17,0.35,0.24,0.1,0.14,0.06,0.4,0.27,0.16,0.11
sca-302db0a6a8370277b72eb37e,1,sca-302db0a6a8370277b72eb37e__a1.json,secondary,2026-09-24T01:11:38.898+00:00,200,,True,199.7,gen-dec-1790212298-m1TgzHvXOPXI0LMOd3Ss,typesafe/jev-1.13-20260917,TypeSafe,1243,98,5.2206e-05,0.51,DEFER,0.55,1.82,0.73,0.63,0.08,0.09,0.01,0.19,0.03,0.19,0.71,0.07,0.0
sca-30d1ea9e295708273d52cdcc,1,sca-30d1ea9e295708273d52cdcc__a1.json,secondary,2026-09-24T01:08:22.295+00:00,200,,True,195.0,gen-dec-1790212102-yVDTrUUggXgVH8QMzGXs,typesafe/jev-1.13-20260917,TypeSafe,1222,98,5.1324e-05,0.29,DEFER,0.6,0.84,0.54,0.68,0.07,0.03,0.01,0.21,0.36,0.47,0.15,0.02,0.0
sca-30ecb8c624acec14779de5c0,1,sca-30ecb8c624acec14779de5c0__a1.json,secondary,2026-09-24T01:07:10.460+00:00,200,,True,192.3,gen-dec-1790212030-SbLkSCFXHWVzZZkyknQC,typesafe/jev-1.13-20260917,TypeSafe,1225,100,5.145e-05,0.67,ACCELERATED,0.6,2.63,0.62,0.01,0.1,0.67,0.13,0.09,0.0,0.02,0.37,0.57,0.04
sca-31226ba4b2167feb4cbec9a5,1,sca-31226ba4b2167feb4cbec9a5__a1.json,secondary,2026-09-24T01:09:41.318+00:00,200,,True,198.3,gen-dec-1790212181-N5TGxYsd22M6tnxAVLra,typesafe/jev-1.13-20260917,TypeSafe,1235,98,5.187e-05,0.18,DEFER,0.72,1.14,0.67,0.79,0.03,0.0,0.0,0.18,0.12,0.62,0.26,0.0,0.0
sca-31b819473fa5316f0dfba580,1,sca-31b819473fa5316f0dfba580__a1.json,secondary,2026-09-24T01:12:19.773+00:00,200,,True,186.6,gen-dec-1790212339-jpoogp2F6uKTZBKjfOYi,typesafe/jev-1.13-20260917,TypeSafe,1234,98,5.1828e-05,0.11,DEFER,0.92,0.5,0.58,0.9299999999999999,0.03,0.0,0.0,0.04,0.54,0.43,0.03,0.0,0.0
sca-31ec9f97f2ba3158169a724c,1,sca-31ec9f97f2ba3158169a724c__a1.json,secondary,2026-09-24T01:11:42.697+00:00,200,,True,196.9,gen-dec-1790212302-4H6M5kDBH7oky63lThdt,typesafe/jev-1.13-20260917,TypeSafe,1251,100,5.2542e-05,0.88,EMERGENCY,0.59,3.67,0.72,0.0,0.01,0.29,0.67,0.03,0.0,0.0,0.04,0.24,0.72
sca-3201df6c6d9dc767f7b62ead,1,sca-3201df6c6d9dc767f7b62ead__a1.json,sca_main,2026-09-24T01:04:50.522+00:00,200,,True,250.6,gen-dec-1790211890-dsCkVBLhwRBUh9THqWtV,typesafe/jev-1.13-20260917,TypeSafe,1238,98,5.1996e-05,0.16,DEFER,0.79,0.79,0.62,0.84,0.07,0.0,0.0,0.09,0.33,0.55,0.12,0.0,0.0
sca-321edab3a3e302b7e207ef76,1,sca-321edab3a3e302b7e207ef76__a1.json,secondary,2026-09-24T01:11:30.935+00:00,200,,True,143.1,gen-dec-1790212290-lWh9NGdqUQLDSshtdvtj,typesafe/jev-1.13-20260917,TypeSafe,1225,98,5.145e-05,0.36,DEFER,0.57,1.45,0.55,0.66,0.09,0.05,0.0,0.2,0.05,0.51,0.39,0.05,0.0
sca-32b9b26ca86aa66dac378f9c,1,sca-32b9b26ca86aa66dac378f9c__a1.json,secondary,2026-09-24T01:10:13.025+00:00,200,,True,424.0,gen-dec-1790212213-489jiy0SwLLCKkPkbtqr,typesafe/jev-1.13-20260917,TypeSafe,1225,98,5.145e-05,0.25,DEFER,0.61,1.47,0.55,0.69,0.14,0.02,0.0,0.15,0.04,0.49,0.44,0.03,0.0
sca-33776a5f393b129265fe2a0f,1,sca-33776a5f393b129265fe2a0f__a1.json,secondary,2026-09-24T01:12:43.030+00:00,200,,True,214.9,gen-dec-1790212363-RKIpDDbhQWdIIkTLr26o,typesafe/jev-1.13-20260917,TypeSafe,1243,98,5.2206e-05,0.49,DEFER,0.61,2.0,0.77,0.69,0.07,0.09,0.0,0.15,0.02,0.1,0.75,0.12,0.01
sca-33ab4152a398802e4c1343d3,1,sca-33ab4152a398802e4c1343d3__a1.json,secondary,2026-09-24T01:10:28.875+00:00,200,,True,195.4,gen-dec-1790212228-8zFv2Gppte3lpVQr0gWo,typesafe/jev-1.13-20260917,TypeSafe,1147,98,4.8174e-05,0.39,DEFER,0.64,1.58,0.54,0.71,0.06,0.04,0.01,0.18,0.08,0.33,0.53,0.05,0.01
sca-351b71e1f252729fd36b5e62,1,sca-351b71e1f252729fd36b5e62__a1.json,secondary,2026-09-24T01:11:41.108+00:00,200,,True,192.5,gen-dec-1790212301-lUcbswbJBi0oC8IR09ru,typesafe/jev-1.13-20260917,TypeSafe,1138,99,4.7796e-05,0.19,STANDARD,0.73,1.62,0.63,0.04,0.78,0.1,0.0,0.08,0.01,0.4,0.5599999999999999,0.03,0.0
sca-35fb916ba5084a7811ad47f5,1,sca-35fb916ba5084a7811ad47f5__a1.json,secondary,2026-09-24T01:07:37.842+00:00,200,,True,154.9,gen-dec-1790212057-X7iQ85Z5Ju3AGrKmpMSb,typesafe/jev-1.13-20260917,TypeSafe,1235,100,5.187e-05,0.8,EMERGENCY,0.37,3.35,0.57,0.0,0.01,0.44,0.5,0.05,0.0,0.0,0.07,0.5,0.43
sca-363de84aeb31fb2d88991fdf,1,sca-363de84aeb31fb2d88991fdf__a1.json,secondary,2026-09-24T01:12:51.113+00:00,200,,True,228.6,gen-dec-1790212371-IAYPPwMh3O1wbLtT9Ov5,typesafe/jev-1.13-20260917,TypeSafe,1240,98,5.208e-05,0.77,DEFER,0.58,2.74,0.3,0.66,0.02,0.1,0.03,0.19,0.01,0.02,0.41,0.32,0.24
sca-36719f12a16567081e6403d8,1,sca-36719f12a16567081e6403d8__a1.json,secondary,2026-09-24T01:10:20.139+00:00,200,,True,259.8,gen-dec-1790212220-WqS4E6B5ImfnIJITEsrS,typesafe/jev-1.13-20260917,TypeSafe,1234,98,5.1828e-05,0.16,DEFER,0.88,0.56,0.57,0.91,0.03,0.0,0.0,0.06,0.48,0.48,0.04,0.0,0.0
sca-36f6c9b56982a9359a35ded0,1,sca-36f6c9b56982a9359a35ded0__a1.json,secondary,2026-09-24T01:12:12.103+00:00,200,,True,188.6,gen-dec-1790212332-3AWXs97HnU23BznZaF0w,typesafe/jev-1.13-20260917,TypeSafe,1227,98,5.1534e-05,0.42,DEFER,0.57,1.29,0.67,0.66,0.16,0.06,0.0,0.12,0.05,0.61,0.33,0.01,0.0
sca-3727ab1fab49b5407a0e645c,1,sca-3727ab1fab49b5407a0e645c__a1.json,secondary,2026-09-24T01:10:37.799+00:00,200,,True,261.6,gen-dec-1790212237-bVSNv4gcCJlrzcv9lXey,typesafe/jev-1.13-20260917,TypeSafe,1216,100,5.1072e-05,0.8,EMERGENCY,0.65,3.42,0.52,0.0,0.01,0.21,0.72,0.06,0.0,0.0,0.06,0.44,0.5
sca-375a2700c76499a17932b8ba,1,sca-375a2700c76499a17932b8ba__a1.json,secondary,2026-09-24T01:09:06.997+00:00,200,,True,174.1,gen-dec-1790212147-mMTc5ElNP9CON2vYD9lO,typesafe/jev-1.13-20260917,TypeSafe,1258,99,5.2836e-05,0.41,STANDARD,0.4,1.81,0.67,0.03,0.52,0.25,0.05,0.15,0.01,0.28,0.61,0.1,0.0
sca-38fb260a14135f49be7e1658,1,sca-38fb260a14135f49be7e1658__a1.json,secondary,2026-09-24T01:09:00.403+00:00,200,,True,190.7,gen-dec-1790212140-YI4B41NhwNzxDBjKRwYl,typesafe/jev-1.13-20260917,TypeSafe,1235,100,5.187e-05,0.7,ACCELERATED,0.63,2.39,0.57,0.01,0.14,0.72,0.07,0.06,0.0,0.06,0.5,0.43,0.01
sca-39b3b00a8370edddf34eeac5,1,sca-39b3b00a8370edddf34eeac5__a1.json,sca_main,2026-09-24T01:04:57.204+00:00,200,,True,165.5,gen-dec-1790211897-PTymujqOvQN6VFAMKskT,typesafe/jev-1.13-20260917,TypeSafe,1224,98,5.1408e-05,0.16,DEFER,0.74,0.92,0.24,0.79,0.03,0.01,0.0,0.17,0.4,0.32,0.25,0.03,0.0
sca-39b7a39cfa682148b5d5e630,1,sca-39b7a39cfa682148b5d5e630__a1.json,secondary,2026-09-24T01:12:07.209+00:00,200,,True,158.2,gen-dec-1790212327-OU6qkZyR3DQHWMmmiD8E,typesafe/jev-1.13-20260917,TypeSafe,1222,98,5.1324e-05,0.15,DEFER,0.9,0.45,0.63,0.92,0.02,0.0,0.0,0.06,0.6,0.36,0.04,0.0,0.0
sca-3a1133242b03c8286b314347,1,sca-3a1133242b03c8286b314347__a1.json,secondary,2026-09-24T01:11:04.270+00:00,200,,True,273.3,gen-dec-1790212264-vmAgyo9hTpg4LAoL2bcb,typesafe/jev-1.13-20260917,TypeSafe,1214,100,5.0988e-05,0.67,ACCELERATED,0.31,3.09,0.7,0.0,0.03,0.45,0.38,0.14,0.0,0.0,0.13,0.65,0.22
sca-3a2eb2329f570e31a4962157,1,sca-3a2eb2329f570e31a4962157__a1.json,secondary,2026-09-24T01:11:44.349+00:00,200,,True,201.5,gen-dec-1790212304-EKmU7wsOmYntNR9gfR3q,typesafe/jev-1.13-20260917,TypeSafe,1225,98,5.145e-05,0.51,DEFER,0.54,1.79,0.49,0.63,0.04,0.07,0.02,0.24,0.05,0.3,0.48,0.15,0.02
sca-3a7ba9297435b819f6ffcef2,1,sca-3a7ba9297435b819f6ffcef2__a1.json,sca_main,2026-09-24T01:05:25.981+00:00,200,,True,155.4,gen-dec-1790211925-omqC7PyXMd8lrrGoJWLD,typesafe/jev-1.13-20260917,TypeSafe,1248,98,5.2416e-05,0.26,DEFER,0.37,1.6,0.56,0.51,0.17,0.04,0.0,0.28,0.04,0.38,0.52,0.06,0.0
sca-3adc2f2bd342ae11830f983d,1,sca-3adc2f2bd342ae11830f983d__a1.json,secondary,2026-09-24T01:10:32.236+00:00,200,,True,200.4,gen-dec-1790212232-E7b4JS1Gzgoa2lf5fpu8,typesafe/jev-1.13-20260917,TypeSafe,1228,100,5.1576e-05,0.89,EMERGENCY,0.79,3.48,0.58,0.0,0.0,0.16,0.83,0.01,0.0,0.0,0.01,0.49,0.5
sca-3f2245463b1b053c51a20613,1,sca-3f2245463b1b053c51a20613__a1.json,secondary,2026-09-24T01:12:24.688+00:00,200,,True,260.3,gen-dec-1790212344-mrKSxpeAdUgJOcwV9utO,typesafe/jev-1.13-20260917,TypeSafe,1234,99,5.1828e-05,0.29,STANDARD,0.51,1.24,0.72,0.2,0.61,0.05,0.0,0.14,0.05,0.67,0.28,0.0,0.0
sca-3fcbf62dc92e5b221766066b,1,sca-3fcbf62dc92e5b221766066b__a1.json,secondary,2026-09-24T01:13:04.613+00:00,200,,True,141.9,gen-dec-1790212384-TQOT82OKiTz7pIM8lEer,typesafe/jev-1.13-20260917,TypeSafe,1229,99,5.1618e-05,0.48,STANDARD,0.31,1.78,0.7,0.06,0.44,0.32,0.01,0.17,0.01,0.28,0.64,0.07,0.0
sca-3fe012c4cb6160f393a9fb50,1,sca-3fe012c4cb6160f393a9fb50__a1.json,secondary,2026-09-24T01:08:34.968+00:00,200,,True,168.7,gen-dec-1790212114-d21b603mf9x741fU7V6V,typesafe/jev-1.13-20260917,TypeSafe,1246,98,5.2332e-05,0.24,DEFER,0.48,1.04,0.77,0.59,0.18,0.03,0.0,0.2,0.12,0.74,0.14,0.0,0.0
sca-3fe749249590b43e01b92273,1,sca-3fe749249590b43e01b92273__a1.json,secondary,2026-09-24T01:10:09.004+00:00,200,,True,149.6,gen-dec-1790212209-MpJyfEYzz7j5wW0YzLoC,typesafe/jev-1.13-20260917,TypeSafe,1232,100,5.1744e-05,0.87,EMERGENCY,0.51,3.25,0.76,0.0,0.0,0.33,0.61,0.06,0.0,0.0,0.02,0.71,0.27
sca-409b639f44f117d26f47b1b6,1,sca-409b639f44f117d26f47b1b6__a1.json,secondary,2026-09-24T01:11:07.428+00:00,200,,True,199.0,gen-dec-1790212267-ZWqHPiK9jOydJ7366tWo,typesafe/jev-1.13-20260917,TypeSafe,1235,98,5.187e-05,0.59,DEFER,0.28,1.81,0.42,0.43,0.07,0.21,0.02,0.27,0.07,0.3,0.4,0.2,0.03
sca-40e5e2316fdb33a152bbe08d,1,sca-40e5e2316fdb33a152bbe08d__a1.json,secondary,2026-09-24T01:08:52.317+00:00,200,,True,217.6,gen-dec-1790212132-21pe7HyDqvkiLFBt9CxD,typesafe/jev-1.13-20260917,TypeSafe,1230,100,5.166e-05,0.9,EMERGENCY,0.84,3.74,0.78,0.0,0.0,0.11,0.88,0.01,0.0,0.0,0.01,0.25,0.74
sca-427dea8941b394fbe32ee968,1,sca-427dea8941b394fbe32ee968__a1.json,secondary,2026-09-24T01:09:52.339+00:00,200,,True,191.5,gen-dec-1790212192-FXEBPGn2TsFEjM0nwn5B,typesafe/jev-1.13-20260917,TypeSafe,1236,98,5.1912e-05,0.29,DEFER,0.61,0.98,0.59,0.69,0.1,0.04,0.01,0.16,0.26,0.53,0.18,0.03,0.0
sca-42f702d1bbb6ecb1bb49b446,1,sca-42f702d1bbb6ecb1bb49b446__a1.json,secondary,2026-09-24T01:12:56.094+00:00,200,,True,224.7,gen-dec-1790212376-XzCeKDI0FPYzy3DX3qnq,typesafe/jev-1.13-20260917,TypeSafe,1220,100,5.124e-05,0.92,EMERGENCY,0.85,3.79,0.83,0.0,0.0,0.1,0.89,0.01,0.0,0.0,0.02,0.17,0.81
sca-4315de51f48d14b1ca4f0cee,1,sca-4315de51f48d14b1ca4f0cee__a1.json,sca_main,2026-09-24T01:05:25.399+00:00,200,,True,230.9,gen-dec-1790211925-nHcbOGojWe88fnR3yCbU,typesafe/jev-1.13-20260917,TypeSafe,1221,100,5.1282e-05,0.83,EMERGENCY,0.66,3.26,0.61,0.0,0.01,0.24,0.72,0.03,0.0,0.0,0.1,0.53,0.37
sca-440d4f6c53b914fc43535854,1,sca-440d4f6c53b914fc43535854__a1.json,secondary,2026-09-24T01:07:23.744+00:00,200,,True,156.4,gen-dec-1790212043-bVQk0Lg6USEJhZrxTuzJ,typesafe/jev-1.13-20260917,TypeSafe,1214,100,5.0988e-05,0.62,ACCELERATED,0.3,2.5,0.56,0.02,0.18,0.44,0.1,0.26,0.0,0.03,0.44,0.52,0.01
sca-441817d8cca3af0f0d25c433,1,sca-441817d8cca3af0f0d25c433__a1.json,sca_main,2026-09-24T01:05:32.622+00:00,200,,True,167.3,gen-dec-1790211932-KIL8wba7PSK3tWbCj4Zf,typesafe/jev-1.13-20260917,TypeSafe,1233,98,5.1786e-05,0.68,DEFER,0.52,2.5,0.48,0.62,0.03,0.15,0.03,0.17,0.01,0.05,0.53,0.25,0.16
sca-442e82c7a3837fc651010d75,1,sca-442e82c7a3837fc651010d75__a1.json,secondary,2026-09-24T01:10:43.624+00:00,200,,True,273.8,gen-dec-1790212243-2noaf5loQlzTeaJmDVlt,typesafe/jev-1.13-20260917,TypeSafe,1224,100,5.1408e-05,0.83,ACCELERATED,0.51,2.78,0.68,0.01,0.04,0.61,0.26,0.08,0.0,0.02,0.27,0.63,0.08
sca-445c95bc8134801bd8c9ede5,1,sca-445c95bc8134801bd8c9ede5__a1.json,secondary,2026-09-24T01:09:13.497+00:00,200,,True,223.3,gen-dec-1790212153-LG1eGW88iYac007mMuwd,typesafe/jev-1.13-20260917,TypeSafe,1227,98,5.1534e-05,0.52,REVIEW,0.11,2.1,0.0,0.09,0.26,0.17,0.19,0.29,0.06,0.32,0.3,0.11,0.21
sca-467a6a5f58d6543c735bf356,1,sca-467a6a5f58d6543c735bf356__a1.json,secondary,2026-09-24T01:11:13.654+00:00,200,,True,385.4,gen-dec-1790212273-nhLlAxkHDFxKDKwKu7ru,typesafe/jev-1.13-20260917,TypeSafe,1234,98,5.1828e-05,0.28,DEFER,0.46,1.29,0.72,0.5599999999999999,0.29,0.03,0.0,0.12,0.02,0.68,0.29,0.01,0.0
sca-47167db5939501c524533235,1,sca-47167db5939501c524533235__a1.json,secondary,2026-09-24T01:09:58.286+00:00,200,,True,181.0,gen-dec-1790212198-LGc5FYCXtiIUUT2sn0D3,typesafe/jev-1.13-20260917,TypeSafe,1236,98,5.1912e-05,0.78,DEFER,0.57,2.9,0.2,0.65,0.02,0.11,0.05,0.17,0.01,0.01,0.38,0.27,0.33
sca-48599b9b49623cbab7a08ad9,1,sca-48599b9b49623cbab7a08ad9__a1.json,secondary,2026-09-24T01:12:14.934+00:00,200,,True,280.7,gen-dec-1790212334-DQo25WFc2eNJ2eYxqDys,typesafe/jev-1.13-20260917,TypeSafe,1214,100,5.0988e-05,0.64,ACCELERATED,0.23,2.25,0.57,0.01,0.31,0.39,0.16,0.13,0.0,0.13,0.54,0.29,0.04
sca-48c56952487aa4c4e1bb47fd,1,sca-48c56952487aa4c4e1bb47fd__a1.json,secondary,2026-09-24T01:10:18.147+00:00,200,,True,298.1,gen-dec-1790212218-BBHkPjyPkhejcaHsmWY3,typesafe/jev-1.13-20260917,TypeSafe,1223,98,5.1366e-05,0.84,REVIEW,0.36,3.19,0.79,0.0,0.01,0.36,0.15,0.48,0.0,0.0,0.03,0.75,0.22
sca-497765c40e895df10e455fd9,1,sca-497765c40e895df10e455fd9__a1.json,sca_main,2026-09-24T01:05:15.018+00:00,200,,True,345.2,gen-dec-1790211915-n9gF13H7zJxMEnQ9Ezsw,typesafe/jev-1.13-20260917,TypeSafe,1242,98,5.2164e-05,0.26,DEFER,0.45,1.73,0.56,0.56,0.09,0.07,0.0,0.28,0.06,0.28,0.55,0.09,0.02
sca-49aa81c26e80b1f5888d10d4,1,sca-49aa81c26e80b1f5888d10d4__a1.json,secondary,2026-09-24T01:11:43.779+00:00,200,,True,219.4,gen-dec-1790212303-NDCXuhgyB4rHOk8U6XrR,typesafe/jev-1.13-20260917,TypeSafe,1255,98,5.271e-05,0.48,REVIEW,0.54,3.01,0.18,0.01,0.01,0.05,0.29,0.64,0.14,0.07,0.05,0.12,0.62
sca-49e50e53d3c453f1c7592b81,1,sca-49e50e53d3c453f1c7592b81__a1.json,secondary,2026-09-24T01:09:45.792+00:00,200,,True,233.5,gen-dec-1790212185-uyIDdXvIAlgi4UJAMRcq,typesafe/jev-1.13-20260917,TypeSafe,1227,99,5.1534e-05,0.36,STANDARD,0.47,1.29,0.7,0.1,0.58,0.09,0.03,0.2,0.03,0.68,0.25,0.02,0.01
sca-4a2c0fd04232ae13e3e66669,1,sca-4a2c0fd04232ae13e3e66669__a1.json,sca_main,2026-09-24T01:04:38.649+00:00,200,,True,159.8,gen-dec-1790211878-3rupKMVkOOAlPap4EwEb,typesafe/jev-1.13-20260917,TypeSafe,1227,100,5.1534e-05,0.78,EMERGENCY,0.26,2.73,0.37,0.01,0.11,0.38,0.41,0.09,0.0,0.09,0.34,0.33,0.24
sca-4a7f2b2dddfa69768dd10d6c,1,sca-4a7f2b2dddfa69768dd10d6c__a1.json,sca_main,2026-09-24T01:04:41.421+00:00,200,,True,190.1,gen-dec-1790211881-esbWjUDYnV8aQwHyJ2Je,typesafe/jev-1.13-20260917,TypeSafe,1237,98,5.1954e-05,0.69,DEFER,0.43,2.18,0.63,0.54,0.12,0.19,0.01,0.14,0.02,0.09,0.61,0.24,0.04
sca-4ab3af3e01f9e060cc96af59,1,sca-4ab3af3e01f9e060cc96af59__a1.json,secondary,2026-09-24T01:11:23.853+00:00,200,,True,342.1,gen-dec-1790212283-SPjvJ8mF6Oh0bCJfuuUb,typesafe/jev-1.13-20260917,TypeSafe,1224,100,5.1408e-05,0.75,ACCELERATED,0.49,3.21,0.65,0.0,0.02,0.59,0.35,0.04,0.0,0.0,0.1,0.59,0.31
sca-4b2a57f43410ad2e864b6b42,1,sca-4b2a57f43410ad2e864b6b42__a1.json,sca_main,2026-09-24T01:04:44.877+00:00,200,,True,171.8,gen-dec-1790211884-LY6SB8SLIDzO3BMNJdo1,typesafe/jev-1.13-20260917,TypeSafe,1240,98,5.208e-05,0.54,DEFER,0.41,2.25,0.57,0.52,0.09,0.13,0.02,0.24,0.01,0.1,0.59,0.22,0.08
sca-4b61f7a41e1372cd7a311f47,1,sca-4b61f7a41e1372cd7a311f47__a1.json,secondary,2026-09-24T01:08:12.669+00:00,200,,True,172.0,gen-dec-1790212092-ggIcfeAWGrJv52DWZWYr,typesafe/jev-1.13-20260917,TypeSafe,1218,98,5.1156e-05,0.65,DEFER,0.47,1.82,0.63,0.57,0.12,0.16,0.01,0.14,0.05,0.2,0.64,0.1,0.01
sca-4bed6584d57b3b1cb4d2b1b6,1,sca-4bed6584d57b3b1cb4d2b1b6__a1.json,secondary,2026-09-24T01:11:17.359+00:00,200,,True,233.7,gen-dec-1790212277-OSGp5SZwgH8Kcr9UxsKc,typesafe/jev-1.13-20260917,TypeSafe,1220,100,5.124e-05,0.73,ACCELERATED,0.38,2.81,0.75,0.01,0.18,0.51,0.03,0.27,0.0,0.01,0.23,0.7,0.06
sca-4c7cf8e192623d5cdbb8798e,1,sca-4c7cf8e192623d5cdbb8798e__a1.json,secondary,2026-09-24T01:09:22.694+00:00,200,,True,178.3,gen-dec-1790212162-JbMxDfhp3pnkzv9EVtgj,typesafe/jev-1.13-20260917,TypeSafe,1245,98,5.229e-05,0.48,REVIEW,0.53,2.64,0.0,0.01,0.03,0.11,0.22,0.63,0.18,0.1,0.07,0.21,0.44
sca-4c7d38a69c7cd7844693a886,1,sca-4c7d38a69c7cd7844693a886__a1.json,secondary,2026-09-24T01:08:24.851+00:00,200,,True,193.5,gen-dec-1790212104-gahu1msyZ5imdyGJhaI9,typesafe/jev-1.13-20260917,TypeSafe,1234,98,5.1828e-05,0.25,DEFER,0.74,0.88,0.66,0.79,0.05,0.02,0.0,0.14,0.26,0.6,0.13,0.01,0.0
sca-4cd8b69a0ec560cc950c46cc,1,sca-4cd8b69a0ec560cc950c46cc__a1.json,secondary,2026-09-24T01:08:16.547+00:00,200,,True,179.6,gen-dec-1790212096-B6xOgzNRejX29Wg1W9St,typesafe/jev-1.13-20260917,TypeSafe,1225,98,5.145e-05,0.38,DEFER,0.55,1.49,0.51,0.64,0.09,0.06,0.0,0.21,0.05,0.48,0.41,0.06,0.0
sca-4dae92a8f6d5f19c4d8bdbd6,1,sca-4dae92a8f6d5f19c4d8bdbd6__a1.json,secondary,2026-09-24T01:09:25.434+00:00,200,,True,249.0,gen-dec-1790212165-xWPnfNYZunZ9WxIyfAfo,typesafe/jev-1.13-20260917,TypeSafe,1235,98,5.187e-05,0.17,DEFER,0.88,0.55,0.54,0.91,0.03,0.0,0.0,0.06,0.52,0.42,0.06,0.0,0.0
sca-4e12470ea4cc2791f54941c6,1,sca-4e12470ea4cc2791f54941c6__a1.json,sca_main,2026-09-24T01:05:42.280+00:00,200,,True,334.7,gen-dec-1790211942-Ry3BNO4uHZyYfWiqTthj,typesafe/jev-1.13-20260917,TypeSafe,1236,98,5.1912e-05,0.45,DEFER,0.63,1.41,0.59,0.7,0.1,0.04,0.0,0.16,0.04,0.51,0.44,0.01,0.0
sca-4e82c7d9db4e8f347b9a223f,1,sca-4e82c7d9db4e8f347b9a223f__a1.json,secondary,2026-09-24T01:13:03.948+00:00,200,,True,315.3,gen-dec-1790212383-21dY7xQHEMMESe6nRHXF,typesafe/jev-1.13-20260917,TypeSafe,1214,100,5.0988e-05,0.81,EMERGENCY,0.68,3.46,0.55,0.0,0.01,0.19,0.75,0.05,0.0,0.0,0.05,0.42,0.53
sca-4e8b0dba4aed7bc7e730b625,1,sca-4e8b0dba4aed7bc7e730b625__a1.json,sca_main,2026-09-24T01:05:03.131+00:00,200,,True,249.8,gen-dec-1790211903-Q7dE5uR4JyEgIhS2sl7T,typesafe/jev-1.13-20260917,TypeSafe,1248,98,5.2416e-05,0.81,DEFER,0.48,2.95,0.13,0.6,0.01,0.15,0.06,0.18,0.01,0.01,0.37,0.25,0.36
sca-4fc76e121b6a0443285ba647,1,sca-4fc76e121b6a0443285ba647__a1.json,sca_main,2026-09-24T01:05:21.326+00:00,200,,True,187.0,gen-dec-1790211921-VqoDeRwUcKF8iXMkrobn,typesafe/jev-1.13-20260917,TypeSafe,1233,100,5.1786e-05,0.83,ACCELERATED,0.43,3.33,0.72,0.0,0.0,0.55,0.44,0.01,0.0,0.0,0.0,0.67,0.33
sca-504b8bb6ec22a8f58d9c603d,1,sca-504b8bb6ec22a8f58d9c603d__a1.json,sca_main,2026-09-24T01:05:29.596+00:00,200,,True,150.5,gen-dec-1790211929-uC22fXsaci8GcD8YDzNP,typesafe/jev-1.13-20260917,TypeSafe,1251,98,5.2542e-05,0.22,DEFER,0.45,1.34,0.64,0.5700000000000001,0.16,0.03,0.0,0.24,0.04,0.58,0.37,0.01,0.0
sca-50fa80573b4813349060c6be,1,sca-50fa80573b4813349060c6be__a1.json,sca_main,2026-09-24T01:05:35.854+00:00,200,,True,155.9,gen-dec-1790211935-ZheGocuZEkHCyUwq2aYa,typesafe/jev-1.13-20260917,TypeSafe,1220,100,5.124e-05,0.85,ACCELERATED,0.37,3.0,0.76,0.01,0.04,0.49,0.37,0.09,0.0,0.0,0.13,0.73,0.14
sca-517e8a5251bbd58abc8c070d,1,sca-517e8a5251bbd58abc8c070d__a1.json,secondary,2026-09-24T01:12:41.928+00:00,200,,True,196.1,gen-dec-1790212361-zD5qHj7Y1spKZeOLbgpN,typesafe/jev-1.13-20260917,TypeSafe,1248,98,5.2416e-05,0.77,DEFER,0.38,2.92,0.17,0.51,0.01,0.09,0.02,0.37,0.01,0.02,0.33,0.32,0.32
sca-5242d3a21bdad69899e5753c,1,sca-5242d3a21bdad69899e5753c__a1.json,secondary,2026-09-24T01:10:15.643+00:00,200,,True,328.1,gen-dec-1790212215-ol1UtjNMaqo00BcLe5xH,typesafe/jev-1.13-20260917,TypeSafe,1219,100,5.1198e-05,0.9,EMERGENCY,0.76,3.52,0.6,0.0,0.0,0.18,0.81,0.01,0.0,0.0,0.02,0.44,0.54
sca-526677fa4014716e7e4b985b,1,sca-526677fa4014716e7e4b985b__a1.json,secondary,2026-09-24T01:09:02.037+00:00,200,,True,205.0,gen-dec-1790212142-zbkADFy6zlCuWig3IHwY,typesafe/jev-1.13-20260917,TypeSafe,1228,100,5.1576e-05,0.84,ACCELERATED,0.7,2.79,0.67,0.01,0.08,0.75,0.13,0.03,0.0,0.02,0.26,0.63,0.09
sca-52a16346f075b82728451db6,1,sca-52a16346f075b82728451db6__a1.json,secondary,2026-09-24T01:09:56.087+00:00,200,,True,219.5,gen-dec-1790212196-Aa2k4QABvZmtm29vsVeW,typesafe/jev-1.13-20260917,TypeSafe,1227,98,5.1534e-05,0.18,DEFER,0.87,0.96,0.58,0.9,0.02,0.0,0.0,0.08,0.27,0.5,0.22,0.01,0.0
sca-52ba6676c68dd422cd5a45e4,1,sca-52ba6676c68dd422cd5a45e4__a1.json,secondary,2026-09-24T01:12:33.825+00:00,200,,True,182.5,gen-dec-1790212353-rbJfbiRp3Ehg6Vpm2q3I,typesafe/jev-1.13-20260917,TypeSafe,1229,100,5.1618e-05,0.46,ACCELERATED,0.42,2.11,0.63,0.02,0.36,0.53,0.01,0.08,0.01,0.16,0.5599999999999999,0.27,0.0
sca-55ba3f1a2473dc87bd72fa47,1,sca-55ba3f1a2473dc87bd72fa47__a1.json,sca_main,2026-09-24T01:04:48.040+00:00,200,,True,299.4,gen-dec-1790211888-SZQm24kA9EoM7OlbQ8A7,typesafe/jev-1.13-20260917,TypeSafe,1243,98,5.2206e-05,0.67,DEFER,0.42,1.92,0.27,0.53,0.03,0.09,0.02,0.33,0.14,0.2,0.35,0.22,0.09
sca-56142bbbd12757cd56517dce,1,sca-56142bbbd12757cd56517dce__a1.json,sca_main,2026-09-24T01:05:27.963+00:00,200,,True,186.1,gen-dec-1790211927-oJOFqvEymV4VMWeZZ68H,typesafe/jev-1.13-20260917,TypeSafe,1241,100,5.2122e-05,0.93,EMERGENCY,0.83,3.86,0.88,0.0,0.0,0.12,0.87,0.01,0.0,0.0,0.01,0.11,0.88
sca-5624aaecaf6448404f023537,1,sca-5624aaecaf6448404f023537__a1.json,secondary,2026-09-24T01:08:01.301+00:00,200,,True,164.7,gen-dec-1790212081-MWe46n5mUXmbh0MkHWVS,typesafe/jev-1.13-20260917,TypeSafe,1247,100,5.2374e-05,0.9,EMERGENCY,0.47,3.36,0.67,0.0,0.01,0.38,0.58,0.03,0.0,0.0,0.02,0.6,0.38
sca-563a9f29c1e8579b3c00bd24,1,sca-563a9f29c1e8579b3c00bd24__a1.json,sca_main,2026-09-24T01:05:39.561+00:00,200,,True,158.3,gen-dec-1790211939-ehMmu6Ef5lSa7c8lCXOs,typesafe/jev-1.13-20260917,TypeSafe,1231,100,5.1702e-05,0.95,EMERGENCY,0.96,3.93,0.94,0.0,0.0,0.03,0.97,0.0,0.0,0.0,0.0,0.07,0.93
sca-57dc86684c73e8eac1ff7949,1,sca-57dc86684c73e8eac1ff7949__a1.json,secondary,2026-09-24T01:10:29.944+00:00,200,,True,188.0,gen-dec-1790212229-Apd4W6nOCWJLdL3vVtNj,typesafe/jev-1.13-20260917,TypeSafe,1138,98,4.7796e-05,0.25,DEFER,0.62,1.04,0.57,0.7,0.12,0.03,0.0,0.15,0.24,0.51,0.23,0.02,0.0
sca-5841e9641210541f27e3d7b4-rep1,1,sca-5841e9641210541f27e3d7b4-rep1__a1.json,secondary,2026-09-24T01:12:26.392+00:00,200,,True,253.8,gen-dec-1790212346-rgtt18lqJFJDNsaR5Lf2,typesafe/jev-1.13-20260917,TypeSafe,1242,98,5.2164e-05,0.26,DEFER,0.44,1.21,0.74,0.55,0.3,0.03,0.0,0.12,0.05,0.7,0.25,0.0,0.0
sca-5841e9641210541f27e3d7b4-rep2,1,sca-5841e9641210541f27e3d7b4-rep2__a1.json,secondary,2026-09-24T01:09:04.149+00:00,200,,True,428.3,gen-dec-1790212144-uYbH3r5tpWwwBxnwM4Rp,typesafe/jev-1.13-20260917,TypeSafe,1242,98,5.2164e-05,0.24,DEFER,0.47,1.15,0.75,0.57,0.29,0.02,0.0,0.12,0.07,0.72,0.21,0.0,0.0
sca-5841e9641210541f27e3d7b4-rep3,1,sca-5841e9641210541f27e3d7b4-rep3__a1.json,secondary,2026-09-24T01:13:07.677+00:00,200,,True,280.7,gen-dec-1790212387-XP4ZBbTloIFd4dQcFRRZ,typesafe/jev-1.13-20260917,TypeSafe,1242,98,5.2164e-05,0.26,DEFER,0.47,1.23,0.73,0.58,0.3,0.02,0.0,0.1,0.05,0.68,0.26,0.0,0.0
sca-5841e9641210541f27e3d7b4,1,sca-5841e9641210541f27e3d7b4__a1.json,sca_main,2026-09-24T01:05:19.137+00:00,200,,True,183.3,gen-dec-1790211919-cZFHaCHtQ3cTrY6ALF5M,typesafe/jev-1.13-20260917,TypeSafe,1242,98,5.2164e-05,0.27,DEFER,0.42,1.23,0.73,0.54,0.32,0.02,0.0,0.12,0.04,0.7,0.26,0.0,0.0
sca-58eb81db9a1bf6312a72062c,1,sca-58eb81db9a1bf6312a72062c__a1.json,secondary,2026-09-24T01:12:57.266+00:00,200,,True,190.4,gen-dec-1790212377-8AnT3QtAedGJl8GlktG0,typesafe/jev-1.13-20260917,TypeSafe,1211,100,5.0862e-05,0.94,EMERGENCY,0.89,3.74,0.78,0.0,0.0,0.08,0.91,0.01,0.0,0.0,0.0,0.25,0.75
sca-593be005b05fce00fae9337b,1,sca-593be005b05fce00fae9337b__a1.json,secondary,2026-09-24T01:10:54.615+00:00,200,,True,223.0,gen-dec-1790212254-Q20sOzP6lL34mpysXfDC,typesafe/jev-1.13-20260917,TypeSafe,1234,98,5.1828e-05,0.68,REVIEW,0.85,3.01,0.72,0.0,0.0,0.08,0.03,0.89,0.0,0.0,0.16,0.67,0.17
sca-59db35407d5174f530c04c0d,1,sca-59db35407d5174f530c04c0d__a1.json,secondary,2026-09-24T01:12:46.175+00:00,200,,True,184.2,gen-dec-1790212366-dJlxUYWOGL1m86tihP9o,typesafe/jev-1.13-20260917,TypeSafe,1234,98,5.1828e-05,0.24,DEFER,0.66,0.9,0.67,0.73,0.12,0.02,0.01,0.12,0.25,0.62,0.12,0.01,0.0
sca-59dc239b99bbad3b3e66598f,1,sca-59dc239b99bbad3b3e66598f__a1.json,sca_main,2026-09-24T01:05:37.969+00:00,200,,True,200.6,gen-dec-1790211937-zEHWcEtdWCnIRCjESt5M,typesafe/jev-1.13-20260917,TypeSafe,1246,100,5.2332e-05,0.67,ACCELERATED,0.81,2.6,0.64,0.0,0.06,0.85,0.07,0.02,0.0,0.01,0.4,0.58,0.01
sca-5abbd845fecefd707e2c0dce,1,sca-5abbd845fecefd707e2c0dce__a1.json,sca_main,2026-09-24T01:04:47.493+00:00,200,,True,195.9,gen-dec-1790211887-mRmkjT1Tf8k38Cd4Jitz,typesafe/jev-1.13-20260917,TypeSafe,1220,100,5.124e-05,0.88,EMERGENCY,0.79,3.49,0.58,0.0,0.0,0.16,0.83,0.01,0.0,0.0,0.01,0.48,0.51
sca-5acd2e0c8cd5a7a7aa9cbe64,1,sca-5acd2e0c8cd5a7a7aa9cbe64__a1.json,secondary,2026-09-24T01:09:43.008+00:00,200,,True,196.9,gen-dec-1790212183-GTMHz0gLoPzjLTuhI8Y5,typesafe/jev-1.13-20260917,TypeSafe,1222,99,5.1324e-05,0.32,STANDARD,0.75,1.52,0.59,0.04,0.8,0.11,0.0,0.05,0.01,0.47,0.52,0.0,0.0
sca-5b21f17c86d3c50c3c5bb4af-rep1,1,sca-5b21f17c86d3c50c3c5bb4af-rep1__a1.json,secondary,2026-09-24T01:07:42.987+00:00,200,,True,134.1,gen-dec-1790212062-5DlH6Ge6TW1t0pswlI5a,typesafe/jev-1.13-20260917,TypeSafe,1233,98,5.1786e-05,0.27,DEFER,0.55,1.16,0.64,0.64,0.17,0.05,0.0,0.14,0.14,0.58,0.26,0.02,0.0
sca-5b21f17c86d3c50c3c5bb4af-rep2,1,sca-5b21f17c86d3c50c3c5bb4af-rep2__a1.json,secondary,2026-09-24T01:11:01.684+00:00,200,,True,222.4,gen-dec-1790212261-dK93VhK2ikoW9sGrG1o5,typesafe/jev-1.13-20260917,TypeSafe,1233,98,5.1786e-05,0.28,DEFER,0.52,1.17,0.6,0.62,0.19,0.06,0.0,0.13,0.16,0.54,0.27,0.03,0.0
sca-5b21f17c86d3c50c3c5bb4af-rep3,1,sca-5b21f17c86d3c50c3c5bb4af-rep3__a1.json,secondary,2026-09-24T01:09:27.810+00:00,200,,True,172.9,gen-dec-1790212167-zBOarYtzmMzNLL3ohpKi,typesafe/jev-1.13-20260917,TypeSafe,1233,98,5.1786e-05,0.27,DEFER,0.54,1.18,0.64,0.63,0.18,0.06,0.0,0.13,0.13,0.59,0.26,0.02,0.0
sca-5b21f17c86d3c50c3c5bb4af,1,sca-5b21f17c86d3c50c3c5bb4af__a1.json,sca_main,2026-09-24T01:05:18.122+00:00,200,,True,171.5,gen-dec-1790211918-HXpyTP7PcqMcoREwJEb8,typesafe/jev-1.13-20260917,TypeSafe,1233,98,5.1786e-05,0.26,DEFER,0.58,1.13,0.65,0.67,0.17,0.05,0.0,0.11,0.14,0.61,0.23,0.02,0.0
sca-5b2cc40176e436720fb13f61,1,sca-5b2cc40176e436720fb13f61__a1.json,sca_main,2026-09-24T01:05:17.594+00:00,200,,True,176.6,gen-dec-1790211917-ObsyTHQfWvsGU703jXVo,typesafe/jev-1.13-20260917,TypeSafe,1258,98,5.2836e-05,0.51,DEFER,0.47,1.76,0.5,0.59,0.01,0.02,0.0,0.38,0.11,0.2,0.53,0.13,0.03
sca-5cd1943d12ecdd3d454e5e99,1,sca-5cd1943d12ecdd3d454e5e99__a1.json,secondary,2026-09-24T01:09:04.928+00:00,200,,True,147.0,gen-dec-1790212144-qbB73Jv4iKiVPllRhn2I,typesafe/jev-1.13-20260917,TypeSafe,1219,100,5.1198e-05,0.71,ACCELERATED,0.6,3.25,0.68,0.0,0.02,0.68,0.27,0.02,0.0,0.0,0.07,0.61,0.32
sca-5d11e7aabb116461b63e7f61,1,sca-5d11e7aabb116461b63e7f61__a1.json,secondary,2026-09-24T01:09:21.049+00:00,200,,True,161.7,gen-dec-1790212161-cJDToCtjL8P8hg2ZFMee,typesafe/jev-1.13-20260917,TypeSafe,1200,100,5.04e-05,0.74,ACCELERATED,0.59,2.83,0.76,0.01,0.13,0.67,0.08,0.11,0.0,0.01,0.21,0.72,0.06
sca-5df1b6e88256948dff216217,1,sca-5df1b6e88256948dff216217__a1.json,secondary,2026-09-24T01:11:42.189+00:00,200,,True,157.7,gen-dec-1790212302-4NxKkAbgwxxzK4BfRxLr,typesafe/jev-1.13-20260917,TypeSafe,1239,98,5.2038e-05,0.41,DEFER,0.36,1.3,0.64,0.49,0.16,0.05,0.0,0.3,0.07,0.58,0.34,0.01,0.0
sca-5e6871751c1cfd7153ca8a10,1,sca-5e6871751c1cfd7153ca8a10__a1.json,secondary,2026-09-24T01:12:56.669+00:00,200,,True,246.8,gen-dec-1790212376-AxpOG32O3ErmuEqWGgVH,typesafe/jev-1.13-20260917,TypeSafe,1224,98,5.1408e-05,0.44,DEFER,0.67,1.31,0.4,0.74,0.03,0.04,0.01,0.18,0.21,0.37,0.34,0.08,0.0
sca-5e7a55e75723c777da544d93,1,sca-5e7a55e75723c777da544d93__a1.json,sca_main,2026-09-24T01:05:26.968+00:00,200,,True,144.4,gen-dec-1790211926-04ue4d8F1SLL3hQcYWXR,typesafe/jev-1.13-20260917,TypeSafe,1221,100,5.1282e-05,0.78,ACCELERATED,0.61,2.89,0.78,0.01,0.1,0.6799999999999999,0.11,0.1,0.0,0.0,0.17,0.75,0.08
sca-5e9fe3e4cefcfe78eab69e3f,1,sca-5e9fe3e4cefcfe78eab69e3f__a1.json,sca_main,2026-09-24T01:05:08.664+00:00,200,,True,209.8,gen-dec-1790211908-TZY9PgZbzDje8IRDuXK8,typesafe/jev-1.13-20260917,TypeSafe,1224,98,5.1408e-05,0.21,DEFER,0.8,0.83,0.51,0.84,0.03,0.01,0.0,0.12,0.38,0.43,0.17,0.02,0.0
sca-5ede2a5baefe2b2de5cadd9c,1,sca-5ede2a5baefe2b2de5cadd9c__a1.json,sca_main,2026-09-24T01:05:12.165+00:00,200,,True,194.9,gen-dec-1790211912-Q67sbyeHWFBUp1RnbTAM,typesafe/jev-1.13-20260917,TypeSafe,1215,98,5.103e-05,0.14,DEFER,0.76,0.74,0.65,0.81,0.14,0.0,0.0,0.05,0.34,0.59,0.07,0.0,0.0
sca-5efaa520a0d46e222d687973,1,sca-5efaa520a0d46e222d687973__a1.json,secondary,2026-09-24T01:10:15.087+00:00,200,,True,205.1,gen-dec-1790212215-d8vZ9YboeFuDH38JQ998,typesafe/jev-1.13-20260917,TypeSafe,1228,98,5.1576e-05,0.57,DEFER,0.44,1.71,0.38,0.55,0.03,0.11,0.05,0.26,0.12,0.27,0.41,0.17,0.03
sca-5fcd057fced09383ffa3dc98,1,sca-5fcd057fced09383ffa3dc98__a1.json,secondary,2026-09-24T01:08:45.396+00:00,200,,True,168.9,gen-dec-1790212125-HZjsOgmTW550WeYhbc6w,typesafe/jev-1.13-20260917,TypeSafe,1250,98,5.25e-05,0.77,REVIEW,0.43,2.67,0.5,0.33,0.02,0.1,0.02,0.53,0.01,0.01,0.42,0.43,0.13
sca-60f12ab981dc53d1bd0334f4,1,sca-60f12ab981dc53d1bd0334f4__a1.json,secondary,2026-09-24T01:09:27.189+00:00,200,,True,271.1,gen-dec-1790212167-rZwGzhsi5ZBWD68C6tSP,typesafe/jev-1.13-20260917,TypeSafe,1232,99,5.1744e-05,0.53,STANDARD,0.32,1.86,0.68,0.01,0.45,0.46,0.03,0.05,0.0,0.26,0.62,0.11,0.01
sca-6109e61ea930000f8562cb54,1,sca-6109e61ea930000f8562cb54__a1.json,secondary,2026-09-24T01:12:04.384+00:00,200,,True,235.2,gen-dec-1790212324-lBiO2sdJ6WVPRkBRz5Oq,typesafe/jev-1.13-20260917,TypeSafe,1134,100,4.7628e-05,0.85,EMERGENCY,0.44,3.66,0.72,0.0,0.01,0.41,0.56,0.02,0.0,0.0,0.04,0.26,0.7
sca-6122fc4cf8175077d4e778ce,1,sca-6122fc4cf8175077d4e778ce__a1.json,secondary,2026-09-24T01:12:39.048+00:00,200,,True,152.9,gen-dec-1790212359-Ms79bSxVhwdi145o20Le,typesafe/jev-1.13-20260917,TypeSafe,1214,98,5.0988e-05,0.5,DEFER,0.5,1.78,0.39,0.59,0.04,0.08,0.03,0.26,0.1,0.27,0.41000000000000003,0.19,0.03
sca-620419cc8d00bda5dc81029b,1,sca-620419cc8d00bda5dc81029b__a1.json,secondary,2026-09-24T01:08:14.247+00:00,200,,True,196.9,gen-dec-1790212094-jsERDMBnIa0qrXUqKZgi,typesafe/jev-1.13-20260917,TypeSafe,1238,98,5.1996e-05,0.62,DEFER,0.42,1.89,0.65,0.54,0.09,0.14,0.01,0.22,0.03,0.2,0.64,0.11,0.02
sca-622fb3dd6ae34b784bf75661,1,sca-622fb3dd6ae34b784bf75661__a1.json,sca_main,2026-09-24T01:04:55.057+00:00,200,,True,152.7,gen-dec-1790211895-Yq3vs9Afp2CefCsCMAJn,typesafe/jev-1.13-20260917,TypeSafe,1232,98,5.1744e-05,0.78,REVIEW,0.25,2.59,0.34,0.36,0.02,0.1,0.11,0.41000000000000003,0.03,0.08,0.34,0.36,0.19
sca-628547cf6f53cd4b201fcdcc,1,sca-628547cf6f53cd4b201fcdcc__a1.json,secondary,2026-09-24T01:12:50.019+00:00,200,,True,215.0,gen-dec-1790212370-1bLbuJiKilsDxdOBTWyX,typesafe/jev-1.13-20260917,TypeSafe,1219,98,5.1198e-05,0.3,DEFER,0.75,0.93,0.69,0.79,0.03,0.01,0.01,0.16,0.22,0.64,0.13,0.01,0.0
sca-6297b674e9a090aa5e477280,1,sca-6297b674e9a090aa5e477280__a1.json,secondary,2026-09-24T01:09:47.606+00:00,200,,True,271.2,gen-dec-1790212187-7r2CvlfjcAePSwmrRc96,typesafe/jev-1.13-20260917,TypeSafe,1244,98,5.2248e-05,0.7,DEFER,0.56,2.17,0.64,0.64,0.05,0.13,0.01,0.17,0.02,0.09,0.65,0.18,0.06
sca-62a53252e569f08b67cec54c,1,sca-62a53252e569f08b67cec54c__a1.json,secondary,2026-09-24T01:09:28.885+00:00,200,,True,204.0,gen-dec-1790212168-GqmQLjQ17cqsxu63iFju,typesafe/jev-1.13-20260917,TypeSafe,1229,98,5.1618e-05,0.32,REVIEW,0.39,1.69,0.64,0.04,0.38,0.06,0.0,0.52,0.01,0.34,0.59,0.06,0.0
sca-62df18f8b537251dec51d76f,1,sca-62df18f8b537251dec51d76f__a1.json,secondary,2026-09-24T01:10:12.465+00:00,200,,True,209.1,gen-dec-1790212212-4AXea3FX5ngDBH8LBl7y,typesafe/jev-1.13-20260917,TypeSafe,1219,99,5.1198e-05,0.34,STANDARD,0.58,1.79,0.68,0.07,0.66,0.1,0.01,0.16,0.01,0.28,0.62,0.09,0.0
sca-63051e568972bae2453dc79b-rep1,1,sca-63051e568972bae2453dc79b-rep1__a1.json,secondary,2026-09-24T01:08:23.327+00:00,200,,True,149.2,gen-dec-1790212103-0Y72PNKDn9AvugnhkjNL,typesafe/jev-1.13-20260917,TypeSafe,1241,98,5.2122e-05,0.24,DEFER,0.85,0.91,0.64,0.88,0.02,0.01,0.0,0.09,0.26,0.57,0.17,0.0,0.0
sca-63051e568972bae2453dc79b-rep2,1,sca-63051e568972bae2453dc79b-rep2__a1.json,secondary,2026-09-24T01:13:00.508+00:00,200,,True,173.5,gen-dec-1790212380-Hfgoix7KNwfPUSY7MFUG,typesafe/jev-1.13-20260917,TypeSafe,1241,98,5.2122e-05,0.23,DEFER,0.82,0.92,0.63,0.85,0.02,0.01,0.0,0.12,0.26,0.56,0.18,0.0,0.0
sca-63051e568972bae2453dc79b-rep3,1,sca-63051e568972bae2453dc79b-rep3__a1.json,secondary,2026-09-24T01:11:00.111+00:00,200,,True,192.4,gen-dec-1790212260-wV3TUNpDRS1KM7sGDUTr,typesafe/jev-1.13-20260917,TypeSafe,1241,98,5.2122e-05,0.24,DEFER,0.85,1.02,0.63,0.88,0.02,0.01,0.0,0.09,0.21,0.56,0.23,0.0,0.0
sca-63051e568972bae2453dc79b,1,sca-63051e568972bae2453dc79b__a1.json,sca_main,2026-09-24T01:05:43.506+00:00,200,,True,177.2,gen-dec-1790211943-xcVUmJFDedf43vynMMQf,typesafe/jev-1.13-20260917,TypeSafe,1241,98,5.2122e-05,0.25,DEFER,0.86,0.97,0.66,0.89,0.02,0.01,0.0,0.08,0.22,0.6,0.18,0.0,0.0
sca-630e0e556cc15eb01444e9bf,1,sca-630e0e556cc15eb01444e9bf__a1.json,sca_main,2026-09-24T01:04:55.560+00:00,200,,True,174.9,gen-dec-1790211895-ltufVYE2t03gSHViMAyp,typesafe/jev-1.13-20260917,TypeSafe,1219,100,5.1198e-05,0.82,ACCELERATED,0.45,3.39,0.49,0.0,0.03,0.5700000000000001,0.36,0.04,0.0,0.01,0.07,0.44,0.48
sca-64f5f186fb2575d2e2712cbe,1,sca-64f5f186fb2575d2e2712cbe__a1.json,sca_main,2026-09-24T01:05:02.580+00:00,200,,True,201.0,gen-dec-1790211902-gqcedlj7BphYPOicRbj9,typesafe/jev-1.13-20260917,TypeSafe,1212,98,5.0904e-05,0.17,DEFER,0.82,0.81,0.66,0.86,0.05,0.0,0.0,0.09,0.3,0.6,0.1,0.0,0.0
sca-6587bd96fdf8fb36744ea376,1,sca-6587bd96fdf8fb36744ea376__a1.json,secondary,2026-09-24T01:11:20.681+00:00,200,,True,411.5,gen-dec-1790212280-Pfmd91oXdI9uazuFYfKG,typesafe/jev-1.13-20260917,TypeSafe,1238,98,5.1996e-05,0.67,DEFER,0.13,2.49,0.48,0.3,0.17,0.27,0.04,0.22,0.0,0.06,0.54,0.23,0.17
sca-6643fc19cf1a072601870b4f,1,sca-6643fc19cf1a072601870b4f__a1.json,sca_main,2026-09-24T01:05:29.081+00:00,200,,True,164.1,gen-dec-1790211929-7lhTon3bP2nXZFnJ5QHq,typesafe/jev-1.13-20260917,TypeSafe,1219,100,5.1198e-05,0.93,EMERGENCY,0.9,3.91,0.92,0.0,0.0,0.07,0.93,0.0,0.0,0.0,0.0,0.09,0.91
sca-66815dc173da9ee15c777c72,1,sca-66815dc173da9ee15c777c72__a1.json,secondary,2026-09-24T01:10:27.185+00:00,200,,True,192.1,gen-dec-1790212227-8XJ0j1I5JRpQ7YEr2Omy,typesafe/jev-1.13-20260917,TypeSafe,1233,98,5.1786e-05,0.24,DEFER,0.56,0.8,0.63,0.64,0.04,0.01,0.0,0.31,0.32,0.56,0.12,0.0,0.0
sca-66c9c347402f2538a8e0841b-rep1,1,sca-66c9c347402f2538a8e0841b-rep1__a1.json,secondary,2026-09-24T01:08:10.477+00:00,200,,True,278.4,gen-dec-1790212090-1uyp7bdK44907VjNoxN2,typesafe/jev-1.13-20260917,TypeSafe,1216,100,5.1072e-05,0.88,EMERGENCY,0.56,3.47,0.56,0.0,0.01,0.32,0.65,0.02,0.0,0.01,0.06,0.4,0.53
sca-66c9c347402f2538a8e0841b-rep2,1,sca-66c9c347402f2538a8e0841b-rep2__a1.json,secondary,2026-09-24T01:07:40.104+00:00,200,,True,173.1,gen-dec-1790212060-HvP7CwCcEyzque15L3TC,typesafe/jev-1.13-20260917,TypeSafe,1216,100,5.1072e-05,0.85,EMERGENCY,0.51,3.47,0.56,0.0,0.02,0.34,0.61,0.03,0.0,0.0,0.05,0.41,0.54
sca-66c9c347402f2538a8e0841b-rep3,1,sca-66c9c347402f2538a8e0841b-rep3__a1.json,secondary,2026-09-24T01:12:58.351+00:00,200,,True,251.5,gen-dec-1790212378-s9ycvyfKsrUSXPlZ4AUv,typesafe/jev-1.13-20260917,TypeSafe,1216,100,5.1072e-05,0.87,EMERGENCY,0.57,3.46,0.55,0.0,0.01,0.31,0.66,0.02,0.0,0.0,0.05,0.43,0.52
sca-66c9c347402f2538a8e0841b,1,sca-66c9c347402f2538a8e0841b__a1.json,sca_main,2026-09-24T01:05:37.434+00:00,200,,True,184.8,gen-dec-1790211937-JxkHwMP0k1S6LZmzDT3t,typesafe/jev-1.13-20260917,TypeSafe,1216,100,5.1072e-05,0.86,EMERGENCY,0.53,3.43,0.52,0.0,0.01,0.34,0.63,0.02,0.0,0.01,0.06,0.42,0.51
sca-66dab5bfed805687cbc1240e,1,sca-66dab5bfed805687cbc1240e__a1.json,secondary,2026-09-24T01:07:43.472+00:00,200,,True,153.3,gen-dec-1790212063-zLGqeugwsd9ZIEfyiGUp,typesafe/jev-1.13-20260917,TypeSafe,1248,100,5.2416e-05,0.79,ACCELERATED,0.33,2.7,0.55,0.01,0.11,0.47000000000000003,0.25,0.16,0.01,0.06,0.27,0.54,0.12
sca-674f30e4efd05fd82e303fdd,1,sca-674f30e4efd05fd82e303fdd__a1.json,secondary,2026-09-24T01:08:28.036+00:00,200,,True,180.6,gen-dec-1790212108-JmAfN5Ck78VM1yYDtHza,typesafe/jev-1.13-20260917,TypeSafe,1248,98,5.2416e-05,0.53,REVIEW,0.54,2.84,0.39,0.01,0.02,0.12,0.21,0.64,0.07,0.05,0.14,0.45,0.29
sca-67755859ece25f45c872fc4f,1,sca-67755859ece25f45c872fc4f__a1.json,sca_main,2026-09-24T01:04:46.955+00:00,200,,True,187.9,gen-dec-1790211886-OHuCjQFyyyTyqPwmKMpr,typesafe/jev-1.13-20260917,TypeSafe,1230,99,5.166e-05,0.45,STANDARD,0.34,1.78,0.73,0.06,0.45999999999999996,0.32,0.01,0.15,0.01,0.26,0.68,0.05,0.0
sca-67807e10a3a772cefd870cf7,1,sca-67807e10a3a772cefd870cf7__a1.json,secondary,2026-09-24T01:12:47.515+00:00,200,,True,393.4,gen-dec-1790212367-91NS5hSGcBJsx2Ylat4c,typesafe/jev-1.13-20260917,TypeSafe,1234,98,5.1828e-05,0.24,DEFER,0.65,0.85,0.57,0.72,0.12,0.03,0.0,0.13,0.34,0.5,0.14,0.02,0.0
sca-67c660e41ea207295f2f754d,1,sca-67c660e41ea207295f2f754d__a1.json,secondary,2026-09-24T01:08:13.191+00:00,200,,True,221.9,gen-dec-1790212093-2FTGT6tsKI6XMTf8t11Z,typesafe/jev-1.13-20260917,TypeSafe,1229,100,5.1618e-05,0.84,EMERGENCY,0.64,3.22,0.69,0.0,0.0,0.26,0.73,0.01,0.0,0.0,0.07,0.63,0.3
sca-684453b359b18a70d26cb909,1,sca-684453b359b18a70d26cb909__a1.json,sca_main,2026-09-24T01:04:39.159+00:00,200,,True,188.7,gen-dec-1790211879-hgVbsqO5qRN59ehbYnoQ,typesafe/jev-1.13-20260917,TypeSafe,1227,99,5.1534e-05,0.27,STANDARD,0.6,1.65,0.64,0.11,0.68,0.07,0.0,0.14,0.01,0.37,0.58,0.04,0.0
sca-685043b34ef0f5ee7fcabecc,1,sca-685043b34ef0f5ee7fcabecc__a1.json,sca_main,2026-09-24T01:04:49.380+00:00,200,,True,259.2,gen-dec-1790211889-6dEsHRlykJapYNja7YXQ,typesafe/jev-1.13-20260917,TypeSafe,1230,99,5.166e-05,0.26,STANDARD,0.57,1.98,0.78,0.01,0.65,0.28,0.0,0.06,0.0,0.14,0.74,0.12,0.0
sca-68ce7ccd5e80dcf21846566f,1,sca-68ce7ccd5e80dcf21846566f__a1.json,secondary,2026-09-24T01:09:19.358+00:00,200,,True,177.5,gen-dec-1790212159-ex2nXudGChnxxoMBjAoj,typesafe/jev-1.13-20260917,TypeSafe,1261,98,5.2962e-05,0.68,DEFER,0.51,2.5,0.41,0.61,0.03,0.14,0.07,0.15,0.01,0.08,0.51,0.2,0.2
sca-6a23ca9dadb2196da96ae980,1,sca-6a23ca9dadb2196da96ae980__a1.json,sca_main,2026-09-24T01:05:14.480+00:00,200,,True,187.0,gen-dec-1790211914-0ujxGOUM9Wg5p5C7mWpX,typesafe/jev-1.13-20260917,TypeSafe,1249,98,5.2458e-05,0.66,DEFER,0.48,2.25,0.61,0.58,0.06,0.11,0.02,0.23,0.01,0.09,0.6,0.24,0.06
sca-6b63662544fcc079580fe74e,1,sca-6b63662544fcc079580fe74e__a1.json,secondary,2026-09-24T01:09:46.376+00:00,200,,True,283.1,gen-dec-1790212186-ssYkEm6kmHtRJjCHCJ9I,typesafe/jev-1.13-20260917,TypeSafe,1215,99,5.103e-05,0.28,STANDARD,0.55,1.39,0.6,0.17,0.65,0.04,0.0,0.14,0.04,0.57,0.35,0.04,0.0
sca-6bca4a05e98820f4edbd6055,1,sca-6bca4a05e98820f4edbd6055__a1.json,sca_main,2026-09-24T01:04:56.085+00:00,200,,True,191.0,gen-dec-1790211896-295j9c9kIVHcHGCbJNLf,typesafe/jev-1.13-20260917,TypeSafe,1218,100,5.1156e-05,0.83,EMERGENCY,0.76,3.54,0.62,0.0,0.01,0.16,0.8,0.03,0.0,0.0,0.06,0.32,0.62
sca-6c313bd33f3b986fd2c11b59,1,sca-6c313bd33f3b986fd2c11b59__a1.json,secondary,2026-09-24T01:07:16.484+00:00,200,,True,148.0,gen-dec-1790212036-NUHo4AwGmhmtuI2GYHyC,typesafe/jev-1.13-20260917,TypeSafe,1225,100,5.145e-05,0.88,EMERGENCY,0.45,3.6,0.67,0.0,0.01,0.41,0.56,0.02,0.0,0.0,0.05,0.3,0.65
sca-6c8ddd44174b9ab881fb2b89,1,sca-6c8ddd44174b9ab881fb2b89__a1.json,secondary,2026-09-24T01:09:10.787+00:00,200,,True,190.0,gen-dec-1790212150-hlbPlzQVt5SQAfzVZYIn,typesafe/jev-1.13-20260917,TypeSafe,1224,100,5.1408e-05,0.87,EMERGENCY,0.77,3.4,0.6,0.0,0.01,0.16,0.82,0.01,0.0,0.0,0.04,0.52,0.44
sca-6daa71e576e6acc17c9cda3c,1,sca-6daa71e576e6acc17c9cda3c__a1.json,secondary,2026-09-24T01:07:18.605+00:00,200,,True,1006.5,gen-dec-1790212039-F26OOWk0hnBpsDvdL1dl,typesafe/jev-1.13-20260917,TypeSafe,1239,100,5.2038e-05,0.63,EMERGENCY,0.15,2.69,0.28,0.02,0.15,0.31,0.31,0.21,0.01,0.06,0.39,0.3,0.24
sca-6ebce1266cd154936c4211e1,1,sca-6ebce1266cd154936c4211e1__a1.json,secondary,2026-09-24T01:09:32.094+00:00,200,,True,242.1,gen-dec-1790212172-fh7Ifjhyi9YvYUs2r2E1,typesafe/jev-1.13-20260917,TypeSafe,1217,99,5.1114e-05,0.39,STANDARD,0.45,1.66,0.67,0.07,0.56,0.23,0.0,0.14,0.01,0.34,0.62,0.03,0.0
sca-6fb3d9a946eade1b3d93318d,1,sca-6fb3d9a946eade1b3d93318d__a1.json,secondary,2026-09-24T01:12:11.038+00:00,200,,True,185.5,gen-dec-1790212331-cqeYXyi9MshCdHLIem0n,typesafe/jev-1.13-20260917,TypeSafe,1228,100,5.1576e-05,0.89,EMERGENCY,0.89,3.81,0.84,0.0,0.0,0.07,0.92,0.01,0.0,0.0,0.01,0.18,0.8099999999999999
sca-7208be9b24097abc49ee9fa7,1,sca-7208be9b24097abc49ee9fa7__a1.json,secondary,2026-09-24T01:08:05.078+00:00,200,,True,171.6,gen-dec-1790212085-FdQvhufe9XmQGw6VuKMd,typesafe/jev-1.13-20260917,TypeSafe,1232,100,5.1744e-05,0.54,ACCELERATED,0.43,2.09,0.69,0.02,0.33,0.55,0.03,0.07,0.0,0.14,0.63,0.22,0.01
sca-730f34c4fc652b7fd3546f2f,1,sca-730f34c4fc652b7fd3546f2f__a1.json,sca_main,2026-09-24T01:04:56.627+00:00,200,,True,227.1,gen-dec-1790211896-WiR2Npa6jO89eodXpIO1,typesafe/jev-1.13-20260917,TypeSafe,1225,99,5.145e-05,0.15,STANDARD,0.59,1.01,0.85,0.22,0.67,0.01,0.0,0.1,0.09,0.8099999999999999,0.1,0.0,0.0
sca-7355ed8e8754b6c2ebe1df26,1,sca-7355ed8e8754b6c2ebe1df26__a1.json,secondary,2026-09-24T01:08:18.635+00:00,200,,True,190.4,gen-dec-1790212098-3J6U0sX43U7m9TP0B4JS,typesafe/jev-1.13-20260917,TypeSafe,1223,100,5.1366e-05,0.81,EMERGENCY,0.7,3.56,0.63,0.01,0.01,0.11,0.75,0.12,0.0,0.02,0.09,0.2,0.69
sca-745a4dc6b7894732194ae409,1,sca-745a4dc6b7894732194ae409__a1.json,sca_main,2026-09-24T01:05:27.463+00:00,200,,True,149.1,gen-dec-1790211927-6jzbyrroE7k8OMhd6DUf,typesafe/jev-1.13-20260917,TypeSafe,1224,100,5.1408e-05,0.79,ACCELERATED,0.65,3.02,0.83,0.0,0.03,0.72,0.23,0.02,0.0,0.0,0.09,0.8,0.11
sca-751f9aa7e933f5f61b01d648,1,sca-751f9aa7e933f5f61b01d648__a1.json,secondary,2026-09-24T01:12:31.616+00:00,200,,True,222.7,gen-dec-1790212351-a5TwUOXXRVexWrz7FYn8,typesafe/jev-1.13-20260917,TypeSafe,1217,99,5.1114e-05,0.19,STANDARD,0.36,1.05,0.7,0.28,0.49,0.03,0.0,0.2,0.15,0.66,0.18,0.01,0.0
sca-75ede48d3f0994d899277b34,1,sca-75ede48d3f0994d899277b34__a1.json,sca_main,2026-09-24T01:05:00.977+00:00,200,,True,211.2,gen-dec-1790211900-fqOJY1KPCVUBb827NIgt,typesafe/jev-1.13-20260917,TypeSafe,1231,100,5.1702e-05,0.68,ACCELERATED,0.51,2.18,0.76,0.01,0.33,0.6,0.02,0.04,0.0,0.05,0.72,0.23,0.0
sca-76e4c48e47b0fdadb0484678,1,sca-76e4c48e47b0fdadb0484678__a1.json,secondary,2026-09-24T01:10:47.585+00:00,200,,True,205.5,gen-dec-1790212247-rQgHQRoeFTh76mxsMCke,typesafe/jev-1.13-20260917,TypeSafe,1235,100,5.187e-05,0.83,EMERGENCY,0.44,3.35,0.58,0.0,0.01,0.4,0.55,0.04,0.0,0.0,0.07,0.5,0.43
sca-77c4ab3bea2b15955f1fdcaa,1,sca-77c4ab3bea2b15955f1fdcaa__a1.json,sca_main,2026-09-24T01:05:09.810+00:00,200,,True,203.4,gen-dec-1790211909-IYK36ayBpwcRVGReCxd8,typesafe/jev-1.13-20260917,TypeSafe,1216,100,5.1072e-05,0.92,EMERGENCY,0.46,3.32,0.67,0.0,0.01,0.35,0.57,0.07,0.0,0.0,0.03,0.61,0.36
sca-7a898c0160d53b205237c79b,1,sca-7a898c0160d53b205237c79b__a1.json,secondary,2026-09-24T01:08:07.146+00:00,200,,True,197.0,gen-dec-1790212087-QRQuzIfbCIC1nJSxDGkj,typesafe/jev-1.13-20260917,TypeSafe,1241,98,5.2122e-05,0.68,DEFER,0.48,2.2,0.71,0.58,0.05,0.13,0.02,0.22,0.01,0.05,0.7,0.21,0.03
sca-7b0da731e0450d629d7ce498,1,sca-7b0da731e0450d629d7ce498__a1.json,sca_main,2026-09-24T01:04:45.913+00:00,200,,True,181.8,gen-dec-1790211885-SsydjfcH9lEnT0VstKQJ,typesafe/jev-1.13-20260917,TypeSafe,1226,100,5.1492e-05,0.78,ACCELERATED,0.58,2.62,0.56,0.01,0.11,0.67,0.19,0.02,0.0,0.04,0.38,0.51,0.07
sca-7b335dbe351e5a22a4bdeff7,1,sca-7b335dbe351e5a22a4bdeff7__a1.json,secondary,2026-09-24T01:11:34.706+00:00,200,,True,290.5,gen-dec-1790212294-IFDfKla6xOOcDO8IwsRg,typesafe/jev-1.13-20260917,TypeSafe,1244,100,5.2248e-05,0.88,EMERGENCY,0.48,3.47,0.55,0.01,0.03,0.34,0.58,0.04,0.0,0.02,0.07,0.32,0.59
sca-7b99169a841da0176e0eff87,1,sca-7b99169a841da0176e0eff87__a1.json,secondary,2026-09-24T01:11:07.978+00:00,200,,True,303.3,gen-dec-1790212267-DNUZeEy3DAeAMU0ig4LG,typesafe/jev-1.13-20260917,TypeSafe,1251,98,5.2542e-05,0.27,REVIEW,0.72,2.04,0.0,0.01,0.05,0.13,0.03,0.78,0.19,0.19,0.2,0.24,0.18
sca-7b9cfe9940b083a09d5eeb6e,1,sca-7b9cfe9940b083a09d5eeb6e__a1.json,secondary,2026-09-24T01:11:51.939+00:00,200,,True,275.2,gen-dec-1790212311-T0bgkgBh1qk8izvNLvFB,typesafe/jev-1.13-20260917,TypeSafe,1218,99,5.1156e-05,0.34,STANDARD,0.32,1.41,0.55,0.28,0.46,0.09,0.01,0.16,0.07,0.48,0.42,0.03,0.0
sca-7c972f276d417d424caff02c,1,sca-7c972f276d417d424caff02c__a1.json,sca_main,2026-09-24T01:04:46.445+00:00,200,,True,159.5,gen-dec-1790211886-g1o2UNrVLRjSCj8o4Ecu,typesafe/jev-1.13-20260917,TypeSafe,1223,100,5.1366e-05,0.93,EMERGENCY,0.81,3.9,0.92,0.0,0.0,0.12,0.86,0.02,0.0,0.0,0.01,0.06,0.93
sca-7cdf146214c09e57c7bc635f,1,sca-7cdf146214c09e57c7bc635f__a1.json,secondary,2026-09-24T01:11:21.983+00:00,200,,True,255.7,gen-dec-1790212281-S9ub2cwjaN4VyRYgY0ma,typesafe/jev-1.13-20260917,TypeSafe,1231,98,5.1702e-05,0.6,DEFER,0.44,2.01,0.53,0.55,0.1,0.16,0.01,0.17,0.04,0.19,0.55,0.14,0.07
sca-7d4aee1215df65caca292405,1,sca-7d4aee1215df65caca292405__a1.json,secondary,2026-09-24T01:11:58.910+00:00,200,,True,153.4,gen-dec-1790212318-EpBDWJIm1NV2QiC3uuRj,typesafe/jev-1.13-20260917,TypeSafe,1235,100,5.187e-05,0.75,ACCELERATED,0.58,3.23,0.69,0.0,0.01,0.67,0.29,0.03,0.0,0.0,0.06,0.63,0.31
sca-7f34acf95f3757e3c32ee65a,1,sca-7f34acf95f3757e3c32ee65a__a1.json,secondary,2026-09-24T01:11:34.206+00:00,200,,True,149.0,gen-dec-1790212294-8Nbjkjtnd9cJxoE0nle3,typesafe/jev-1.13-20260917,TypeSafe,1217,98,5.1114e-05,0.38,DEFER,0.17,1.37,0.46,0.33,0.28,0.12,0.02,0.25,0.14,0.45999999999999996,0.28,0.11,0.01
sca-7fb724e1a46c8300a467dd33,1,sca-7fb724e1a46c8300a467dd33__a1.json,sca_main,2026-09-24T01:05:07.055+00:00,200,,True,206.9,gen-dec-1790211907-kM9TqOR0dD3RWqeKr7qz,typesafe/jev-1.13-20260917,TypeSafe,1247,98,5.2374e-05,0.37,DEFER,0.45,1.62,0.63,0.56,0.26,0.06,0.0,0.11,0.02,0.36,0.59,0.03,0.0
sca-801677d65f1d1ebabc45737f,1,sca-801677d65f1d1ebabc45737f__a1.json,secondary,2026-09-24T01:10:28.295+00:00,200,,True,229.4,gen-dec-1790212228-Qo1q1trwVt1DvYbaLXFP,typesafe/jev-1.13-20260917,TypeSafe,1225,98,5.145e-05,0.22,DEFER,0.73,1.14,0.68,0.79,0.1,0.02,0.0,0.09,0.12,0.63,0.25,0.0,0.0
sca-81a44a770d1569a82cbcd4d6,1,sca-81a44a770d1569a82cbcd4d6__a1.json,sca_main,2026-09-24T01:05:22.904+00:00,200,,True,220.0,gen-dec-1790211922-X9KcLgHTK1ZZTGR2F4DE,typesafe/jev-1.13-20260917,TypeSafe,1257,99,5.2794e-05,0.17,STANDARD,0.65,1.31,0.74,0.02,0.71,0.01,0.0,0.26,0.0,0.69,0.31,0.0,0.0
sca-830cfd2682485343721aea50,1,sca-830cfd2682485343721aea50__a1.json,sca_main,2026-09-24T01:04:51.615+00:00,200,,True,255.1,gen-dec-1790211891-2b7SKMrnmMF9h9RedOxN,typesafe/jev-1.13-20260917,TypeSafe,1240,98,5.208e-05,0.16,DEFER,0.64,0.95,0.74,0.7,0.21,0.01,0.0,0.08,0.18,0.69,0.13,0.0,0.0
sca-833cc0ddb2b910c926cf5fc9,1,sca-833cc0ddb2b910c926cf5fc9__a1.json,sca_main,2026-09-24T01:05:24.312+00:00,200,,True,140.4,gen-dec-1790211924-ZkSYltPHuNiTSrdQtuCZ,typesafe/jev-1.13-20260917,TypeSafe,1237,98,5.1954e-05,0.21,DEFER,0.6,1.47,0.48,0.68,0.15,0.03,0.0,0.14,0.09,0.39,0.47,0.05,0.0
sca-8566596a4e2bbc5c9bb420de,1,sca-8566596a4e2bbc5c9bb420de__a1.json,secondary,2026-09-24T01:08:15.309+00:00,200,,True,236.5,gen-dec-1790212095-VBhj3oRfIAU3ZWQ7HECf,typesafe/jev-1.13-20260917,TypeSafe,1229,98,5.1618e-05,0.22,DEFER,0.58,1.0,0.81,0.67,0.21,0.01,0.0,0.11,0.11,0.78,0.11,0.0,0.0
sca-85a931407ba1c3b85bb3aee9,1,sca-85a931407ba1c3b85bb3aee9__a1.json,sca_main,2026-09-24T01:04:58.776+00:00,200,,True,216.2,gen-dec-1790211898-FSRzYynzMtV8cNptmhGf,typesafe/jev-1.13-20260917,TypeSafe,1225,100,5.145e-05,0.73,ACCELERATED,0.5,2.69,0.72,0.01,0.08,0.61,0.14,0.16,0.0,0.02,0.29,0.68,0.01
sca-86074e7d20721c4e46bc2800,1,sca-86074e7d20721c4e46bc2800__a1.json,secondary,2026-09-24T01:12:45.667+00:00,200,,True,157.3,gen-dec-1790212365-WwH6BjIoHpNEcn2oVZf0,typesafe/jev-1.13-20260917,TypeSafe,1229,98,5.1618e-05,0.2,REVIEW,0.85,1.22,0.72,0.04,0.08,0.0,0.0,0.88,0.06,0.66,0.27,0.01,0.0
sca-87256f3b6a036a397bb54d51,1,sca-87256f3b6a036a397bb54d51__a1.json,secondary,2026-09-24T01:11:53.759+00:00,200,,True,182.8,gen-dec-1790212313-8vO9cYmiqyX91nV3UvTZ,typesafe/jev-1.13-20260917,TypeSafe,1226,98,5.1492e-05,0.48,DEFER,0.53,1.49,0.43,0.62,0.08,0.07,0.01,0.22,0.1,0.41,0.4,0.08,0.01
sca-8865d88ef94c4eab0644b8bf,1,sca-8865d88ef94c4eab0644b8bf__a1.json,secondary,2026-09-24T01:09:56.657+00:00,200,,True,167.5,gen-dec-1790212196-zAjfgEdaXFfPmBlmXI5J,typesafe/jev-1.13-20260917,TypeSafe,1218,100,5.1156e-05,0.96,EMERGENCY,0.79,3.99,0.99,0.0,0.0,0.17,0.83,0.0,0.0,0.0,0.0,0.01,0.99
sca-89e5712af582a438dc70f1b3,1,sca-89e5712af582a438dc70f1b3__a1.json,secondary,2026-09-24T01:10:04.573+00:00,200,,True,198.7,gen-dec-1790212204-6qsxpGMSutIAUXqvvNf4,typesafe/jev-1.13-20260917,TypeSafe,1227,98,5.1534e-05,0.36,DEFER,0.51,1.41,0.55,0.61,0.14,0.07,0.0,0.18,0.07,0.51,0.37,0.05,0.0
sca-8ac0b1019de3217352b2c64c,1,sca-8ac0b1019de3217352b2c64c__a1.json,secondary,2026-09-24T01:11:14.914+00:00,200,,True,349.8,gen-dec-1790212274-XHSwkbPSr20BMqUSu60S,typesafe/jev-1.13-20260917,TypeSafe,1241,98,5.2122e-05,0.41,REVIEW,0.56,1.24,0.59,0.27,0.06,0.03,0.0,0.64,0.13,0.53,0.32,0.02,0.0
sca-8bffb665237cd6211b61c768,1,sca-8bffb665237cd6211b61c768__a1.json,sca_main,2026-09-24T01:05:30.598+00:00,200,,True,142.4,gen-dec-1790211930-MvLZ4NfKqFb9BLvuCbN6,typesafe/jev-1.13-20260917,TypeSafe,1232,100,5.1744e-05,0.8,ACCELERATED,0.74,2.57,0.63,0.0,0.09,0.8,0.09,0.02,0.0,0.02,0.39,0.58,0.01
sca-8c3f0e220262bb534f3d77f5,1,sca-8c3f0e220262bb534f3d77f5__a1.json,secondary,2026-09-24T01:09:30.005+00:00,200,,True,139.9,gen-dec-1790212170-YPoOjmJIH9aLB8Fu5Adf,typesafe/jev-1.13-20260917,TypeSafe,1243,98,5.2206e-05,0.72,DEFER,0.47,2.63,0.42,0.57,0.03,0.21,0.06,0.13,0.0,0.02,0.51,0.27,0.2
sca-8cc5b4a0ac77eec4b7f7d00b-rep1,1,sca-8cc5b4a0ac77eec4b7f7d00b-rep1__a1.json,secondary,2026-09-24T01:11:17.943+00:00,200,,True,163.3,gen-dec-1790212277-qYkynUQZ7n26VtGCrRu3,typesafe/jev-1.13-20260917,TypeSafe,1228,98,5.1576e-05,0.51,REVIEW,0.13,2.0,0.21,0.21,0.14,0.12,0.23,0.3,0.09,0.28,0.35000000000000003,0.09,0.19
sca-8cc5b4a0ac77eec4b7f7d00b-rep2,1,sca-8cc5b4a0ac77eec4b7f7d00b-rep2__a1.json,secondary,2026-09-24T01:09:31.055+00:00,200,,True,155.3,gen-dec-1790212171-5EMZvyZ5D8mm3I1DjiFT,typesafe/jev-1.13-20260917,TypeSafe,1228,98,5.1576e-05,0.54,REVIEW,0.15,2.12,0.23,0.16,0.16,0.14,0.22,0.32,0.07,0.26,0.35,0.11,0.21
sca-8cc5b4a0ac77eec4b7f7d00b-rep3,1,sca-8cc5b4a0ac77eec4b7f7d00b-rep3__a1.json,secondary,2026-09-24T01:12:11.574+00:00,200,,True,178.1,gen-dec-1790212331-eYCnRF1iLwBO07uNMIsA,typesafe/jev-1.13-20260917,TypeSafe,1228,98,5.1576e-05,0.52,REVIEW,0.14,2.06,0.25,0.21,0.15,0.14,0.19,0.31,0.07,0.28,0.36,0.1,0.19
sca-8cc5b4a0ac77eec4b7f7d00b,1,sca-8cc5b4a0ac77eec4b7f7d00b__a1.json,sca_main,2026-09-24T01:04:41.962+00:00,200,,True,157.7,gen-dec-1790211881-VrRaIR9C54xTXQt8PiPm,typesafe/jev-1.13-20260917,TypeSafe,1228,98,5.1576e-05,0.49,REVIEW,0.13,2.01,0.19,0.21,0.12,0.13,0.25,0.29,0.09,0.3,0.32,0.09,0.2
sca-8d0dd08822fc96664a7f8a28,1,sca-8d0dd08822fc96664a7f8a28__a1.json,secondary,2026-09-24T01:10:59.446+00:00,200,,True,314.8,gen-dec-1790212259-rHWJgOKUVLgA1WFxbVc4,typesafe/jev-1.13-20260917,TypeSafe,1224,100,5.1408e-05,0.69,ACCELERATED,0.37,2.54,0.56,0.02,0.13,0.5,0.14,0.21,0.0,0.05,0.38,0.53,0.04
sca-8df8776fa4400f6e1c70b6d2,1,sca-8df8776fa4400f6e1c70b6d2__a1.json,sca_main,2026-09-24T01:05:01.539+00:00,200,,True,160.4,gen-dec-1790211901-uiz66VGaOT8b8VrnGVs6,typesafe/jev-1.13-20260917,TypeSafe,1226,100,5.1492e-05,0.8,ACCELERATED,0.42,3.41,0.6,0.0,0.01,0.54,0.43,0.02,0.0,0.0,0.03,0.52,0.45
sca-8e4d89cff130a15c1b1d5e58,1,sca-8e4d89cff130a15c1b1d5e58__a1.json,secondary,2026-09-24T01:12:52.776+00:00,200,,True,269.5,gen-dec-1790212372-sVtpr6jDutSH5XBtGbLB,typesafe/jev-1.13-20260917,TypeSafe,1230,98,5.166e-05,0.31,DEFER,0.68,1.11,0.61,0.74,0.04,0.02,0.0,0.2,0.17,0.56,0.25,0.02,0.0
sca-8f917156470a8ec37bc3b9ff-rep1,1,sca-8f917156470a8ec37bc3b9ff-rep1__a1.json,secondary,2026-09-24T01:09:29.439+00:00,200,,True,214.6,gen-dec-1790212169-k0gIbA7ZKzFOr2PDoazh,typesafe/jev-1.13-20260917,TypeSafe,1232,100,5.1744e-05,0.91,EMERGENCY,0.85,3.57,0.64,0.0,0.0,0.11,0.88,0.01,0.0,0.0,0.01,0.41,0.58
sca-8f917156470a8ec37bc3b9ff-rep2,1,sca-8f917156470a8ec37bc3b9ff-rep2__a1.json,secondary,2026-09-24T01:07:12.143+00:00,200,,True,144.4,gen-dec-1790212032-BaVgsjeGWNY49xGkaHqz,typesafe/jev-1.13-20260917,TypeSafe,1232,100,5.1744e-05,0.91,EMERGENCY,0.82,3.6,0.66,0.0,0.0,0.13,0.86,0.01,0.0,0.0,0.01,0.39,0.6
sca-8f917156470a8ec37bc3b9ff-rep3,1,sca-8f917156470a8ec37bc3b9ff-rep3__a1.json,secondary,2026-09-24T01:09:48.931+00:00,200,,True,267.7,gen-dec-1790212188-blZYyvqX6PXnWSuashfY,typesafe/jev-1.13-20260917,TypeSafe,1232,100,5.1744e-05,0.91,EMERGENCY,0.8,3.55,0.63,0.0,0.0,0.15,0.84,0.01,0.0,0.0,0.01,0.43,0.56
sca-8f917156470a8ec37bc3b9ff,1,sca-8f917156470a8ec37bc3b9ff__a1.json,sca_main,2026-09-24T01:05:41.752+00:00,200,,True,177.8,gen-dec-1790211941-l6KDidH564GvBkC3jE8A,typesafe/jev-1.13-20260917,TypeSafe,1232,100,5.1744e-05,0.9,EMERGENCY,0.8,3.54,0.61,0.0,0.0,0.15,0.84,0.01,0.0,0.0,0.01,0.43,0.56
sca-8fde651d89aadc717da68ed2,1,sca-8fde651d89aadc717da68ed2__a1.json,secondary,2026-09-24T01:07:20.492+00:00,200,,True,178.1,gen-dec-1790212040-xYEMuygxMapEwuwofTnf,typesafe/jev-1.13-20260917,TypeSafe,1244,98,5.2248e-05,0.22,REVIEW,0.45,1.01,0.83,0.27,0.16,0.01,0.0,0.56,0.1,0.8,0.1,0.0,0.0
sca-8fde6b4c76a0bddd7eaa6931,1,sca-8fde6b4c76a0bddd7eaa6931__a1.json,secondary,2026-09-24T01:09:57.175+00:00,200,,True,209.6,gen-dec-1790212197-hnRq1NfTj4NXhKqfUqKi,typesafe/jev-1.13-20260917,TypeSafe,1232,98,5.1744e-05,0.3,REVIEW,0.65,1.46,0.58,0.02,0.21,0.05,0.0,0.72,0.02,0.51,0.46,0.01,0.0
sca-907411ad9edd792d2866d243,1,sca-907411ad9edd792d2866d243__a1.json,sca_main,2026-09-24T01:04:53.913+00:00,200,,True,222.7,gen-dec-1790211893-ZfRmVJ67FOIpo8Mb4Wn9,typesafe/jev-1.13-20260917,TypeSafe,1222,99,5.1324e-05,0.51,STANDARD,0.27,2.18,0.57,0.11,0.41,0.32,0.01,0.15,0.01,0.14,0.51,0.32,0.02
sca-9223a4789fdd1fdb51233cf9,1,sca-9223a4789fdd1fdb51233cf9__a1.json,sca_main,2026-09-24T01:04:57.720+00:00,200,,True,164.5,gen-dec-1790211897-fI69BX3B8iSzajtlFjGu,typesafe/jev-1.13-20260917,TypeSafe,1226,100,5.1492e-05,0.91,EMERGENCY,0.71,3.8,0.84,0.0,0.0,0.19,0.78,0.03,0.0,0.0,0.02,0.15,0.83
sca-92a339dc6fc7437355779ddc,1,sca-92a339dc6fc7437355779ddc__a1.json,secondary,2026-09-24T01:07:22.711+00:00,200,,True,174.7,gen-dec-1790212042-GAKZqhiQo0hLBNgu0x7t,typesafe/jev-1.13-20260917,TypeSafe,1232,100,5.1744e-05,0.77,EMERGENCY,0.32,3.11,0.57,0.01,0.03,0.45,0.45,0.06,0.0,0.01,0.17,0.51,0.31
sca-937054e6a5d9f0ba8f877552,1,sca-937054e6a5d9f0ba8f877552__a1.json,secondary,2026-09-24T01:09:12.978+00:00,200,,True,169.1,gen-dec-1790212152-qy8f3tt7qoVw0R36uPxE,typesafe/jev-1.13-20260917,TypeSafe,1235,98,5.187e-05,0.6,DEFER,0.57,1.81,0.64,0.66,0.04,0.08,0.01,0.21,0.04,0.22,0.63,0.09,0.02
sca-94b12030d1c5dd26fda4015e,1,sca-94b12030d1c5dd26fda4015e__a1.json,secondary,2026-09-24T01:12:57.807+00:00,200,,True,193.5,gen-dec-1790212377-9RSAvP72KTGFK5lcVjBe,typesafe/jev-1.13-20260917,TypeSafe,1243,98,5.2206e-05,0.31,DEFER,0.78,0.94,0.5,0.83,0.01,0.01,0.0,0.15,0.33,0.4,0.26,0.01,0.0
sca-94b4fa759c40c5c02ce27546,1,sca-94b4fa759c40c5c02ce27546__a1.json,secondary,2026-09-24T01:08:32.294+00:00,200,,True,164.2,gen-dec-1790212112-zuNo4RU30Pu80ae2p2P0,typesafe/jev-1.13-20260917,TypeSafe,1217,98,5.1114e-05,0.16,DEFER,0.89,0.43,0.64,0.91,0.02,0.0,0.0,0.07,0.61,0.36,0.03,0.0,0.0
sca-94ca823b8bf47372794fcf84,1,sca-94ca823b8bf47372794fcf84__a1.json,secondary,2026-09-24T01:07:55.602+00:00,200,,True,176.2,gen-dec-1790212075-2FnkgLgmQZjaLNMYFe19,typesafe/jev-1.13-20260917,TypeSafe,1253,100,5.2626e-05,0.79,ACCELERATED,0.66,2.38,0.56,0.01,0.18,0.73,0.04,0.04,0.0,0.07,0.48,0.44,0.01
sca-94ee77b719b55fc0613ce95a,1,sca-94ee77b719b55fc0613ce95a__a1.json,secondary,2026-09-24T01:12:28.773+00:00,200,,True,212.6,gen-dec-1790212348-RBPbftYFDVTZceqe2Udu,typesafe/jev-1.13-20260917,TypeSafe,1242,98,5.2164e-05,0.6,DEFER,0.42,2.42,0.42,0.53,0.04,0.12,0.04,0.27,0.02,0.1,0.49,0.23,0.16
sca-955903bdfad7823d06512d7c,1,sca-955903bdfad7823d06512d7c__a1.json,secondary,2026-09-24T01:09:54.484+00:00,200,,True,190.2,gen-dec-1790212194-Xnp2db2FLQ37a6PcViqG,typesafe/jev-1.13-20260917,TypeSafe,1265,98,5.313e-05,0.19,REVIEW,0.65,0.74,0.39,0.24,0.02,0.02,0.0,0.72,0.46,0.38,0.15,0.01,0.0
sca-955a4d228573fcac49ecf43d,1,sca-955a4d228573fcac49ecf43d__a1.json,secondary,2026-09-24T01:10:41.894+00:00,200,,True,252.0,gen-dec-1790212241-dxwydvdIFteG2jvmD1zn,typesafe/jev-1.13-20260917,TypeSafe,1249,100,5.2458e-05,0.92,EMERGENCY,0.68,3.38,0.65,0.0,0.0,0.24,0.75,0.01,0.0,0.0,0.02,0.58,0.4
sca-96bbd9c4bf0198f7cabe76ca,1,sca-96bbd9c4bf0198f7cabe76ca__a1.json,secondary,2026-09-24T01:07:27.960+00:00,200,,True,384.8,gen-dec-1790212047-Zj3RVi5Cs8zt8fy9nDVE,typesafe/jev-1.13-20260917,TypeSafe,1226,99,5.1492e-05,0.28,STANDARD,0.56,1.29,0.72,0.07,0.64,0.11,0.01,0.17,0.03,0.67,0.29,0.01,0.0
sca-9a535373bcbe1a5612156197,1,sca-9a535373bcbe1a5612156197__a1.json,sca_main,2026-09-24T01:05:07.613+00:00,200,,True,180.1,gen-dec-1790211907-8kLST2HgZq5BwjEQvlR8,typesafe/jev-1.13-20260917,TypeSafe,1240,98,5.208e-05,0.43,REVIEW,0.4,2.56,0.62,0.0,0.19,0.28,0.01,0.52,0.0,0.05,0.35,0.6,0.0
sca-9a67a5cd91f4d02ee6f3f641,1,sca-9a67a5cd91f4d02ee6f3f641__a1.json,secondary,2026-09-24T01:08:14.795+00:00,200,,True,163.5,gen-dec-1790212094-zqB6iI9J2VONoBhnnqG1,typesafe/jev-1.13-20260917,TypeSafe,1233,100,5.1786e-05,0.83,EMERGENCY,0.51,3.3,0.41,0.01,0.03,0.28,0.61,0.07,0.0,0.02,0.13,0.36,0.49
sca-9b879f98c563afeb624911a6,1,sca-9b879f98c563afeb624911a6__a1.json,secondary,2026-09-24T01:12:17.644+00:00,200,,True,143.4,gen-dec-1790212337-i4BmYwAVQz4o6ajsrgPt,typesafe/jev-1.13-20260917,TypeSafe,1225,99,5.145e-05,0.26,STANDARD,0.55,1.96,0.76,0.01,0.64,0.31,0.0,0.04,0.0,0.15,0.73,0.12,0.0
sca-9c4e376682d364344f1800f4,1,sca-9c4e376682d364344f1800f4__a1.json,secondary,2026-09-24T01:10:23.389+00:00,200,,True,251.1,gen-dec-1790212223-CjK5Gr2F5g8ADS0UjWUx,typesafe/jev-1.13-20260917,TypeSafe,1220,100,5.124e-05,0.68,ACCELERATED,0.62,2.53,0.55,0.0,0.09,0.7,0.12,0.09,0.0,0.02,0.46,0.48,0.04
sca-9c504d75924bf99f43cf3714,1,sca-9c504d75924bf99f43cf3714__a1.json,sca_main,2026-09-24T01:05:21.864+00:00,200,,True,173.8,gen-dec-1790211921-Y7fDZUhw66sgh1zTtic3,typesafe/jev-1.13-20260917,TypeSafe,1228,98,5.1576e-05,0.33,DEFER,0.65,1.19,0.52,0.72,0.06,0.03,0.01,0.18,0.19,0.47000000000000003,0.31,0.03,0.0
sca-9df3d875b1f73760070d1bb7,1,sca-9df3d875b1f73760070d1bb7__a1.json,secondary,2026-09-24T01:07:47.271+00:00,200,,True,172.5,gen-dec-1790212067-sEvvZI2JaVESQCRDctDU,typesafe/jev-1.13-20260917,TypeSafe,1263,98,5.3046e-05,0.73,DEFER,0.24,2.57,0.15,0.38,0.05,0.28,0.18,0.11,0.04,0.15,0.32,0.18,0.31
sca-9e1341c776fef7a4626f512b,1,sca-9e1341c776fef7a4626f512b__a1.json,secondary,2026-09-24T01:10:26.661+00:00,200,,True,173.7,gen-dec-1790212226-LqXb4Ssy3kA6LcCJP7XV,typesafe/jev-1.13-20260917,TypeSafe,1235,100,5.187e-05,0.69,ACCELERATED,0.3,2.42,0.49,0.04,0.16,0.44,0.13,0.23,0.0,0.09,0.45,0.41,0.05
sca-9e1f94aa702aaa032ee9ef35,1,sca-9e1f94aa702aaa032ee9ef35__a1.json,secondary,2026-09-24T01:08:55.134+00:00,200,,True,168.9,gen-dec-1790212135-fFrwnbOTgKMwsprGJW5c,typesafe/jev-1.13-20260917,TypeSafe,1227,98,5.1534e-05,0.19,DEFER,0.79,0.74,0.71,0.84,0.09,0.0,0.0,0.07,0.3,0.66,0.04,0.0,0.0
sca-9f9d36e4bbf39a9b54ba8a4f,1,sca-9f9d36e4bbf39a9b54ba8a4f__a1.json,secondary,2026-09-24T01:12:35.465+00:00,200,,True,291.3,gen-dec-1790212355-HcCzzZrRpb1ABCYTlklL,typesafe/jev-1.13-20260917,TypeSafe,1261,98,5.2962e-05,0.36,DEFER,0.3,1.54,0.4,0.44,0.18,0.07,0.01,0.3,0.09,0.41,0.39,0.09,0.02
sca-a1859becc2fa52308be7f2f0,1,sca-a1859becc2fa52308be7f2f0__a1.json,sca_main,2026-09-24T01:05:06.533+00:00,200,,True,172.1,gen-dec-1790211906-lIoAwQRmBHPjGi7aaavw,typesafe/jev-1.13-20260917,TypeSafe,1215,100,5.103e-05,0.97,EMERGENCY,0.95,4.0,1.0,0.0,0.0,0.04,0.96,0.0,0.0,0.0,0.0,0.0,1.0
sca-a1daed4c5be559d082a51550,1,sca-a1daed4c5be559d082a51550__a1.json,secondary,2026-09-24T01:08:09.949+00:00,200,,True,177.8,gen-dec-1790212089-jAlxcSfGSB20PelmkOBz,typesafe/jev-1.13-20260917,TypeSafe,1246,100,5.2332e-05,0.73,ACCELERATED,0.34,2.7,0.59,0.02,0.1,0.47,0.26,0.15,0.01,0.05,0.28,0.57,0.09
sca-a22788619c0f87c28fccb528,1,sca-a22788619c0f87c28fccb528__a1.json,secondary,2026-09-24T01:07:13.809+00:00,200,,True,181.5,gen-dec-1790212033-3HtY26sMrOTAq3JPLP6v,typesafe/jev-1.13-20260917,TypeSafe,1234,98,5.1828e-05,0.85,REVIEW,0.29,3.26,0.72,0.0,0.0,0.22,0.34,0.44,0.0,0.0,0.04,0.66,0.3
sca-a2891457227e4e2114fddaaa,1,sca-a2891457227e4e2114fddaaa__a1.json,secondary,2026-09-24T01:11:01.194+00:00,200,,True,139.5,gen-dec-1790212261-pqXDvzQxrHUIRMn4Dm0v,typesafe/jev-1.13-20260917,TypeSafe,1220,100,5.124e-05,0.88,EMERGENCY,0.58,3.31,0.71,0.0,0.01,0.32,0.66,0.01,0.0,0.0,0.02,0.65,0.33
sca-a311f56a2cd849a85c4be543,1,sca-a311f56a2cd849a85c4be543__a1.json,secondary,2026-09-24T01:07:19.962+00:00,200,,True,178.9,gen-dec-1790212039-PBiKjaV6zUfmrReWof8M,typesafe/jev-1.13-20260917,TypeSafe,1231,98,5.1702e-05,0.43,DEFER,0.67,1.3,0.62,0.74,0.09,0.03,0.0,0.14,0.08,0.55,0.36,0.01,0.0
sca-a380f76ab6e51aff2fd09a70,1,sca-a380f76ab6e51aff2fd09a70__a1.json,secondary,2026-09-24T01:12:34.879+00:00,200,,True,236.2,gen-dec-1790212354-NF2Ah45kGyQE5ra7WOra,typesafe/jev-1.13-20260917,TypeSafe,1230,100,5.166e-05,0.82,EMERGENCY,0.51,3.54,0.62,0.0,0.01,0.35,0.61,0.03,0.0,0.01,0.05,0.34,0.6
sca-a383700c49f2ceea38a14f46,1,sca-a383700c49f2ceea38a14f46__a1.json,secondary,2026-09-24T01:09:08.047+00:00,200,,True,316.0,gen-dec-1790212148-mz8yTmcWIlqqS5GaP9Pe,typesafe/jev-1.13-20260917,TypeSafe,1221,100,5.1282e-05,0.84,EMERGENCY,0.65,3.59,0.66,0.0,0.01,0.26,0.71,0.02,0.0,0.0,0.03,0.34,0.63
sca-a46db5bc2ca5dc6346eceda9,1,sca-a46db5bc2ca5dc6346eceda9__a1.json,secondary,2026-09-24T01:09:11.327+00:00,200,,True,169.7,gen-dec-1790212151-c9ZsJWGMFeIovjg1SYW8,typesafe/jev-1.13-20260917,TypeSafe,1226,99,5.1492e-05,0.36,STANDARD,0.48,1.69,0.64,0.1,0.59,0.07,0.0,0.24,0.01,0.34,0.59,0.06,0.0
sca-a482b3e2794d47dbe0f632ba,1,sca-a482b3e2794d47dbe0f632ba__a1.json,secondary,2026-09-24T01:09:34.447+00:00,200,,True,198.1,gen-dec-1790212174-F466K0RT34sEVbkpGnrF,typesafe/jev-1.13-20260917,TypeSafe,1209,99,5.0778e-05,0.46,STANDARD,0.34,1.73,0.68,0.08,0.47,0.25,0.01,0.19,0.01,0.3,0.64,0.05,0.0
sca-a557640031cda109c26b8b16,1,sca-a557640031cda109c26b8b16__a1.json,sca_main,2026-09-24T01:05:33.674+00:00,200,,True,197.0,gen-dec-1790211933-wQpHvuf7QGBYjW2KBFEf,typesafe/jev-1.13-20260917,TypeSafe,1230,99,5.166e-05,0.44,STANDARD,0.53,1.81,0.68,0.02,0.64,0.13,0.02,0.19,0.0,0.28,0.63,0.09,0.0
sca-a55eb4d783940ce03c19d6fd,1,sca-a55eb4d783940ce03c19d6fd__a1.json,secondary,2026-09-24T01:12:44.262+00:00,200,,True,233.4,gen-dec-1790212364-XH9rZHGADmkCqS2ZzCAx,typesafe/jev-1.13-20260917,TypeSafe,1237,100,5.1954e-05,0.9,EMERGENCY,0.72,3.62,0.68,0.01,0.01,0.16,0.77,0.05,0.0,0.0,0.06,0.24,0.7
sca-a621576c481afde9c3326ec8,1,sca-a621576c481afde9c3326ec8__a1.json,sca_main,2026-09-24T01:05:26.487+00:00,200,,True,131.3,gen-dec-1790211926-tajIu5ctXtimCwGiFBD5,typesafe/jev-1.13-20260917,TypeSafe,1228,98,5.1576e-05,0.08,DEFER,0.93,0.37,0.69,0.94,0.05,0.0,0.0,0.01,0.63,0.37,0.0,0.0,0.0
sca-a646b73fe3e5be108505f927,1,sca-a646b73fe3e5be108505f927__a1.json,secondary,2026-09-24T01:11:39.448+00:00,200,,True,271.3,gen-dec-1790212299-Gycz7mhKMY4g41R6O3za,typesafe/jev-1.13-20260917,TypeSafe,1259,98,5.2878e-05,0.23,REVIEW,0.8,1.14,0.53,0.03,0.1,0.02,0.01,0.84,0.21,0.5,0.24,0.05,0.0
sca-a81ad49199af9d9489ee3a33,1,sca-a81ad49199af9d9489ee3a33__a1.json,secondary,2026-09-24T01:13:06.119+00:00,200,,True,153.9,gen-dec-1790212386-8jX5zji589mgVq24NKIc,typesafe/jev-1.13-20260917,TypeSafe,1210,100,5.082e-05,0.92,EMERGENCY,0.46,3.37,0.65,0.0,0.01,0.37,0.57,0.05,0.0,0.0,0.02,0.59,0.39
sca-a91422a24d3de7353408b596,1,sca-a91422a24d3de7353408b596__a1.json,secondary,2026-09-24T01:07:51.033+00:00,200,,True,234.0,gen-dec-1790212071-oslRrJQvdLAWVt5gHvKY,typesafe/jev-1.13-20260917,TypeSafe,1235,100,5.187e-05,0.64,ACCELERATED,0.22,2.14,0.58,0.02,0.24,0.37,0.18,0.19,0.0,0.18,0.53,0.25,0.04
sca-aa4a9f8ab981c0fb79edf48d,1,sca-aa4a9f8ab981c0fb79edf48d__a1.json,secondary,2026-09-24T01:07:29.797+00:00,200,,True,189.5,gen-dec-1790212049-mG5dwAiyumgZd2razT6b,typesafe/jev-1.13-20260917,TypeSafe,1242,98,5.2164e-05,0.35,DEFER,0.25,1.63,0.65,0.4,0.22,0.06,0.0,0.32,0.02,0.35,0.6,0.03,0.0
sca-aa59c6c439f604a15fa964af,1,sca-aa59c6c439f604a15fa964af__a1.json,secondary,2026-09-24T01:07:24.251+00:00,200,,True,160.5,gen-dec-1790212044-mjyjZRQTkyR3WKugbZN2,typesafe/jev-1.13-20260917,TypeSafe,1229,99,5.1618e-05,0.25,STANDARD,0.64,1.21,0.77,0.07,0.71,0.07,0.01,0.14,0.03,0.74,0.22,0.01,0.0
sca-aaa5456671311532c89c1bd0,1,sca-aaa5456671311532c89c1bd0__a1.json,secondary,2026-09-24T01:12:24.119+00:00,200,,True,218.9,gen-dec-1790212344-S72bp5ej8BD3YCPGavqb,typesafe/jev-1.13-20260917,TypeSafe,1218,100,5.1156e-05,0.65,ACCELERATED,0.47,2.37,0.42,0.02,0.3,0.58,0.02,0.08,0.01,0.11,0.42,0.43,0.03
sca-aab6883dd298d035c11ef666,1,sca-aab6883dd298d035c11ef666__a1.json,secondary,2026-09-24T01:11:32.058+00:00,200,,True,206.0,gen-dec-1790212292-mHIjsbNPeC9o8XdTYPNO,typesafe/jev-1.13-20260917,TypeSafe,1244,98,5.2248e-05,0.26,REVIEW,0.7,1.18,0.52,0.02,0.13,0.08,0.0,0.77,0.2,0.49,0.25,0.06,0.0
sca-aabf3df7c18a8985e0e51263,1,sca-aabf3df7c18a8985e0e51263__a1.json,secondary,2026-09-24T01:09:42.416+00:00,200,,True,241.3,gen-dec-1790212182-FU2vltLJdYJL1PC4YZQy,typesafe/jev-1.13-20260917,TypeSafe,1235,98,5.187e-05,0.8,DEFER,0.44,2.74,0.3,0.55,0.02,0.13,0.05,0.25,0.01,0.02,0.44,0.28,0.25
sca-acfa710c768491caee39a089,1,sca-acfa710c768491caee39a089__a1.json,secondary,2026-09-24T01:08:53.426+00:00,200,,True,245.8,gen-dec-1790212133-G74SAWlzQUsidpGlRMCB,typesafe/jev-1.13-20260917,TypeSafe,1262,98,5.3004e-05,0.29,REVIEW,0.59,1.86,0.0,0.22,0.02,0.07,0.02,0.67,0.23,0.23,0.21,0.11,0.22
sca-ad793b9ecf715d37c693423a,1,sca-ad793b9ecf715d37c693423a__a1.json,secondary,2026-09-24T01:08:50.582+00:00,200,,True,286.5,gen-dec-1790212130-YWpRS892oTFUF6fUTQt8,typesafe/jev-1.13-20260917,TypeSafe,1219,100,5.1198e-05,0.92,EMERGENCY,0.85,3.82,0.85,0.0,0.0,0.1,0.89,0.01,0.0,0.0,0.02,0.14,0.84
sca-b0016bb028ecf6e46d8ef5e5,1,sca-b0016bb028ecf6e46d8ef5e5__a1.json,secondary,2026-09-24T01:12:36.718+00:00,200,,True,187.0,gen-dec-1790212356-XEjoawsTOC1k5kHmNWOW,typesafe/jev-1.13-20260917,TypeSafe,1231,100,5.1702e-05,0.93,EMERGENCY,0.91,3.74,0.79,0.0,0.0,0.06,0.93,0.01,0.0,0.0,0.0,0.25,0.75
sca-b1be5696c09425d2c165d006,1,sca-b1be5696c09425d2c165d006__a1.json,secondary,2026-09-24T01:12:25.860+00:00,200,,True,181.1,gen-dec-1790212345-oHQ6PqJnPro57Dr3MPyC,typesafe/jev-1.13-20260917,TypeSafe,1144,98,4.8048e-05,0.39,DEFER,0.66,1.85,0.44,0.72,0.05,0.06,0.01,0.16,0.07,0.27,0.48,0.11,0.07
sca-b2227dbf8ba0c47ebb2a42aa,1,sca-b2227dbf8ba0c47ebb2a42aa__a1.json,secondary,2026-09-24T01:11:06.899+00:00,200,,True,179.2,gen-dec-1790212266-fHhlnGayXzbf8uxjKwlm,typesafe/jev-1.13-20260917,TypeSafe,1250,100,5.25e-05,0.61,ACCELERATED,0.59,2.97,0.54,0.01,0.13,0.67,0.08,0.11,0.0,0.05,0.19,0.5,0.26
sca-b2d23c04cd79905c967172d8,1,sca-b2d23c04cd79905c967172d8__a1.json,secondary,2026-09-24T01:11:23.258+00:00,200,,True,244.5,gen-dec-1790212283-vFaEmlWCwdBWYpZiU8GN,typesafe/jev-1.13-20260917,TypeSafe,1217,100,5.1114e-05,0.9,EMERGENCY,0.48,3.65,0.71,0.0,0.0,0.41,0.59,0.0,0.0,0.0,0.0,0.35,0.65
sca-b32cfe576602a7f49c05eb55,1,sca-b32cfe576602a7f49c05eb55__a1.json,secondary,2026-09-24T01:08:12.147+00:00,200,,True,171.7,gen-dec-1790212092-4IjHuXPkL0yHnB22T6n1,typesafe/jev-1.13-20260917,TypeSafe,1225,100,5.145e-05,0.79,ACCELERATED,0.54,2.76,0.7,0.01,0.05,0.64,0.22,0.08,0.0,0.02,0.25,0.67,0.06
sca-b387062b4e84a385ebf2c5b2,1,sca-b387062b4e84a385ebf2c5b2__a1.json,sca_main,2026-09-24T01:04:51.123+00:00,200,,True,141.3,gen-dec-1790211891-XnpYa268ulFzgOIKgeQE,typesafe/jev-1.13-20260917,TypeSafe,1235,98,5.187e-05,0.23,DEFER,0.71,0.73,0.64,0.77,0.03,0.01,0.0,0.19,0.35,0.58,0.07,0.0,0.0
sca-b3a273acb5e0ea59a1d3d83b,1,sca-b3a273acb5e0ea59a1d3d83b__a1.json,sca_main,2026-09-24T01:05:44.033+00:00,200,,True,175.0,gen-dec-1790211944-Ip8f0XSgrUWdl9TXLiAU,typesafe/jev-1.13-20260917,TypeSafe,1212,98,5.0904e-05,0.46,REVIEW,0.11,2.01,0.34,0.11,0.28,0.2,0.12,0.29,0.04,0.31,0.36,0.18,0.11
sca-b3ec1cf54014ee79a17e2c4b,1,sca-b3ec1cf54014ee79a17e2c4b__a1.json,secondary,2026-09-24T01:11:46.044+00:00,200,,True,149.4,gen-dec-1790212306-R18yvGz2H8PV9uxGgSWM,typesafe/jev-1.13-20260917,TypeSafe,1227,99,5.1534e-05,0.35,STANDARD,0.54,1.28,0.71,0.12,0.62,0.09,0.02,0.15,0.03,0.68,0.26,0.02,0.0
sca-b411b6be5d074d1a16556dcf,1,sca-b411b6be5d074d1a16556dcf__a1.json,sca_main,2026-09-24T01:04:37.021+00:00,200,,True,261.6,gen-dec-1790211877-IViBO4TLj3lzUO3X9YK5,typesafe/jev-1.13-20260917,TypeSafe,1219,100,5.1198e-05,0.91,EMERGENCY,0.47,3.28,0.74,0.0,0.0,0.41,0.58,0.01,0.0,0.0,0.02,0.69,0.29
sca-b424d0ac32ba0cf9b22cd2cd,1,sca-b424d0ac32ba0cf9b22cd2cd__a1.json,secondary,2026-09-24T01:12:13.733+00:00,200,,True,173.4,gen-dec-1790212333-DC7mcfF8I12Dkku7qZav,typesafe/jev-1.13-20260917,TypeSafe,1234,98,5.1828e-05,0.29,DEFER,0.63,0.93,0.56,0.7,0.09,0.04,0.01,0.16,0.3,0.5,0.18,0.02,0.0
sca-b4d6078cc454ac251a621d93,1,sca-b4d6078cc454ac251a621d93__a1.json,sca_main,2026-09-24T01:05:03.732+00:00,200,,True,206.3,gen-dec-1790211903-Bngwj8h7jFVqkoVCU0Mt,typesafe/jev-1.13-20260917,TypeSafe,1241,98,5.2122e-05,0.25,DEFER,0.67,1.12,0.75,0.73,0.06,0.02,0.0,0.19,0.09,0.71,0.19,0.01,0.0
sca-b4e1f5ad9659072fc5a3a446,1,sca-b4e1f5ad9659072fc5a3a446__a1.json,sca_main,2026-09-24T01:05:09.224+00:00,200,,True,235.7,gen-dec-1790211909-3Jgg0uCSfsRenI45OAAd,typesafe/jev-1.13-20260917,TypeSafe,1226,99,5.1492e-05,0.5,STANDARD,0.33,1.76,0.54,0.09,0.46,0.29,0.03,0.13,0.03,0.34,0.47,0.15,0.01
sca-b66768b6b8c67e6b2f4256db,1,sca-b66768b6b8c67e6b2f4256db__a1.json,secondary,2026-09-24T01:08:06.120+00:00,200,,True,167.7,gen-dec-1790212086-bjUGl2Kn4DSaW8x7IWp2,typesafe/jev-1.13-20260917,TypeSafe,1122,98,4.7124e-05,0.48,REVIEW,0.18,1.97,0.0,0.21,0.21,0.11,0.12,0.35000000000000003,0.13,0.3,0.24,0.12,0.21
sca-b71d7fe76b8810271d5abf1f,1,sca-b71d7fe76b8810271d5abf1f__a1.json,sca_main,2026-09-24T01:05:08.144+00:00,200,,True,169.5,gen-dec-1790211908-9XUXNBurgENRxiFGIZZB,typesafe/jev-1.13-20260917,TypeSafe,1257,98,5.2794e-05,0.54,DEFER,0.45,1.85,0.76,0.56,0.14,0.11,0.01,0.17,0.01,0.21,0.72,0.06,0.0
sca-b7377a732fafee60a02bb5c2,1,sca-b7377a732fafee60a02bb5c2__a1.json,secondary,2026-09-24T01:09:34.995+00:00,200,,True,167.4,gen-dec-1790212174-eR9qrvtAJzaCx8q7uwA9,typesafe/jev-1.13-20260917,TypeSafe,1211,100,5.0862e-05,0.89,EMERGENCY,0.71,3.66,0.72,0.0,0.0,0.22,0.77,0.01,0.0,0.0,0.02,0.3,0.68
sca-b7a591b26bcc5ec680efb4e0,1,sca-b7a591b26bcc5ec680efb4e0__a1.json,secondary,2026-09-24T01:08:11.593+00:00,200,,True,203.2,gen-dec-1790212091-2oHZvCCFyEOsWLLPNOuD,typesafe/jev-1.13-20260917,TypeSafe,1227,99,5.1534e-05,0.24,STANDARD,0.73,1.14,0.83,0.11,0.79,0.04,0.0,0.06,0.03,0.81,0.16,0.0,0.0
sca-b9e5d305a69af95a4f64ab36,1,sca-b9e5d305a69af95a4f64ab36__a1.json,sca_main,2026-09-24T01:05:00.394+00:00,200,,True,232.4,gen-dec-1790211900-mdr1l7NFy6vYBqKnRugK,typesafe/jev-1.13-20260917,TypeSafe,1220,100,5.124e-05,0.9,EMERGENCY,0.88,3.79,0.82,0.0,0.0,0.07,0.91,0.02,0.0,0.0,0.01,0.18,0.81
sca-b9f37ffa5288dab378a0abd1,1,sca-b9f37ffa5288dab378a0abd1__a1.json,sca_main,2026-09-24T01:05:36.871+00:00,200,,True,212.5,gen-dec-1790211936-p1LrvQbLgo4YNAd402Fx,typesafe/jev-1.13-20260917,TypeSafe,1215,100,5.103e-05,0.45,ACCELERATED,0.31,1.79,0.68,0.02,0.43,0.44,0.02,0.09,0.0,0.29,0.63,0.08,0.0
sca-ba68cb21cb9ef2b79db99848,1,sca-ba68cb21cb9ef2b79db99848__a1.json,sca_main,2026-09-24T01:04:59.342+00:00,200,,True,147.3,gen-dec-1790211899-PhoudioE5IO8KirPmyjK,typesafe/jev-1.13-20260917,TypeSafe,1234,99,5.1828e-05,0.16,STANDARD,0.87,1.36,0.66,0.06,0.89,0.01,0.0,0.04,0.02,0.6,0.37,0.01,0.0
sca-bacebc193958aadc8fc345d2,1,sca-bacebc193958aadc8fc345d2__a1.json,secondary,2026-09-24T01:11:03.371+00:00,200,,True,548.4,gen-dec-1790212263-OUJsYBYG5o1amE8HCkEd,typesafe/jev-1.13-20260917,TypeSafe,1233,100,5.1786e-05,0.87,EMERGENCY,0.61,3.54,0.62,0.0,0.01,0.28,0.6799999999999999,0.03,0.0,0.0,0.03,0.38,0.59
sca-bb9231ae5cc5341d52c16516,1,sca-bb9231ae5cc5341d52c16516__a1.json,secondary,2026-09-24T01:07:56.129+00:00,200,,True,136.8,gen-dec-1790212076-MjGyGTofjTh9GHr2UhpH,typesafe/jev-1.13-20260917,TypeSafe,1256,100,5.2752e-05,0.92,EMERGENCY,0.81,3.77,0.81,0.0,0.01,0.12,0.84,0.03,0.0,0.01,0.03,0.13,0.83
sca-bba2e4c22c3560e56428ce46,1,sca-bba2e4c22c3560e56428ce46__a1.json,sca_main,2026-09-24T01:05:34.810+00:00,200,,True,186.4,gen-dec-1790211934-zXherXDWJ0kVUjCF9gEb,typesafe/jev-1.13-20260917,TypeSafe,1245,98,5.229e-05,0.25,DEFER,0.75,1.41,0.59,0.8,0.1,0.01,0.0,0.08,0.04,0.51,0.44,0.01,0.0
sca-bc929ff4b12458f732c25513,1,sca-bc929ff4b12458f732c25513__a1.json,secondary,2026-09-24T01:10:11.293+00:00,200,,True,248.2,gen-dec-1790212211-rPUZI62aT2pRWDGXGI5p,typesafe/jev-1.13-20260917,TypeSafe,1226,100,5.1492e-05,0.93,EMERGENCY,0.84,3.66,0.71,0.0,0.0,0.12,0.88,0.0,0.0,0.0,0.0,0.34,0.66
sca-bccaf552445693bcfce5b419,1,sca-bccaf552445693bcfce5b419__a1.json,secondary,2026-09-24T01:09:14.588+00:00,200,,True,189.7,gen-dec-1790212154-egMQ6Ooi2eu9OLAbY5a5,typesafe/jev-1.13-20260917,TypeSafe,1228,100,5.1576e-05,0.82,EMERGENCY,0.44,3.26,0.73,0.0,0.01,0.42,0.55,0.02,0.0,0.0,0.03,0.68,0.29
sca-bd668d5b739f99140bcb6e70,1,sca-bd668d5b739f99140bcb6e70__a1.json,secondary,2026-09-24T01:11:35.912+00:00,200,,True,246.0,gen-dec-1790212295-NwvkmfKlucbkEOMWEPso,typesafe/jev-1.13-20260917,TypeSafe,1236,100,5.1912e-05,0.9,EMERGENCY,0.63,3.62,0.69,0.0,0.0,0.26,0.71,0.03,0.0,0.0,0.03,0.3,0.67
sca-bde6a93bed0e32d80ffffd1e,1,sca-bde6a93bed0e32d80ffffd1e__a1.json,sca_main,2026-09-24T01:05:18.644+00:00,200,,True,142.4,gen-dec-1790211918-59L3kMfkyXfiUmzUvrme,typesafe/jev-1.13-20260917,TypeSafe,1242,98,5.2164e-05,0.18,DEFER,0.55,1.11,0.75,0.64,0.13,0.01,0.0,0.22,0.1,0.7,0.2,0.0,0.0
sca-bde9d37408a44aed37e1c0d0,1,sca-bde9d37408a44aed37e1c0d0__a1.json,sca_main,2026-09-24T01:04:58.235+00:00,200,,True,190.1,gen-dec-1790211898-kihoF2Fi1uYX3PRxYGve,typesafe/jev-1.13-20260917,TypeSafe,1224,100,5.1408e-05,0.8,ACCELERATED,0.32,2.79,0.67,0.01,0.07,0.46,0.3,0.16,0.0,0.02,0.26,0.63,0.09
sca-be2574f7df17b0d1ff027a22,1,sca-be2574f7df17b0d1ff027a22__a1.json,secondary,2026-09-24T01:07:25.348+00:00,200,,True,175.1,gen-dec-1790212045-mS4vdBOuxCo27p0bstZD,typesafe/jev-1.13-20260917,TypeSafe,1243,100,5.2206e-05,0.48,ACCELERATED,0.37,1.86,0.69,0.02,0.4,0.5,0.01,0.07,0.01,0.24,0.64,0.11,0.0
sca-be5e35b355ce4f87b74201b5-rep1,1,sca-be5e35b355ce4f87b74201b5-rep1__a1.json,secondary,2026-09-24T01:09:14.071+00:00,200,,True,166.1,gen-dec-1790212154-WHid7Vzh3NyFGiWi7AqK,typesafe/jev-1.13-20260917,TypeSafe,1231,98,5.1702e-05,0.34,DEFER,0.69,1.07,0.64,0.75,0.04,0.03,0.0,0.18,0.18,0.59,0.21,0.02,0.0
sca-be5e35b355ce4f87b74201b5-rep2,1,sca-be5e35b355ce4f87b74201b5-rep2__a1.json,secondary,2026-09-24T01:08:33.938+00:00,200,,True,134.9,gen-dec-1790212113-i5XKxrRdJ1u6MXip5ayU,typesafe/jev-1.13-20260917,TypeSafe,1231,98,5.1702e-05,0.29,DEFER,0.74,0.98,0.66,0.79,0.04,0.01,0.0,0.16,0.21,0.61,0.17,0.01,0.0
sca-be5e35b355ce4f87b74201b5-rep3,1,sca-be5e35b355ce4f87b74201b5-rep3__a1.json,secondary,2026-09-24T01:10:58.923+00:00,200,,True,172.8,gen-dec-1790212258-UdyhlLfdxZAvyVkMLszP,typesafe/jev-1.13-20260917,TypeSafe,1231,98,5.1702e-05,0.31,DEFER,0.78,1.02,0.65,0.82,0.04,0.01,0.0,0.13,0.2,0.6,0.19,0.01,0.0
sca-be5e35b355ce4f87b74201b5,1,sca-be5e35b355ce4f87b74201b5__a1.json,sca_main,2026-09-24T01:04:49.990+00:00,200,,True,181.5,gen-dec-1790211889-7OEYiRTXvMDdc6ioF7qu,typesafe/jev-1.13-20260917,TypeSafe,1231,98,5.1702e-05,0.3,DEFER,0.76,1.02,0.62,0.81,0.03,0.01,0.0,0.14,0.22,0.56,0.2,0.01,0.0
sca-be6adb9d190f0ada8b12c0e9,1,sca-be6adb9d190f0ada8b12c0e9__a1.json,sca_main,2026-09-24T01:04:38.158+00:00,200,,True,139.8,gen-dec-1790211878-g6R1OmMCUzrop3vS87i1,typesafe/jev-1.13-20260917,TypeSafe,1218,100,5.1156e-05,0.65,EMERGENCY,0.11,2.5,0.0,0.06,0.19,0.21,0.29,0.25,0.04,0.2,0.28,0.2,0.27999999999999997
sca-bf92c89bc8e73c7c6ec93a38,1,sca-bf92c89bc8e73c7c6ec93a38__a1.json,secondary,2026-09-24T01:11:56.629+00:00,200,,True,155.5,gen-dec-1790212316-AtMHt6Rt8G1rnScGLQWt,typesafe/jev-1.13-20260917,TypeSafe,1219,100,5.1198e-05,0.8,EMERGENCY,0.43,3.4,0.5,0.0,0.01,0.42,0.54,0.03,0.0,0.0,0.07,0.45,0.48
sca-bff44acab3d12f5bae62ebea,1,sca-bff44acab3d12f5bae62ebea__a1.json,secondary,2026-09-24T01:07:26.406+00:00,200,,True,156.1,gen-dec-1790212046-3ymICqiWBT3q8Q4QUKGA,typesafe/jev-1.13-20260917,TypeSafe,1235,100,5.187e-05,0.59,ACCELERATED,0.4,2.09,0.74,0.01,0.36,0.51,0.04,0.08,0.0,0.11,0.7,0.19,0.0
sca-c05661314555a1b893e77cea,1,sca-c05661314555a1b893e77cea__a1.json,sca_main,2026-09-24T01:05:35.347+00:00,200,,True,156.1,gen-dec-1790211935-rA01KoolO75zTCTjimVV,typesafe/jev-1.13-20260917,TypeSafe,1230,99,5.166e-05,0.28,STANDARD,0.52,1.25,0.73,0.15,0.62,0.04,0.01,0.18,0.04,0.69,0.26,0.01,0.0
sca-c0866c2810d00c03103dfd9f,1,sca-c0866c2810d00c03103dfd9f__a1.json,secondary,2026-09-24T01:08:55.653+00:00,200,,True,188.1,gen-dec-1790212135-hrUsJbY2Ao7IgHe26FlD,typesafe/jev-1.13-20260917,TypeSafe,1230,98,5.166e-05,0.37,DEFER,0.36,1.65,0.65,0.5,0.24,0.09,0.0,0.17,0.03,0.32,0.62,0.03,0.0
sca-c216ea9c11e19be7c0753d4f,1,sca-c216ea9c11e19be7c0753d4f__a1.json,sca_main,2026-09-24T01:04:52.220+00:00,200,,True,177.2,gen-dec-1790211892-0sELr3uMD3zKFXYWtnRY,typesafe/jev-1.13-20260917,TypeSafe,1241,98,5.2122e-05,0.64,DEFER,0.57,2.25,0.7,0.66,0.04,0.15,0.02,0.13,0.0,0.05,0.67,0.26,0.02
sca-c367450aee60cca756dda094,1,sca-c367450aee60cca756dda094__a1.json,secondary,2026-09-24T01:10:29.421+00:00,200,,True,172.7,gen-dec-1790212229-oLTV8Lo61UwSQvAfRk5q,typesafe/jev-1.13-20260917,TypeSafe,1237,100,5.1954e-05,0.87,ACCELERATED,0.28,2.79,0.63,0.05,0.04,0.43,0.26,0.22,0.01,0.03,0.23,0.61,0.12
sca-c3b80bd0e9bbf3914fbf8825,1,sca-c3b80bd0e9bbf3914fbf8825__a1.json,secondary,2026-09-24T01:12:52.226+00:00,200,,True,199.0,gen-dec-1790212372-SwH24dmZFlRmPk4wwFil,typesafe/jev-1.13-20260917,TypeSafe,1217,99,5.1114e-05,0.2,STANDARD,0.37,1.13,0.72,0.31,0.5,0.03,0.0,0.16,0.1,0.68,0.21,0.01,0.0
sca-c4d6bdb18a454fd1c4bdade6-rep1,1,sca-c4d6bdb18a454fd1c4bdade6-rep1__a1.json,secondary,2026-09-24T01:12:30.520+00:00,200,,True,211.9,gen-dec-1790212350-73NAF0LgIXzJPjOzcbDE,typesafe/jev-1.13-20260917,TypeSafe,1239,98,5.2038e-05,0.53,DEFER,0.46,1.7,0.58,0.5599999999999999,0.12,0.14,0.01,0.17,0.06,0.28,0.57,0.08,0.01
sca-c4d6bdb18a454fd1c4bdade6-rep2,1,sca-c4d6bdb18a454fd1c4bdade6-rep2__a1.json,secondary,2026-09-24T01:08:44.890+00:00,200,,True,155.4,gen-dec-1790212124-X0rqe9LFAHcTraUx3AXk,typesafe/jev-1.13-20260917,TypeSafe,1239,98,5.2038e-05,0.55,DEFER,0.44,1.68,0.59,0.54,0.13,0.14,0.01,0.18,0.05,0.3,0.57,0.07,0.01
sca-c4d6bdb18a454fd1c4bdade6-rep3,1,sca-c4d6bdb18a454fd1c4bdade6-rep3__a1.json,secondary,2026-09-24T01:12:14.257+00:00,200,,True,326.2,gen-dec-1790212334-C6tXSwHEGkwESYJ9jfZ9,typesafe/jev-1.13-20260917,TypeSafe,1239,98,5.2038e-05,0.55,DEFER,0.44,1.71,0.6,0.55,0.13,0.13,0.01,0.17,0.05,0.28,0.58,0.08,0.01
sca-c4d6bdb18a454fd1c4bdade6,1,sca-c4d6bdb18a454fd1c4bdade6__a1.json,sca_main,2026-09-24T01:04:48.690+00:00,200,,True,339.9,gen-dec-1790211888-ZFdmGDeECbJV6BvxhPNx,typesafe/jev-1.13-20260917,TypeSafe,1239,98,5.2038e-05,0.56,DEFER,0.43,1.72,0.61,0.54,0.1,0.17,0.01,0.17,0.05,0.28,0.58,0.08,0.01
sca-c565c2543b5b9f962630320c,1,sca-c565c2543b5b9f962630320c__a1.json,secondary,2026-09-24T01:10:02.189+00:00,200,,True,187.6,gen-dec-1790212202-IRDQRhu5crRd8qssQW7a,typesafe/jev-1.13-20260917,TypeSafe,1223,98,5.1366e-05,0.25,DEFER,0.85,0.86,0.66,0.88,0.04,0.01,0.0,0.07,0.27,0.6,0.13,0.0,0.0
sca-c56af22677e80fa6c96294af,1,sca-c56af22677e80fa6c96294af__a1.json,sca_main,2026-09-24T01:04:40.262+00:00,200,,True,198.0,gen-dec-1790211880-LyFxJRtLqYalaEJVijme,typesafe/jev-1.13-20260917,TypeSafe,1218,100,5.1156e-05,0.78,ACCELERATED,0.4,2.76,0.66,0.01,0.06,0.52,0.27,0.14,0.0,0.02,0.27,0.62,0.09
sca-c83f002333c88769218766f7,1,sca-c83f002333c88769218766f7__a1.json,sca_main,2026-09-24T01:05:20.766+00:00,200,,True,209.6,gen-dec-1790211920-UlmcjI6gIcKb8QUWjQuP,typesafe/jev-1.13-20260917,TypeSafe,1226,100,5.1492e-05,0.75,ACCELERATED,0.77,2.79,0.81,0.0,0.13,0.8099999999999999,0.03,0.03,0.0,0.0,0.21,0.78,0.01
sca-c8ef8e520226ab25e3a796a7,1,sca-c8ef8e520226ab25e3a796a7__a1.json,secondary,2026-09-24T01:11:06.222+00:00,200,,True,325.8,gen-dec-1790212266-759wOpUZ9fJHHGiclAjl,typesafe/jev-1.13-20260917,TypeSafe,1217,100,5.1114e-05,0.7,ACCELERATED,0.69,2.52,0.55,0.0,0.17,0.76,0.06,0.01,0.0,0.04,0.44,0.49,0.03
sca-c9699d8b0e0ed851cc635bab,1,sca-c9699d8b0e0ed851cc635bab__a1.json,secondary,2026-09-24T01:12:08.258+00:00,200,,True,195.9,gen-dec-1790212328-oRrLyC5YHMa1dgtNNJMV,typesafe/jev-1.13-20260917,TypeSafe,1243,98,5.2206e-05,0.6,DEFER,0.53,2.1,0.75,0.62,0.07,0.14,0.01,0.16,0.01,0.08,0.73,0.16,0.02
sca-c9b8007d161da100e5321d4b,1,sca-c9b8007d161da100e5321d4b__a1.json,secondary,2026-09-24T01:10:14.433+00:00,200,,True,303.2,gen-dec-1790212214-Izzd2ROdU5QrwzMwLMOf,typesafe/jev-1.13-20260917,TypeSafe,1236,98,5.1912e-05,0.69,DEFER,0.2,2.53,0.44,0.36,0.12,0.35,0.02,0.15,0.01,0.05,0.47000000000000003,0.35,0.12
sca-caead27cadd78174b12375f8,1,sca-caead27cadd78174b12375f8__a1.json,secondary,2026-09-24T01:10:36.012+00:00,200,,True,274.0,gen-dec-1790212236-KxuBBe7JdnX27q0IrAUI,typesafe/jev-1.13-20260917,TypeSafe,1217,100,5.1114e-05,0.93,EMERGENCY,0.88,3.88,0.9,0.0,0.0,0.09,0.91,0.0,0.0,0.0,0.0,0.12,0.88
sca-cbb7946c12221cc995a83170,1,sca-cbb7946c12221cc995a83170__a1.json,secondary,2026-09-24T01:08:58.883+00:00,200,,True,132.2,gen-dec-1790212138-Gqp2Ih9OY5bMZcnQV5LX,typesafe/jev-1.13-20260917,TypeSafe,1222,100,5.1324e-05,0.86,ACCELERATED,0.41,2.95,0.71,0.01,0.02,0.53,0.35,0.09,0.0,0.01,0.17,0.67,0.15
sca-cbbf50c2f0f4ff4acd300b25,1,sca-cbbf50c2f0f4ff4acd300b25__a1.json,sca_main,2026-09-24T01:04:37.633+00:00,200,,True,174.6,gen-dec-1790211877-Bk4wmtHTETKIZLIMkW8b,typesafe/jev-1.13-20260917,TypeSafe,1217,100,5.1114e-05,0.95,EMERGENCY,0.94,3.97,0.98,0.0,0.0,0.05,0.95,0.0,0.0,0.0,0.0,0.02,0.98
sca-ce0c3e01400784271322d6ed,1,sca-ce0c3e01400784271322d6ed__a1.json,secondary,2026-09-24T01:10:52.228+00:00,200,,True,162.2,gen-dec-1790212252-iEDRWMPhX32ohKYC1nGN,typesafe/jev-1.13-20260917,TypeSafe,1233,98,5.1786e-05,0.44,REVIEW,0.78,1.47,0.53,0.07,0.06,0.05,0.01,0.8099999999999999,0.05,0.49,0.42,0.04,0.0
sca-cefb7f2b9f871a3dde8ab8ce,1,sca-cefb7f2b9f871a3dde8ab8ce__a1.json,secondary,2026-09-24T01:08:20.660+00:00,200,,True,191.1,gen-dec-1790212100-8r24LaAXUReG7V96XPwI,typesafe/jev-1.13-20260917,TypeSafe,1217,98,5.1114e-05,0.19,DEFER,0.64,1.18,0.45,0.71,0.13,0.03,0.0,0.13,0.24,0.39,0.32,0.05,0.0
sca-d1144126d5bcb67b24fb6dc6,1,sca-d1144126d5bcb67b24fb6dc6__a1.json,secondary,2026-09-24T01:12:25.299+00:00,200,,True,210.8,gen-dec-1790212345-Ki6jCtZXwq1LUAeYGAZt,typesafe/jev-1.13-20260917,TypeSafe,1234,98,5.1828e-05,0.36,DEFER,0.6,0.93,0.49,0.68,0.06,0.04,0.02,0.2,0.34,0.45,0.16,0.04,0.01
sca-d127dd28d4037da4e7379314,1,sca-d127dd28d4037da4e7379314__a1.json,sca_main,2026-09-24T01:05:31.091+00:00,200,,True,169.7,gen-dec-1790211931-hEuvxt6OK0qVPGSaxQto,typesafe/jev-1.13-20260917,TypeSafe,1228,100,5.1576e-05,0.86,ACCELERATED,0.79,2.53,0.58,0.0,0.01,0.83,0.15,0.01,0.0,0.0,0.48,0.5,0.02
sca-d138f87852cff3c4b6811ea8,1,sca-d138f87852cff3c4b6811ea8__a1.json,secondary,2026-09-24T01:10:25.132+00:00,200,,True,347.8,gen-dec-1790212225-d0OX5ELrr3S0nthtFCbC,typesafe/jev-1.13-20260917,TypeSafe,1243,98,5.2206e-05,0.34,DEFER,0.71,1.23,0.75,0.77,0.11,0.02,0.0,0.1,0.04,0.7,0.26,0.0,0.0
sca-d14b601fe9b3366dbbc33cd3,1,sca-d14b601fe9b3366dbbc33cd3__a1.json,secondary,2026-09-24T01:12:20.843+00:00,200,,True,195.8,gen-dec-1790212340-Q1hzFVQkrTdl56qD7YiD,typesafe/jev-1.13-20260917,TypeSafe,1260,99,5.292e-05,0.49,STANDARD,0.49,1.74,0.6,0.03,0.6,0.16,0.04,0.17,0.01,0.35,0.54,0.1,0.0
sca-d179ad21a82b5ed573e1fa86,1,sca-d179ad21a82b5ed573e1fa86__a1.json,secondary,2026-09-24T01:10:55.188+00:00,200,,True,237.0,gen-dec-1790212255-7XadmtBD9qLMaIAjt4tD,typesafe/jev-1.13-20260917,TypeSafe,1224,100,5.1408e-05,0.92,EMERGENCY,0.84,3.87,0.89,0.0,0.0,0.1,0.87,0.03,0.0,0.0,0.01,0.1,0.89
sca-d1c1c1933d38ccd033353afd,1,sca-d1c1c1933d38ccd033353afd__a1.json,secondary,2026-09-24T01:08:25.937+00:00,200,,True,188.4,gen-dec-1790212105-BMdgFkp1kULuYpqHzEQZ,typesafe/jev-1.13-20260917,TypeSafe,1214,100,5.0988e-05,0.88,EMERGENCY,0.86,3.72,0.77,0.0,0.0,0.08,0.89,0.03,0.0,0.0,0.02,0.23,0.75
sca-d2001d92f765ed7bb97e61c2,1,sca-d2001d92f765ed7bb97e61c2__a1.json,secondary,2026-09-24T01:11:54.292+00:00,200,,True,231.0,gen-dec-1790212314-n77g16UffDTHbD6q2EFq,typesafe/jev-1.13-20260917,TypeSafe,1236,98,5.1912e-05,0.14,DEFER,0.89,0.5,0.58,0.91,0.03,0.0,0.0,0.06,0.54,0.42,0.04,0.0,0.0
sca-d235bd71e52cd8a82b422fcb,1,sca-d235bd71e52cd8a82b422fcb__a1.json,secondary,2026-09-24T01:08:39.410+00:00,200,,True,230.9,gen-dec-1790212119-jgeDJQBhGxyOBbCsZTRX,typesafe/jev-1.13-20260917,TypeSafe,1234,98,5.1828e-05,0.4,DEFER,0.59,1.08,0.53,0.67,0.09,0.04,0.01,0.19,0.24,0.48,0.24,0.03,0.01
sca-d2e1c487d32f131e96ded5c2,1,sca-d2e1c487d32f131e96ded5c2__a1.json,secondary,2026-09-24T01:10:40.190+00:00,200,,True,254.4,gen-dec-1790212240-uhaR5Sfzk8GNXUn8rZRC,typesafe/jev-1.13-20260917,TypeSafe,1219,98,5.1198e-05,0.31,DEFER,0.53,1.21,0.74,0.63,0.26,0.02,0.0,0.09,0.05,0.7,0.25,0.0,0.0
sca-d33c4764cfe595dfe4bd9210,1,sca-d33c4764cfe595dfe4bd9210__a1.json,sca_main,2026-09-24T01:05:41.131+00:00,200,,True,270.1,gen-dec-1790211941-sfIgN4cloLjoECMIw41m,typesafe/jev-1.13-20260917,TypeSafe,1226,100,5.1492e-05,0.69,ACCELERATED,0.58,2.41,0.59,0.01,0.1,0.66,0.11,0.12,0.0,0.04,0.51,0.44,0.01
sca-d467043f9d3fe7918641dd27,1,sca-d467043f9d3fe7918641dd27__a1.json,secondary,2026-09-24T01:11:14.390+00:00,200,,True,173.8,gen-dec-1790212274-J9E6s8QMnnc0ScYUh7IG,typesafe/jev-1.13-20260917,TypeSafe,1244,98,5.2248e-05,0.26,REVIEW,0.25,1.29,0.7,0.38,0.2,0.02,0.0,0.4,0.04,0.64,0.31,0.01,0.0
sca-d4a3ee1b74150888e4b2d611,1,sca-d4a3ee1b74150888e4b2d611__a1.json,sca_main,2026-09-24T01:05:10.364+00:00,200,,True,250.6,gen-dec-1790211910-Qs7JGmFdlid3qkNB75UH,typesafe/jev-1.13-20260917,TypeSafe,1233,98,5.1786e-05,0.76,DEFER,0.4,2.65,0.35,0.52,0.04,0.18,0.05,0.21,0.01,0.04,0.45,0.28,0.22
sca-d696d9e693abcb4d8b97ed62,1,sca-d696d9e693abcb4d8b97ed62__a1.json,sca_main,2026-09-24T01:05:02.049+00:00,200,,True,179.9,gen-dec-1790211902-2vZ7odjc4HJNpBZtHlMY,typesafe/jev-1.13-20260917,TypeSafe,1215,99,5.103e-05,0.57,STANDARD,0.23,1.86,0.62,0.05,0.39,0.23,0.06,0.27,0.0,0.29,0.56,0.15,0.0
sca-d759ddc5f34c3f91aa1a41ec,1,sca-d759ddc5f34c3f91aa1a41ec__a1.json,secondary,2026-09-24T01:08:01.817+00:00,200,,True,158.5,gen-dec-1790212081-PkqSXWG9bWRBBCJxIpTL,typesafe/jev-1.13-20260917,TypeSafe,1226,98,5.1492e-05,0.45,DEFER,0.55,1.31,0.54,0.65,0.13,0.07,0.0,0.15,0.12,0.48,0.37,0.03,0.0
sca-d8144878b921a4d21fa2b091,1,sca-d8144878b921a4d21fa2b091__a1.json,secondary,2026-09-24T01:11:11.132+00:00,200,,True,234.0,gen-dec-1790212271-3A4eQfQBJgvz4lSHnLyq,typesafe/jev-1.13-20260917,TypeSafe,1227,98,5.1534e-05,0.27,REVIEW,0.39,1.45,0.58,0.09,0.38,0.02,0.0,0.51,0.03,0.54,0.38,0.05,0.0
sca-d93d5db274c94c4cd7c5c341,1,sca-d93d5db274c94c4cd7c5c341__a1.json,secondary,2026-09-24T01:10:21.607+00:00,200,,True,212.4,gen-dec-1790212221-5ecHk5COqK83AIW0mnm6,typesafe/jev-1.13-20260917,TypeSafe,1223,100,5.1366e-05,0.86,EMERGENCY,0.57,3.61,0.67,0.0,0.0,0.32,0.66,0.02,0.0,0.0,0.03,0.33,0.64
sca-d93e05f7b8ee257939e17007,1,sca-d93e05f7b8ee257939e17007__a1.json,sca_main,2026-09-24T01:05:38.520+00:00,200,,True,159.6,gen-dec-1790211938-rfflxjCUXw4dk3AyobSm,typesafe/jev-1.13-20260917,TypeSafe,1219,100,5.1198e-05,0.96,EMERGENCY,0.78,3.7,0.75,0.0,0.0,0.17,0.83,0.0,0.0,0.0,0.0,0.3,0.7
sca-d97e37975a09764075e07f71,1,sca-d97e37975a09764075e07f71__a1.json,sca_main,2026-09-24T01:04:59.840+00:00,200,,True,203.1,gen-dec-1790211899-KajIUdTuDwv0sbimw1kf,typesafe/jev-1.13-20260917,TypeSafe,1229,100,5.1618e-05,0.81,ACCELERATED,0.48,3.07,0.83,0.0,0.01,0.58,0.4,0.01,0.0,0.0,0.07,0.79,0.14
sca-dba37666c29ca1d483ea274a,1,sca-dba37666c29ca1d483ea274a__a1.json,sca_main,2026-09-24T01:05:12.710+00:00,200,,True,288.4,gen-dec-1790211912-LtxklWnCO5WGSvdv4cSr,typesafe/jev-1.13-20260917,TypeSafe,1229,100,5.1618e-05,0.87,ACCELERATED,0.52,3.06,0.8,0.0,0.02,0.62,0.32,0.04,0.0,0.0,0.08,0.77,0.15
sca-dba99b217066bea4c588b885,1,sca-dba99b217066bea4c588b885__a1.json,sca_main,2026-09-24T01:05:23.475+00:00,200,,True,487.0,gen-dec-1790211923-jAbf1wt0a64IPV4Ly7Pu,typesafe/jev-1.13-20260917,TypeSafe,1235,98,5.187e-05,0.49,DEFER,0.54,1.45,0.51,0.64,0.08,0.06,0.01,0.21,0.07,0.47,0.4,0.05,0.01
sca-dcd9e0a33dd4e1cd6983a2d6,1,sca-dcd9e0a33dd4e1cd6983a2d6__a1.json,secondary,2026-09-24T01:08:36.063+00:00,200,,True,199.4,gen-dec-1790212116-ORWZ6PKSXh8HgPzOj9ty,typesafe/jev-1.13-20260917,TypeSafe,1224,100,5.1408e-05,0.82,ACCELERATED,0.45,2.93,0.74,0.01,0.02,0.56,0.32,0.09,0.0,0.0,0.18,0.7,0.12
sca-deb9f763886ea8bf0600f054,1,sca-deb9f763886ea8bf0600f054__a1.json,sca_main,2026-09-24T01:05:19.670+00:00,200,,True,153.1,gen-dec-1790211919-4dngNhsZ1n3wPOSyjqz5,typesafe/jev-1.13-20260917,TypeSafe,1239,98,5.2038e-05,0.22,DEFER,0.46,1.19,0.7,0.57,0.26,0.03,0.0,0.14,0.08,0.64,0.27,0.01,0.0
sca-debb47de0be0d99412551604,1,sca-debb47de0be0d99412551604__a1.json,secondary,2026-09-24T01:11:35.347+00:00,200,,True,214.8,gen-dec-1790212295-3KqEALRnnI2luBwl5CkC,typesafe/jev-1.13-20260917,TypeSafe,1234,98,5.1828e-05,0.18,DEFER,0.84,0.59,0.51,0.87,0.03,0.01,0.0,0.09,0.5,0.42,0.08,0.0,0.0
sca-debf887eb584355bb32f3fb1,1,sca-debf887eb584355bb32f3fb1__a1.json,secondary,2026-09-24T01:10:47.031+00:00,200,,True,203.1,gen-dec-1790212247-qwi5WJXoZ47iBA75TCBO,typesafe/jev-1.13-20260917,TypeSafe,1235,100,5.187e-05,0.73,EMERGENCY,0.43,3.3,0.52,0.01,0.02,0.27,0.54,0.15,0.0,0.01,0.11,0.44,0.44
sca-df67309bb4eede202ad6533c,1,sca-df67309bb4eede202ad6533c__a1.json,secondary,2026-09-24T01:12:05.485+00:00,200,,True,239.5,gen-dec-1790212325-HTRgu5quUrie7SDtmMG7,typesafe/jev-1.13-20260917,TypeSafe,1234,98,5.1828e-05,0.18,DEFER,0.83,0.56,0.53,0.86,0.07,0.01,0.0,0.06,0.52,0.42,0.06,0.0,0.0
sca-e0123a93d14c5bd8036bd278,1,sca-e0123a93d14c5bd8036bd278__a1.json,sca_main,2026-09-24T01:05:34.222+00:00,200,,True,237.8,gen-dec-1790211934-q3h3V2KwdzA5z9swS545,typesafe/jev-1.13-20260917,TypeSafe,1220,100,5.124e-05,0.62,ACCELERATED,0.29,2.21,0.61,0.04,0.2,0.43,0.06,0.27,0.01,0.12,0.54,0.31,0.02
sca-e09f6ae8f8351136963d76ee,1,sca-e09f6ae8f8351136963d76ee__a1.json,secondary,2026-09-24T01:08:06.638+00:00,200,,True,157.3,gen-dec-1790212086-PY2uOFyenIQULlQzP3sS,typesafe/jev-1.13-20260917,TypeSafe,1252,100,5.2584e-05,0.62,ACCELERATED,0.69,2.86,0.59,0.0,0.05,0.76,0.14,0.05,0.0,0.04,0.22,0.56,0.17
sca-e0bae2f30224ee206c05e116,1,sca-e0bae2f30224ee206c05e116__a1.json,sca_main,2026-09-24T01:05:28.499+00:00,200,,True,231.1,gen-dec-1790211928-Oy5YPBd1tzVfqVXXgoUa,typesafe/jev-1.13-20260917,TypeSafe,1227,99,5.1534e-05,0.39,STANDARD,0.78,1.5,0.58,0.01,0.8099999999999999,0.12,0.01,0.05,0.0,0.52,0.46,0.02,0.0
sca-e18957b92e45837e7fdb76bb,1,sca-e18957b92e45837e7fdb76bb__a1.json,sca_main,2026-09-24T01:05:13.349+00:00,200,,True,215.8,gen-dec-1790211913-LnsvTQ7IOCMSPhVRhEHq,typesafe/jev-1.13-20260917,TypeSafe,1240,98,5.208e-05,0.61,DEFER,0.52,1.86,0.67,0.61,0.04,0.1,0.01,0.24,0.03,0.2,0.65,0.11,0.01
sca-e269eab0b2217f1aa1582529,1,sca-e269eab0b2217f1aa1582529__a1.json,secondary,2026-09-24T01:07:43.975+00:00,200,,True,236.3,gen-dec-1790212063-t2JqMG1ujR1YC8bpy2Sf,typesafe/jev-1.13-20260917,TypeSafe,1251,99,5.2542e-05,0.22,STANDARD,0.53,1.51,0.55,0.25,0.63,0.04,0.0,0.08,0.02,0.47,0.49,0.02,0.0
sca-e2900138df19214c7f00c391,1,sca-e2900138df19214c7f00c391__a1.json,secondary,2026-09-24T01:07:50.501+00:00,200,,True,181.4,gen-dec-1790212070-Y2vMK4g4V17RG8wrZsmA,typesafe/jev-1.13-20260917,TypeSafe,1219,99,5.1198e-05,0.44,STANDARD,0.26,1.55,0.5,0.25,0.39999999999999997,0.16,0.03,0.16,0.05,0.43,0.45,0.07,0.0
sca-e34941caeb7abe7103b60da3,1,sca-e34941caeb7abe7103b60da3__a1.json,sca_main,2026-09-24T01:04:40.811+00:00,200,,True,259.9,gen-dec-1790211880-lQBzCDWkBVZdZkwo40up,typesafe/jev-1.13-20260917,TypeSafe,1230,100,5.166e-05,0.89,EMERGENCY,0.46,3.67,0.73,0.0,0.01,0.41,0.57,0.01,0.0,0.0,0.03,0.25,0.72
sca-e3b695d2c615fd85623ecf17,1,sca-e3b695d2c615fd85623ecf17__a1.json,sca_main,2026-09-24T01:04:44.085+00:00,200,,True,441.6,gen-dec-1790211884-gNMOX0JVaTDhZqFoQq6C,typesafe/jev-1.13-20260917,TypeSafe,1233,99,5.1786e-05,0.31,STANDARD,0.47,1.46,0.54,0.08,0.57,0.2,0.01,0.14,0.05,0.5,0.4,0.05,0.0
sca-e4085239699a32522e093bea,1,sca-e4085239699a32522e093bea__a1.json,secondary,2026-09-24T01:07:14.911+00:00,200,,True,155.0,gen-dec-1790212034-243RraZ3KxY9Su5mn9Df,typesafe/jev-1.13-20260917,TypeSafe,1242,100,5.2164e-05,0.57,EMERGENCY,0.11,2.13,0.0,0.08,0.21,0.28,0.27999999999999997,0.15,0.06,0.32,0.23,0.2,0.19
sca-e498f67c02d3cd54a515ea02,1,sca-e498f67c02d3cd54a515ea02__a1.json,sca_main,2026-09-24T01:05:10.965+00:00,200,,True,269.3,gen-dec-1790211910-Adfmq5OIDGcjHSrV9yxA,typesafe/jev-1.13-20260917,TypeSafe,1263,98,5.3046e-05,0.32,REVIEW,0.4,1.67,0.37,0.29,0.09,0.08,0.01,0.53,0.1,0.35,0.39,0.11,0.05
sca-e52371f5dce8500c5423a42e,1,sca-e52371f5dce8500c5423a42e__a1.json,secondary,2026-09-24T01:08:08.850+00:00,200,,True,241.3,gen-dec-1790212088-5Kyglwbn9Q0x95kc9SuW,typesafe/jev-1.13-20260917,TypeSafe,1241,98,5.2122e-05,0.2,DEFER,0.72,0.66,0.45,0.78,0.03,0.01,0.0,0.18,0.47000000000000003,0.42,0.11,0.0,0.0
sca-e6e9ea4c436e0697f39fb8e4,1,sca-e6e9ea4c436e0697f39fb8e4__a1.json,sca_main,2026-09-24T01:04:54.486+00:00,200,,True,220.1,gen-dec-1790211894-bT2MdUhI8hTLCBaxNsUW,typesafe/jev-1.13-20260917,TypeSafe,1222,98,5.1324e-05,0.13,DEFER,0.91,0.8,0.54,0.93,0.03,0.0,0.0,0.04,0.38,0.44,0.17,0.01,0.0
sca-e743b2a1edb6434a87a0b54a,1,sca-e743b2a1edb6434a87a0b54a__a1.json,secondary,2026-09-24T01:10:24.624+00:00,200,,True,157.5,gen-dec-1790212224-oRIOVQiaeuJMNnBWgvXa,typesafe/jev-1.13-20260917,TypeSafe,1213,100,5.0946e-05,0.85,EMERGENCY,0.38,3.46,0.59,0.0,0.01,0.47,0.5,0.02,0.0,0.0,0.02,0.5,0.48
sca-e7f41d262b5ffc9989bcb816,1,sca-e7f41d262b5ffc9989bcb816__a1.json,secondary,2026-09-24T01:10:00.465+00:00,200,,True,261.5,gen-dec-1790212200-DPI69azrp0sXdEtJkqbs,typesafe/jev-1.13-20260917,TypeSafe,1206,99,5.0652e-05,0.34,STANDARD,0.56,1.68,0.63,0.13,0.65,0.08,0.0,0.14,0.02,0.34,0.58,0.06,0.0
sca-e87cd5e0ee572b70d17fa785,1,sca-e87cd5e0ee572b70d17fa785__a1.json,sca_main,2026-09-24T01:05:36.360+00:00,200,,True,160.1,gen-dec-1790211936-2sJnBL3b2rvzVF8cMdJo,typesafe/jev-1.13-20260917,TypeSafe,1215,98,5.103e-05,0.25,DEFER,0.69,1.32,0.46,0.76,0.11,0.03,0.0,0.1,0.16,0.4,0.39,0.05,0.0
sca-e8d61b5ce36becb21873054d,1,sca-e8d61b5ce36becb21873054d__a1.json,secondary,2026-09-24T01:10:33.324+00:00,200,,True,160.8,gen-dec-1790212233-ATHccGcopxEEbavyte3d,typesafe/jev-1.13-20260917,TypeSafe,1219,100,5.1198e-05,0.63,ACCELERATED,0.45,2.36,0.58,0.0,0.21,0.56,0.19,0.04,0.0,0.07,0.54,0.35,0.04
sca-eb4b5fb103d50f62ccea3f58,1,sca-eb4b5fb103d50f62ccea3f58__a1.json,secondary,2026-09-24T01:07:36.135+00:00,200,,True,186.8,gen-dec-1790212056-k9wxdaYGPz106aY9i0kY,typesafe/jev-1.13-20260917,TypeSafe,1228,100,5.1576e-05,0.7,ACCELERATED,0.57,1.94,0.72,0.01,0.19,0.65,0.09,0.06,0.0,0.2,0.66,0.13,0.01
sca-eb513568a35b61473f63882d,1,sca-eb513568a35b61473f63882d__a1.json,secondary,2026-09-24T01:08:58.311+00:00,200,,True,222.2,gen-dec-1790212138-mtvdK1wJPPIgP1JCCUfA,typesafe/jev-1.13-20260917,TypeSafe,1264,98,5.3088e-05,0.37,DEFER,0.67,1.19,0.63,0.74,0.08,0.07,0.01,0.1,0.12,0.58,0.29,0.01,0.0
sca-ec6293ffb6433319d9569a53,1,sca-ec6293ffb6433319d9569a53__a1.json,secondary,2026-09-24T01:10:20.749+00:00,200,,True,507.5,gen-dec-1790212220-35TbNZQwguOn9SpobCCV,typesafe/jev-1.13-20260917,TypeSafe,1219,98,5.1198e-05,0.5,DEFER,0.37,1.79,0.4,0.5,0.08,0.13,0.02,0.27,0.13,0.21,0.45,0.17,0.04
sca-ec69a3f431c1b1e9fd72c4db,1,sca-ec69a3f431c1b1e9fd72c4db__a1.json,sca_main,2026-09-24T01:05:04.288+00:00,200,,True,204.1,gen-dec-1790211904-2UxPNxa7vQx0OSnXkPwQ,typesafe/jev-1.13-20260917,TypeSafe,1227,100,5.1534e-05,0.81,ACCELERATED,0.47,2.18,0.55,0.01,0.19,0.58,0.18,0.04,0.0,0.17,0.55,0.19,0.08
sca-ece4c50a1979f77be0fe78b0,1,sca-ece4c50a1979f77be0fe78b0__a1.json,sca_main,2026-09-24T01:05:16.970+00:00,200,,True,273.8,gen-dec-1790211916-JKQUzFCTTd1WAtfYSFHG,typesafe/jev-1.13-20260917,TypeSafe,1236,100,5.1912e-05,0.89,ACCELERATED,0.33,3.03,0.77,0.01,0.02,0.46,0.45,0.06,0.0,0.0,0.12,0.73,0.15
sca-ee74058c60060a35ec2e4162,1,sca-ee74058c60060a35ec2e4162__a1.json,secondary,2026-09-24T01:10:31.629+00:00,200,,True,256.6,gen-dec-1790212231-BTeRKzOCKliKrZzG1pj8,typesafe/jev-1.13-20260917,TypeSafe,1225,98,5.145e-05,0.26,DEFER,0.6,1.13,0.79,0.68,0.12,0.02,0.0,0.17,0.07,0.74,0.18,0.01,0.0
sca-ef42c158e0c018311d7a9169,1,sca-ef42c158e0c018311d7a9169__a1.json,secondary,2026-09-24T01:11:40.070+00:00,200,,True,179.5,gen-dec-1790212300-er8JODQpm4nC7QnXtDI4,typesafe/jev-1.13-20260917,TypeSafe,1217,100,5.1114e-05,0.79,ACCELERATED,0.73,2.88,0.87,0.01,0.1,0.78,0.05,0.06,0.0,0.0,0.13,0.85,0.02
sca-efaa85fa89cb8ea2f541ae87,1,sca-efaa85fa89cb8ea2f541ae87__a1.json,sca_main,2026-09-24T01:05:05.980+00:00,200,,True,202.3,gen-dec-1790211905-eU1XEXQoIP345NtGkmaX,typesafe/jev-1.13-20260917,TypeSafe,1217,100,5.1114e-05,0.71,ACCELERATED,0.63,2.44,0.58,0.01,0.18,0.7,0.06,0.05,0.0,0.03,0.51,0.46,0.0
sca-f04cfc5c063fbfa29d5bbb56,1,sca-f04cfc5c063fbfa29d5bbb56__a1.json,secondary,2026-09-24T01:08:21.778+00:00,200,,True,166.8,gen-dec-1790212101-acCYf0wOPbH4tf9fRNEm,typesafe/jev-1.13-20260917,TypeSafe,1223,98,5.1366e-05,0.58,REVIEW,0.96,2.56,0.62,0.0,0.0,0.03,0.0,0.97,0.0,0.01,0.43,0.55,0.01
sca-f08184afff43bb72500ad752,1,sca-f08184afff43bb72500ad752__a1.json,secondary,2026-09-24T01:07:32.461+00:00,200,,True,163.3,gen-dec-1790212052-npwpgWfRzzwbMdMhaAMY,typesafe/jev-1.13-20260917,TypeSafe,1215,100,5.103e-05,0.9,EMERGENCY,0.85,3.78,0.82,0.0,0.0,0.09,0.88,0.03,0.0,0.0,0.03,0.15,0.82
sca-f0c8b64e93207a9e4aeb8eb8,1,sca-f0c8b64e93207a9e4aeb8eb8__a1.json,secondary,2026-09-24T01:09:06.479+00:00,200,,True,167.2,gen-dec-1790212146-P2cBmsFdaX5lKMO2OlOv,typesafe/jev-1.13-20260917,TypeSafe,1245,99,5.229e-05,0.44,STANDARD,0.31,1.77,0.64,0.02,0.45,0.44,0.02,0.07,0.01,0.31,0.58,0.1,0.0
sca-f1266447ce15d9f41233dcd7,1,sca-f1266447ce15d9f41233dcd7__a1.json,secondary,2026-09-24T01:12:53.911+00:00,200,,True,186.5,gen-dec-1790212373-6ZgIGBla1F8hKe8Npk2Q,typesafe/jev-1.13-20260917,TypeSafe,1219,100,5.1198e-05,0.68,ACCELERATED,0.55,2.66,0.67,0.0,0.11,0.64,0.16,0.09,0.0,0.01,0.34,0.62,0.03
sca-f15388f2f1ce35cb393a442a,1,sca-f15388f2f1ce35cb393a442a__a1.json,secondary,2026-09-24T01:10:10.049+00:00,200,,True,337.2,gen-dec-1790212210-7mjgaIEOKkIRIOfAfjHK,typesafe/jev-1.13-20260917,TypeSafe,1243,98,5.2206e-05,0.63,DEFER,0.51,2.12,0.75,0.61,0.07,0.14,0.01,0.17,0.01,0.07,0.73,0.17,0.02
sca-f22e85f7e01920062cfe5b05,1,sca-f22e85f7e01920062cfe5b05__a1.json,sca_main,2026-09-24T01:05:24.803+00:00,200,,True,245.9,gen-dec-1790211924-vI7hIdW2Nv5e0rtMmpVe,typesafe/jev-1.13-20260917,TypeSafe,1242,98,5.2164e-05,0.31,DEFER,0.54,1.58,0.6,0.63,0.17,0.03,0.0,0.17,0.03,0.4,0.54,0.03,0.0
sca-f266d012a73a72aa9258a046,1,sca-f266d012a73a72aa9258a046__a1.json,secondary,2026-09-24T01:11:16.175+00:00,200,,True,226.7,gen-dec-1790212276-aEioecNdPcSaLjd7EOAT,typesafe/jev-1.13-20260917,TypeSafe,1220,100,5.124e-05,0.74,EMERGENCY,0.45,3.19,0.5,0.0,0.02,0.36,0.5700000000000001,0.05,0.0,0.02,0.16,0.43,0.39
sca-f2a91f4c48c03172a9b57e39,1,sca-f2a91f4c48c03172a9b57e39__a1.json,secondary,2026-09-24T01:09:23.754+00:00,200,,True,172.8,gen-dec-1790212163-uwMs3LxhyGm5EisguRKO,typesafe/jev-1.13-20260917,TypeSafe,1227,98,5.1534e-05,0.81,DEFER,0.46,2.9,0.2,0.57,0.02,0.14,0.05,0.22,0.01,0.01,0.39,0.25,0.34
sca-f380b1b81d5dd33d9a7b1a6c,1,sca-f380b1b81d5dd33d9a7b1a6c__a1.json,sca_main,2026-09-24T01:05:40.070+00:00,200,,True,184.4,gen-dec-1790211940-4AhAiiOTd45qjE6iYpyz,typesafe/jev-1.13-20260917,TypeSafe,1227,99,5.1534e-05,0.22,STANDARD,0.7,1.27,0.76,0.05,0.77,0.01,0.0,0.17,0.01,0.72,0.26,0.01,0.0
sca-f4224812812d7dde43380af4,1,sca-f4224812812d7dde43380af4__a1.json,secondary,2026-09-24T01:08:08.333+00:00,200,,True,166.5,gen-dec-1790212088-I3PAEp72gOpYZ05WjUPK,typesafe/jev-1.13-20260917,TypeSafe,1233,98,5.1786e-05,0.26,DEFER,0.58,0.92,0.63,0.66,0.12,0.04,0.0,0.18,0.26,0.57,0.16,0.01,0.0
sca-f57826b71c59df548a7e645f,1,sca-f57826b71c59df548a7e645f__a1.json,secondary,2026-09-24T01:07:24.762+00:00,200,,True,235.6,gen-dec-1790212044-NXpB7mBAvxK8EtGUS1Cz,typesafe/jev-1.13-20260917,TypeSafe,1230,99,5.166e-05,0.4,STANDARD,0.75,1.59,0.59,0.03,0.8,0.11,0.0,0.06,0.01,0.44,0.51,0.04,0.0
sca-f5cee45fcf4731955b52d86a,1,sca-f5cee45fcf4731955b52d86a__a1.json,secondary,2026-09-24T01:12:04.969+00:00,200,,True,165.4,gen-dec-1790212324-uoOTY6hE6kpr7MkIe9T0,typesafe/jev-1.13-20260917,TypeSafe,1235,98,5.187e-05,0.66,DEFER,0.48,2.51,0.5,0.58,0.03,0.15,0.03,0.21,0.0,0.04,0.51,0.35,0.1
sca-f5d2dddef13187aad6252515,1,sca-f5d2dddef13187aad6252515__a1.json,secondary,2026-09-24T01:10:05.122+00:00,200,,True,205.1,gen-dec-1790212205-peeCgYAgQzFQaqXWrrQC,typesafe/jev-1.13-20260917,TypeSafe,1234,98,5.1828e-05,0.12,DEFER,0.91,0.48,0.6,0.93,0.02,0.0,0.0,0.05,0.53,0.46,0.01,0.0,0.0
sca-f6925cbbdc92c900cb197f72,1,sca-f6925cbbdc92c900cb197f72__a1.json,secondary,2026-09-24T01:10:27.728+00:00,200,,True,216.9,gen-dec-1790212227-sn3B2zzcSwyGltQdqyG5,typesafe/jev-1.13-20260917,TypeSafe,1254,100,5.2668e-05,0.87,EMERGENCY,0.71,3.72,0.77,0.01,0.02,0.16,0.76,0.05,0.0,0.01,0.05,0.14,0.8
sca-f6a24970bc9e8d47782ce708,1,sca-f6a24970bc9e8d47782ce708__a1.json,sca_main,2026-09-24T01:04:52.748+00:00,200,,True,248.2,gen-dec-1790211892-uaycMFpMwlIhRnPf3VNU,typesafe/jev-1.13-20260917,TypeSafe,1232,100,5.1744e-05,0.81,EMERGENCY,0.47,3.42,0.52,0.0,0.01,0.4,0.57,0.02,0.0,0.0,0.06,0.46,0.48
sca-f73b2fff2dcfd181e9022b3c,1,sca-f73b2fff2dcfd181e9022b3c__a1.json,secondary,2026-09-24T01:07:38.347+00:00,200,,True,246.6,gen-dec-1790212058-J53Gn6sApVBsWnarfv1O,typesafe/jev-1.13-20260917,TypeSafe,1231,98,5.1702e-05,0.29,DEFER,0.54,0.98,0.65,0.64,0.03,0.01,0.0,0.32,0.22,0.6,0.16,0.02,0.0
sca-f87cb28189582390198bc1d7,1,sca-f87cb28189582390198bc1d7__a1.json,secondary,2026-09-24T01:07:11.002+00:00,200,,True,263.3,gen-dec-1790212031-eXn02z5rgClSNC9ndsuC,typesafe/jev-1.13-20260917,TypeSafe,1237,98,5.1954e-05,0.28,REVIEW,0.81,1.9,0.72,0.12,0.03,0.01,0.0,0.84,0.01,0.2,0.68,0.11,0.0
sca-f9b1bbf21b450c935213d022,1,sca-f9b1bbf21b450c935213d022__a1.json,secondary,2026-09-24T01:09:47.009+00:00,200,,True,246.3,gen-dec-1790212187-C5r3msfYN0qdGZrgodHb,typesafe/jev-1.13-20260917,TypeSafe,1232,99,5.1744e-05,0.3,STANDARD,0.44,1.51,0.58,0.04,0.55,0.07,0.0,0.34,0.01,0.48,0.51,0.0,0.0
sca-f9c61f957ccafa9386c32048,1,sca-f9c61f957ccafa9386c32048__a1.json,secondary,2026-09-24T01:10:45.313+00:00,200,,True,249.2,gen-dec-1790212245-tjsA97erF4bWk2LK88xF,typesafe/jev-1.13-20260917,TypeSafe,1230,100,5.166e-05,0.74,ACCELERATED,0.58,2.43,0.45,0.01,0.17,0.66,0.1,0.06,0.0,0.08,0.43,0.44,0.05
sca-fa918a0fd96b0d4eb8512ec4,1,sca-fa918a0fd96b0d4eb8512ec4__a1.json,secondary,2026-09-24T01:08:30.639+00:00,200,,True,198.0,gen-dec-1790212110-zqC2IdjuIvPQM2n8GdAr,typesafe/jev-1.13-20260917,TypeSafe,1219,100,5.1198e-05,0.72,ACCELERATED,0.76,3.26,0.77,0.0,0.01,0.81,0.18,0.0,0.0,0.0,0.01,0.72,0.27
sca-fae7507b657444ba46100731,1,sca-fae7507b657444ba46100731__a1.json,sca_main,2026-09-24T01:05:11.585+00:00,200,,True,229.4,gen-dec-1790211911-DLi9Ny8CMdDf7i4d3MBw,typesafe/jev-1.13-20260917,TypeSafe,1237,100,5.1954e-05,0.77,ACCELERATED,0.77,2.54,0.61,0.0,0.09,0.82,0.07,0.02,0.0,0.01,0.44,0.55,0.0
sca-fb55417afd12d991a651c8f0,1,sca-fb55417afd12d991a651c8f0__a1.json,secondary,2026-09-24T01:11:09.172+00:00,200,,True,249.7,gen-dec-1790212269-oZ3bn3ZXy6E4z3rYJugf,typesafe/jev-1.13-20260917,TypeSafe,1129,98,4.7418e-05,0.13,DEFER,0.8,0.36,0.7,0.84,0.08,0.01,0.0,0.07,0.7,0.25,0.05,0.0,0.0
sca-fd924fee0518cc7b30f29d78,1,sca-fd924fee0518cc7b30f29d78__a1.json,secondary,2026-09-24T01:10:16.321+00:00,200,,True,216.1,gen-dec-1790212216-P5eqJlHFQQLRQe3sZDzg,typesafe/jev-1.13-20260917,TypeSafe,1232,100,5.1744e-05,0.56,ACCELERATED,0.53,2.78,0.59,0.01,0.08,0.62,0.21,0.08,0.0,0.02,0.32,0.52,0.14
sca-fdadeb7ffbe5a355d95238b6,1,sca-fdadeb7ffbe5a355d95238b6__a1.json,secondary,2026-09-24T01:09:40.220+00:00,200,,True,168.0,gen-dec-1790212180-lq8JLfOCljZtAnfnK2CI,typesafe/jev-1.13-20260917,TypeSafe,1222,98,5.1324e-05,0.33,DEFER,0.46,2.13,0.76,0.57,0.19,0.06,0.0,0.18,0.01,0.07,0.72,0.19,0.01
sca-fe64c9af887d93a7950faca5,1,sca-fe64c9af887d93a7950faca5__a1.json,sca_main,2026-09-24T01:05:04.843+00:00,200,,True,160.0,gen-dec-1790211904-l7o47zsSckbzo7lYczRc,typesafe/jev-1.13-20260917,TypeSafe,1227,99,5.1534e-05,0.14,STANDARD,0.43,1.39,0.6,0.14,0.54,0.04,0.0,0.28,0.05,0.56,0.36,0.03,0.0
sca-fe86c6097dbf7853840a0aa0-rep1,1,sca-fe86c6097dbf7853840a0aa0-rep1__a1.json,secondary,2026-09-24T01:11:09.772+00:00,200,,True,433.3,gen-dec-1790212269-tdbVmiLjkqoo1fSCQaMf,typesafe/jev-1.13-20260917,TypeSafe,1236,98,5.1912e-05,0.18,DEFER,0.8,0.5,0.58,0.84,0.02,0.01,0.0,0.13,0.55,0.41,0.04,0.0,0.0
sca-fe86c6097dbf7853840a0aa0-rep2,1,sca-fe86c6097dbf7853840a0aa0-rep2__a1.json,secondary,2026-09-24T01:07:54.519+00:00,200,,True,205.9,gen-dec-1790212074-s8cgVe2MUcFpWvQRuuRB,typesafe/jev-1.13-20260917,TypeSafe,1236,98,5.1912e-05,0.18,DEFER,0.78,0.52,0.57,0.82,0.03,0.01,0.0,0.14,0.54,0.41,0.05,0.0,0.0
sca-fe86c6097dbf7853840a0aa0-rep3,1,sca-fe86c6097dbf7853840a0aa0-rep3__a1.json,secondary,2026-09-24T01:12:02.062+00:00,200,,True,182.5,gen-dec-1790212322-rYWOoZPYgSwi6bJ2qvtY,typesafe/jev-1.13-20260917,TypeSafe,1236,98,5.1912e-05,0.17,DEFER,0.78,0.46,0.62,0.83,0.02,0.01,0.0,0.14,0.59,0.37,0.04,0.0,0.0
sca-fe86c6097dbf7853840a0aa0,1,sca-fe86c6097dbf7853840a0aa0__a1.json,sca_main,2026-09-24T01:05:15.713+00:00,200,,True,162.5,gen-dec-1790211915-dwli4bX3bNF52EWOlGXy,typesafe/jev-1.13-20260917,TypeSafe,1236,98,5.1912e-05,0.18,DEFER,0.77,0.48,0.6,0.82,0.02,0.01,0.0,0.15,0.57,0.39,0.04,0.0,0.0
sca-ffde47a7446d8d6fbb6b6e0d,1,sca-ffde47a7446d8d6fbb6b6e0d__a1.json,secondary,2026-09-24T01:12:37.838+00:00,200,,True,180.7,gen-dec-1790212357-jI5hxyhATyZTRPkAVwVL,typesafe/jev-1.13-20260917,TypeSafe,1134,100,4.7628e-05,0.64,ACCELERATED,0.6,2.33,0.56,0.03,0.2,0.68,0.04,0.05,0.0,0.09,0.5,0.39,0.02
